8320  1
    1      2     1     3    -1       -1   2778
    2      5     4     6    -1       -1   5218
    3      8     7     9    -1       -1   4438
    4     11    10    12    -1       -1  16061
    5     14    13    15    -1       -1   1268
    6     17    16    18    -1       -1    113
    7     20    19    21    -1       -1   9739
    8     23    22    24    -1       -1   2058
    9     26    25    27    -1       -1   2054
   10     29    28    30    -1       -1  18282
   11     32    31    33    -1       -1  18448
   12     35    34    36    -1       -1   9585
   13     38    37    39    -1       -1   9023
   14     41    40    42    -1       -1   3584
   15     44    43    45    -1       -1  10945
   16     47    46    48    -1       -1  18587
   17     50    49    51    -1       -1  16412
   18     53    52    54    -1       -1  17690
   19     56    55    57    -1       -1   4976
   20     59    58    60    -1       -1   7255
   21     62    61    63    -1       -1   4571
   22     65    64    66    -1       -1   8699
   23     68    67    69    -1       -1  11507
   24     71    70    72    -1       -1   9769
   25     74    73    17    -1       -1   3519
   26     76    75    77    -1       -1  18069
   27     79    78    80    -1       -1    569
   28     82    81    83    -1       -1  16336
   29     85    84    86    -1       -1   1591
   30     88    87    89    -1       -1  13391
   31     91    90    92    -1       -1   2962
   32     94    93    95    -1       -1  18177
   33     97    96    98    -1       -1  21275
   34    100    99   101    -1       -1  12277
   35    103   102   104    -1       -1  18524
   36    106   105   107    -1       -1  17328
   37    109   108   110    -1       -1   5590
   38    112   111   113    -1       -1   5799
   39    115   114   116    -1       -1   5422
   40    118   117   119    -1       -1  14688
   41    121   120   122    -1       -1   3080
   42    124   123   125    -1       -1   3907
   43    127   126   128    -1       -1    558
   44    130   129   131    -1       -1  15549
   45    133   132   134    -1       -1  17360
   46    136   135   137    -1       -1  14589
   47    139   138   140    -1       -1   2980
   48    142   141   143    -1       -1  14555
   49    145   144   146    -1       -1   8476
   50    147   124   148    -1       -1  10051
   51    150   149   151    -1       -1    549
   52    153   152   154    -1       -1  21573
   53     32   155   156    -1       -1  20029
   54    158   157   159    -1       -1   3650
   55    161   160   162    -1       -1    895
   56    164   163   165    -1       -1  22941
   57    167   166   168    -1       -1  10351
   58    170   169   171    -1       -1   9550
   59    173   172   174    -1       -1  10495
   60    176   175   177    -1       -1  22564
   61    179   178   180    -1       -1   3144
   62    182   181   183    -1       -1    436
   63     77   184   185    -1       -1  19764
   64    187   186   188    -1       -1  10075
   65    190   189   156    -1       -1  20045
   66    192   191   193    -1       -1   9530
   67    195   194   196    -1       -1  15873
   68    198   197   199    -1       -1  10285
   69     91   200   201    -1       -1   2933
   70    203   202   204    -1       -1  10678
   71    206   205   207    -1       -1  22140
   72    209   208   210    -1       -1  20377
   73    212   211   213    -1       -1   5416
   74    215   214   216    -1       -1   9020
   75    218   217   219    -1       -1   5945
   76    221   220   222    -1       -1  13909
   77    224   223   225    -1       -1   4320
   78    227   226   228    -1       -1  12906
   79    230   229   231    -1       -1  19716
   80     22   232    24    -1       -1  11646
   81    170   233   234    -1       -1   9746
   82    236   235   237    -1       -1  20115
   83    239   238   240    -1       -1  14371
   84    242   241   243    -1       -1  15469
   85    245   244   246    -1       -1  20780
   86    248   247   249    -1       -1    238
   87    251   250   252    -1       -1  15736
   88    254   253   255    -1       -1   6529
   89    257   256   258    -1       -1  11860
   90    260   259   261    -1       -1  14665
   91    263   262   264    -1       -1   3109
   92    266   265   267    -1       -1  13201
   93     99   268   101    -1       -1  11930
   94    270   269   271    -1       -1  19396
   95    273   272   274    -1       -1   2638
   96    276   275   277    -1       -1  12722
   97    279   278   280    -1       -1   8332
   98    282   281   283    -1       -1   9609
   99    285   284   286    -1       -1   4626
  100    288   287   289    -1       -1  13942
  101    291   290   292    -1       -1    382
  102    294   293   295    -1       -1   5056
  103    297   296   298    -1       -1  18154
  104    300   299   301    -1       -1  19564
  105    303   302   304    -1       -1  14000
  106    306   305   307    -1       -1  20786
  107    309   308   310    -1       -1   2762
  108    312   311   313    -1       -1   2497
  109    315   314   316    -1       -1   4317
  110    318   317   319    -1       -1  12409
  111    321   320   322    -1       -1   3141
  112    324   323   325    -1       -1  15727
  113    327   326   328    -1       -1   9741
  114    329   142   330    -1       -1  15046
  115    332   331   333    -1       -1  10082
  116    335   334   336    -1       -1  10121
  117    338   337   339    -1       -1   3197
  118    341   340   342    -1       -1  18466
  119    344   343   345    -1       -1   5992
  120    346   325   347    -1       -1  15721
  121    281   348   283    -1       -1   9609
  122    350   349   351    -1       -1  13616
  123    353   352   354    -1       -1  12901
  124    356   355   357    -1       -1  11642
  125    241   358   243    -1       -1  16609
  126    360   359   361    -1       -1  21644
  127    363   362   364    -1       -1  11945
  128    366   365   198    -1       -1    244
  129    233   367   368    -1       -1   9851
  130    370   369   371    -1       -1  15348
  131    373   372   374    -1       -1  18368
  132    376   375   377    -1       -1    408
  133    378   192   379    -1       -1   7699
  134    381   380   382    -1       -1  15413
  135    384   383   385    -1       -1  13986
  136    387   386   388    -1       -1   2329
  137    390   389   391    -1       -1   2944
  138    393   392   394    -1       -1   7915
  139     27   395   396    -1       -1   1937
  140    398   397   399    -1       -1  14724
  141    170   367   233    -1       -1   9746
  142    401   400   402    -1       -1  10785
  143    133   134   403    -1       -1  15596
  144    405   404   406    -1       -1  19151
  145    408   407   409    -1       -1   1097
  146    411   410   412    -1       -1   4741
  147    414   413   415    -1       -1    950
  148    417   416   418    -1       -1   7818
  149    420   419   421    -1       -1   3765
  150    423   422   156    -1       -1  16963
  151    425   424   426    -1       -1   3662
  152    427   317   428    -1       -1  12520
  153    430   429   431    -1       -1  16371
  154    429   432   431    -1       -1  15037
  155    433   419   420    -1       -1   3857
  156    435   434   436    -1       -1  20309
  157    438   437   439    -1       -1  22370
  158    441   440   442    -1       -1   3338
  159    444   443   445    -1       -1  21106
  160    447   446   448    -1       -1   8359
  161    450   449   451    -1       -1  21256
  162    453   452   454    -1       -1  13156
  163    456   455   167    -1       -1   4290
  164    458   457   459    -1       -1  12779
  165    461   460   462    -1       -1  15463
  166    464   463   465    -1       -1   3878
  167    467   466   468    -1       -1  12239
  168    469   438   439    -1       -1  22125
  169    471   470   472    -1       -1  18961
  170    474   473   475    -1       -1  18958
  171    477   476   478    -1       -1   6814
  172    480   479   481    -1       -1   9381
  173    483   482   484    -1       -1   3673
  174    486   485   487    -1       -1  12998
  175    489   488   490    -1       -1  15902
  176    492   491   493    -1       -1   3435
  177    154   494   495    -1       -1  13949
  178    497   496   498    -1       -1  13287
  179    500   499   501    -1       -1  20527
  180     99   502   503    -1       -1  11978
  181    505   504   506    -1       -1   8231
  182    508   507   509    -1       -1   3389
  183    511   510   512    -1       -1  11694
  184    386   513   514    -1       -1   2373
  185    516   515   517    -1       -1  11649
  186    203   518   519    -1       -1   2884
  187    521   520   522    -1       -1  19405
  188    524   523   525    -1       -1    709
  189    527   526   528    -1       -1  22175
  190    529    74   530    -1       -1    122
  191    532   531   533    -1       -1   8317
  192    535   534   536    -1       -1   1953
  193    389   537   538    -1       -1   3743
  194    540   539   541    -1       -1  16704
  195    543   542   544    -1       -1  15761
  196    546   545   547    -1       -1   3897
  197    549   548   550    -1       -1   4397
  198    526   551   552    -1       -1  22425
  199    554   553   555    -1       -1  18605
  200    557   556    12    -1       -1  16026
  201    150   151   558    -1       -1    549
  202    560   559   561    -1       -1  20802
  203    563   562   564    -1       -1   7361
  204    566   565   567    -1       -1   5045
  205    569   568   570    -1       -1   7357
  206     52   571   572    -1       -1  20068
  207    574   573    58    -1       -1    486
  208     52   575   576    -1       -1  20127
  209    124   577   148    -1       -1   3980
  210    147   578   579    -1       -1  10595
  211    581   580   582    -1       -1   3443
  212    306   583   584    -1       -1  20801
  213    586   585   559    -1       -1  20938
  214    588   587    40    -1       -1  11348
  215    590   589   591    -1       -1  20405
  216    112   592   593    -1       -1   5773
  217    595   594   596    -1       -1   4172
  218    598   597   599    -1       -1   4448
  219    601   600   602    -1       -1   3527
  220    604   603   605    -1       -1  14604
  221    607   606   179    -1       -1   5262
  222    609   608   610    -1       -1   5452
  223    612   611   613    -1       -1  13076
  224    214   215   614    -1       -1    655
  225    615    46    47    -1       -1  20381
  226    578   616   168    -1       -1  10427
  227    192   378   617    -1       -1   9373
  228    619   618   620    -1       -1   7422
  229    622   621   623    -1       -1    817
  230    625   624   626    -1       -1  12166
  231    628   627   629    -1       -1   4194
  232    189    32   156    -1       -1  18444
  233    631   630   632    -1       -1  14791
  234    634   633   635    -1       -1   9453
  235    637   636   638    -1       -1  12312
  236    640   639   641    -1       -1  10795
  237    302   642   643    -1       -1  14057
  238    644     2   645    -1       -1   2812
  239    647   646   648    -1       -1  18168
  240    492   581   649    -1       -1   3438
  241    651   650   652    -1       -1   1685
  242    654   653   655    -1       -1   5390
  243    657   656   658    -1       -1  20827
  244    660   659   661    -1       -1   4036
  245    489   662   663    -1       -1  12614
  246    665   664   666    -1       -1  14216
  247    668   667   669    -1       -1    679
  248    671   670   672    -1       -1   6309
  249    674   673   675    -1       -1  21199
  250    677   676   678    -1       -1  22148
  251    679   363   680    -1       -1  13331
  252    681   103   342    -1       -1  18279
  253    682    90   201    -1       -1   2923
  254    684   683   685    -1       -1   1773
  255    687   686   688    -1       -1  11148
  256    690   689   691    -1       -1   2261
  257    693   692   694    -1       -1   6324
  258    696   695   697    -1       -1  13533
  259    699   698   700    -1       -1   6722
  260    702   701   703    -1       -1  22122
  261    705   704   706    -1       -1   4760
  262    708   707   709    -1       -1  13134
  263    711   710   712    -1       -1  17261
  264    714   713   715    -1       -1   6226
  265    717   716   718    -1       -1  13725
  266    543   719   720    -1       -1    561
  267    722   721   337    -1       -1   7335
  268    724   723   725    -1       -1    250
  269    727   726   728    -1       -1   7478
  270    332   729   730    -1       -1    601
  271    732   731   733    -1       -1   4688
  272    734   724   725    -1       -1     60
  273    736   735   737    -1       -1   1946
  274    738   240   739    -1       -1  14369
  275    741   740   742    -1       -1   8192
  276    744   743   745    -1       -1  15629
  277    747   746   748    -1       -1  15347
  278    750   749   751    -1       -1   2749
  279    594   752   753    -1       -1   4025
  280    755   754   756    -1       -1  13246
  281    758   757   759    -1       -1  10222
  282    414   415   760    -1       -1    950
  283    762   761   763    -1       -1  17384
  284    765   764   766    -1       -1  11799
  285    768   767   466    -1       -1  10564
  286    770   769   771    -1       -1  19777
  287    773   772   774    -1       -1  19742
  288    776   775   104    -1       -1  18604
  289    778   777   779    -1       -1  20271
  290    278   279   780    -1       -1   5880
  291    782   781   783    -1       -1  18668
  292    269   784   785    -1       -1  21085
  293    515   641   517    -1       -1  12232
  294    787   786   788    -1       -1   6059
  295    790   789   791    -1       -1  15372
  296    598   792   793    -1       -1   3039
  297    338   339   794    -1       -1   3886
  298    796   795   797    -1       -1  13009
  299    799   798   800    -1       -1  18948
  300    802   801   794    -1       -1    520
  301    804   803   805    -1       -1   2343
  302    798   806   800    -1       -1  18948
  303    808   807   809    -1       -1  22071
  304    811   810   812    -1       -1    908
  305    140   138   813    -1       -1   3154
  306    815   814   816    -1       -1  14765
  307    499   817   501    -1       -1  20527
  308    819   818   604    -1       -1  14575
  309    821   820   822    -1       -1   4102
  310    823     7   824    -1       -1   3143
  311    826   825   827    -1       -1    372
  312    829   828   830    -1       -1   9772
  313    832   831   833    -1       -1  21507
  314    835   834   751    -1       -1  19901
  315    837   836   838    -1       -1  21043
  316    840   839   841    -1       -1   3938
  317    843   842   844    -1       -1  22299
  318     37   845   846    -1       -1   9040
  319    848   847   849    -1       -1   2067
  320    851   850   852    -1       -1  18603
  321    854   853   855    -1       -1  16134
  322    857   856   858    -1       -1  18907
  323    860   859   861    -1       -1   2881
  324    862    70   863    -1       -1  10387
  325    865   864   866    -1       -1   6414
  326    585   867   561    -1       -1  20385
  327    120    90   868    -1       -1   3083
  328    870   869   871    -1       -1  19553
  329    873   872   874    -1       -1   4632
  330    876   875   877    -1       -1  17594
  331    879   878   880    -1       -1   6287
  332    882   881   883    -1       -1   3077
  333    885   884   886    -1       -1  14560
  334    888   887   736    -1       -1   2406
  335    889   848   890    -1       -1  13766
  336    343   891   345    -1       -1    565
  337    893   892   894    -1       -1  22096
  338    358   895   896    -1       -1  15377
  339    269   897   898    -1       -1  21086
  340    290   899   900    -1       -1   4002
  341    902   901   903    -1       -1  17013
  342    673   495   904    -1       -1  21101
  343    906   905   907    -1       -1   7601
  344    909   908   910    -1       -1    248
  345    911   403   912    -1       -1   1497
  346    913   707   399    -1       -1  14600
  347    914   405   406    -1       -1  18939
  348    653   915   655    -1       -1   5395
  349    916   637   638    -1       -1  12312
  350    918   917   919    -1       -1  23069
  351    921   920   922    -1       -1  10830
  352    924   923   925    -1       -1   3392
  353    926   922   927    -1       -1  12299
  354    929   928   930    -1       -1   3347
  355    931   823   629    -1       -1   4468
  356    515   516   932    -1       -1  12410
  357    400   933   926    -1       -1  10742
  358    935   934   936    -1       -1  11787
  359    938   937   939    -1       -1  20791
  360    474   475   940    -1       -1  18986
  361    942   941   943    -1       -1      5
  362    945   944   946    -1       -1   9593
  363    948   947   949    -1       -1  12813
  364    580   492   493    -1       -1   3435
  365    951   950   786    -1       -1   5330
  366    191   768   193    -1       -1   9530
  367    953   952   954    -1       -1   7681
  368    956   955   957    -1       -1   5778
  369    959   958   956    -1       -1   4730
  370    225   223   960    -1       -1   4320
  371    962   961   963    -1       -1   5832
  372    964   731   965    -1       -1   7134
  373    967   966   968    -1       -1  16252
  374    970   969   971    -1       -1  13913
  375    973   972   974    -1       -1    484
  376    976   975   361    -1       -1  21738
  377    978   977   979    -1       -1  15635
  378    975   360   361    -1       -1  21736
  379    981   980   982    -1       -1    278
  380    126   983   128    -1       -1    558
  381    984   181   182    -1       -1    436
  382    986   985   987    -1       -1  11993
  383    938   988   989    -1       -1  23007
  384    990   887   991    -1       -1   2699
  385    993   992   994    -1       -1  13816
  386    426   424   995    -1       -1    889
  387    997   996   998    -1       -1  15703
  388   1000   999  1001    -1       -1  11359
  389   1002   789  1003    -1       -1  16338
  390   1005  1004  1006    -1       -1  15915
  391   1008  1007  1009    -1       -1   8660
  392   1010   175  1011    -1       -1  22655
  393   1013  1012   480    -1       -1   9454
  394   1015  1014  1016    -1       -1  18042
  395   1018  1017  1019    -1       -1   1884
  396   1021  1020  1022    -1       -1  13236
  397   1024  1023   739    -1       -1  12705
  398    972   973  1025    -1       -1    484
  399   1027  1026  1028    -1       -1     12
  400   1030  1029  1031    -1       -1  10834
  401   1033  1032  1034    -1       -1  10259
  402   1036  1035  1037    -1       -1   1897
  403   1039  1038   520    -1       -1  19668
  404   1040   158   159    -1       -1   3650
  405    258  1041  1042    -1       -1  11861
  406    882  1043  1044    -1       -1   4942
  407   1046  1045  1047    -1       -1  16285
  408   1049  1048  1050    -1       -1  12866
  409   1052  1051  1053    -1       -1  12643
  410   1055  1054  1056    -1       -1  19829
  411   1057   983  1058    -1       -1  22238
  412   1060  1059  1061    -1       -1  18175
  413    205  1062  1063    -1       -1   1652
  414   1065  1064  1066    -1       -1   1968
  415   1068  1067  1069    -1       -1  13208
  416    464   465  1070    -1       -1   3878
  417    616   456   167    -1       -1   4290
  418   1071   273   274    -1       -1   2409
  419   1072    10    11    -1       -1  15481
  420   1073  1066  1074    -1       -1   1833
  421   1076  1075  1077    -1       -1  13887
  422    853  1078   855    -1       -1  15191
  423   1080  1079  1081    -1       -1   6531
  424   1083  1082  1084    -1       -1  15627
  425   1086  1085  1087    -1       -1  15655
  426   1089  1088  1090    -1       -1   1514
  427   1091   565  1092    -1       -1   5030
  428    949  1093   354    -1       -1  12933
  429   1095  1094  1096    -1       -1    266
  430   1098  1097  1099    -1       -1  18114
  431   1101  1100  1102    -1       -1   4941
  432   1004  1103  1006    -1       -1   8124
  433   1105  1104  1106    -1       -1    201
  434   1108  1107  1109    -1       -1  16107
  435   1111  1110  1112    -1       -1  16613
  436   1114  1113  1115    -1       -1   1494
  437   1117  1116   562    -1       -1   7292
  438   1119  1118  1120    -1       -1  15831
  439   1122  1121  1123    -1       -1   8215
  440   1125  1124  1126    -1       -1   5592
  441    235  1127  1128    -1       -1   5115
  442   1038  1039   572    -1       -1  19679
  443    683   684  1129    -1       -1  21895
  444    359  1130  1131    -1       -1  18325
  445    563  1132  1133    -1       -1   4108
  446   1135  1134   173    -1       -1  10300
  447   1137  1136  1138    -1       -1   8408
  448   1140  1139  1141    -1       -1   4306
  449    455   456  1135    -1       -1  10355
  450   1143  1142   694    -1       -1   6289
  451    389   390  1144    -1       -1   2944
  452   1145   592   113    -1       -1   5781
  453   1147  1146  1148    -1       -1   1142
  454   1150  1149   982    -1       -1   2959
  455   1135   456  1151    -1       -1   1890
  456   1153  1152  1154    -1       -1   5129
  457   1156  1155  1157    -1       -1  22179
  458   1159  1158   992    -1       -1  21354
  459    708   709  1160    -1       -1  14609
  460   1161  1033  1034    -1       -1    900
  461    545   546   292    -1       -1   3894
  462   1163  1162  1164    -1       -1  11465
  463    698  1165  1166    -1       -1    553
  464   1168  1167  1169    -1       -1   4287
  465   1171  1170  1172    -1       -1    727
  466   1174  1173  1175    -1       -1   5884
  467   1177  1176   251    -1       -1  15954
  468   1179  1178  1180    -1       -1   8146
  469   1181    97  1182    -1       -1  20736
  470   1184  1183  1185    -1       -1  14790
  471    721   722   946    -1       -1   4020
  472   1187  1186  1188    -1       -1  19659
  473   1189   682   201    -1       -1   2923
  474    583   560   561    -1       -1  20802
  475    200    91  1190    -1       -1   3014
  476    366   198   199    -1       -1  10189
  477    200  1190  1191    -1       -1   3147
  478   1192   757  1193    -1       -1  10295
  479   1195  1194  1196    -1       -1   3597
  480   1198  1197  1199    -1       -1   5948
  481   1201  1200   537    -1       -1  11099
  482   1202  1173  1174    -1       -1   5862
  483    780   279  1203    -1       -1   5880
  484   1105   159  1204    -1       -1   3672
  485    810   811  1205    -1       -1    646
  486   1207  1206     4    -1       -1  19758
  487   1209  1208  1210    -1       -1   5668
  488   1212  1211  1213    -1       -1  18192
  489   1215  1214  1216    -1       -1  22278
  490   1217   597  1218    -1       -1   4433
  491   1220  1219   429    -1       -1  16284
  492   1222  1221  1223    -1       -1  14539
  493   1224    43  1225    -1       -1  11745
  494   1227  1226  1228    -1       -1  17962
  495   1211  1060   648    -1       -1  17872
  496   1230  1229  1231    -1       -1  13137
  497   1233  1232  1234    -1       -1   6657
  498   1236  1235  1237    -1       -1  12836
  499   1238   792   550    -1       -1   4171
  500    461  1239  1240    -1       -1  15411
  501   1237  1241  1242    -1       -1  12757
  502   1244  1243  1245    -1       -1  15056
  503   1247  1246  1245    -1       -1  15512
  504   1249  1248  1250    -1       -1  18969
  505   1252  1251  1253    -1       -1  22274
  506    175  1254  1255    -1       -1  22613
  507   1257  1256  1258    -1       -1   9283
  508    443  1259  1260    -1       -1  18037
  509   1262  1261  1263    -1       -1   7875
  510   1265  1264  1266    -1       -1   3424
  511    147  1267   578    -1       -1  10595
  512   1026  1268  1269    -1       -1  11849
  513   1270   516  1271    -1       -1   1055
  514   1272   427  1273    -1       -1  12174
  515    427  1274  1273    -1       -1  12174
  516   1276  1275  1277    -1       -1  10903
  517   1278  1051   160    -1       -1  12671
  518   1088  1279  1090    -1       -1  18854
  519   1280  1275  1281    -1       -1  10937
  520   1283  1282  1284    -1       -1   9457
  521   1073  1065  1066    -1       -1   1968
  522   1286  1285  1282    -1       -1  15796
  523   1288  1287  1289    -1       -1   5641
  524   1291  1290  1066    -1       -1  22688
  525    389  1144   537    -1       -1    899
  526    725   723  1292    -1       -1   2790
  527    902  1293   711    -1       -1   8142
  528   1294    88    89    -1       -1  14110
  529   1296  1295  1297    -1       -1   4816
  530   1299  1298  1300    -1       -1  17517
  531   1084  1298  1301    -1       -1  17596
  532   1303  1302  1304    -1       -1  21669
  533   1306  1305  1307    -1       -1  18044
  534   1309  1308  1310    -1       -1  22094
  535   1311  1209  1133    -1       -1   3945
  536   1312  1198  1199    -1       -1   5900
  537    163   937   165    -1       -1  13384
  538   1314  1313  1315    -1       -1  21404
  539    931   224   873    -1       -1   4598
  540   1142  1316   182    -1       -1   1340
  541   1318  1317   642    -1       -1  14282
  542   1320  1319  1321    -1       -1  13791
  543     96  1322  1323    -1       -1  21208
  544   1325  1324  1326    -1       -1  11514
  545   1328  1327  1329    -1       -1  22574
  546     30  1330  1331    -1       -1  18827
  547    778  1332  1333    -1       -1  20359
  548   1335  1334  1336    -1       -1   7013
  549   1338  1337  1339    -1       -1   8247
  550   1340  1178  1341    -1       -1   8389
  551   1343  1342  1048    -1       -1  12879
  552    449  1344  1345    -1       -1  21297
  553    153   450  1346    -1       -1  14669
  554   1348  1347  1349    -1       -1  13666
  555    450   154  1344    -1       -1  21605
  556   1252  1350  1351    -1       -1    283
  557    172  1352  1353    -1       -1  10464
  558   1355  1354   855    -1       -1   1186
  559   1357  1356  1358    -1       -1  15461
  560   1360  1359  1361    -1       -1  15343
  561   1363  1362  1364    -1       -1   1374
  562    548  1365   821    -1       -1   2391
  563    130   461   462    -1       -1  13028
  564   1327  1366  1329    -1       -1  22574
  565   1367   627  1368    -1       -1   3944
  566    188  1369   730    -1       -1   9601
  567   1370   993   994    -1       -1  13358
  568   1372  1371  1225    -1       -1  11774
  569   1374  1373  1375    -1       -1  10053
  570    505  1376  1377    -1       -1   9098
  571   1379  1378  1380    -1       -1   7551
  572    437  1381  1382    -1       -1  22553
  573   1383   740  1180    -1       -1   5891
  574   1385  1384  1249    -1       -1  19046
  575    664   665  1386    -1       -1  14235
  576   1388  1387  1389    -1       -1  18784
  577   1147   390  1146    -1       -1  11352
  578   1221  1222  1390    -1       -1  20897
  579   1232  1391  1234    -1       -1   6657
  580   1393  1392  1394    -1       -1  13821
  581   1395  1378  1396    -1       -1   7956
  582   1398  1397  1399    -1       -1  14136
  583    440   441  1400    -1       -1  21330
  584   1402  1401  1403    -1       -1   9500
  585   1075   969   970    -1       -1  13913
  586   1404   899   290    -1       -1   2345
  587   1406  1405  1407    -1       -1   3428
  588   1293   902  1408    -1       -1  17009
  589   1410  1409  1411    -1       -1  16924
  590   1413  1412  1414    -1       -1   6690
  591   1416  1415  1417    -1       -1   5082
  592    803  1418  1419    -1       -1   3487
  593   1420   913   399    -1       -1  13131
  594   1421  1214   889    -1       -1  13756
  595    133   911  1422    -1       -1  17454
  596   1110  1046  1112    -1       -1  16491
  597   1423   513  1424    -1       -1   1935
  598   1426  1425  1427    -1       -1  18026
  599   1429  1428  1430    -1       -1  22107
  600   1432  1431   672    -1       -1   1485
  601   1401  1433  1434    -1       -1    479
  602   1436  1435  1437    -1       -1  11703
  603   1438  1343  1439    -1       -1  12945
  604    640   515  1440    -1       -1  12318
  605   1442  1441  1443    -1       -1   4845
  606   1445  1444  1446    -1       -1  13617
  607    315   792   598    -1       -1   4175
  608    101  1447  1448    -1       -1  12242
  609   1450  1449   522    -1       -1  19669
  610   1452  1451  1453    -1       -1  10209
  611   1455  1454  1456    -1       -1   4687
  612    513   386  1424    -1       -1   2344
  613   1458  1457  1459    -1       -1  16467
  614   1460   499   500    -1       -1  20481
  615   1462  1461  1463    -1       -1    130
  616   1465  1464  1466    -1       -1  20260
  617    129  1467   131    -1       -1  15549
  618    670   671  1468    -1       -1  16946
  619   1470  1469  1471    -1       -1  15938
  620   1473  1472  1175    -1       -1   8344
  621   1475  1474  1476    -1       -1   5653
  622    392  1477   394    -1       -1    464
  623   1478   984  1316    -1       -1   6303
  624    651   652  1479    -1       -1   3375
  625   1480   527   528    -1       -1  22175
  626   1481   699   700    -1       -1   6893
  627    154   152   494    -1       -1  21561
  628   1251  1482   206    -1       -1  22250
  629    614  1483  1484    -1       -1   7328
  630   1485   239  1486    -1       -1  13278
  631    533   531  1487    -1       -1   8317
  632   1335    56    57    -1       -1   4976
  633   1187  1488  1489    -1       -1  18148
  634   1491  1490  1492    -1       -1  19377
  635   1494  1493  1495    -1       -1  14817
  636   1496  1494   244    -1       -1  23068
  637   1497   935  1386    -1       -1   1229
  638   1499  1498  1500    -1       -1  17855
  639   1501  1318   642    -1       -1  14282
  640   1503  1502  1504    -1       -1  22182
  641   1506  1505  1507    -1       -1  11313
  642   1509  1508  1510    -1       -1   9037
  643   1007  1511  1009    -1       -1   8660
  644   1513  1512  1514    -1       -1   9130
  645    413   414  1515    -1       -1  10446
  646   1051  1052   160    -1       -1  12597
  647   1517  1516  1518    -1       -1  13180
  648   1520  1519  1521    -1       -1  20792
  649   1523  1522  1524    -1       -1  17696
  650    331   332   730    -1       -1    601
  651   1525   711   712    -1       -1   1513
  652    704   705   225    -1       -1   4550
  653   1101  1526  1100    -1       -1   4905
  654   1528  1527  1529    -1       -1    574
  655   1531  1530  1532    -1       -1   1432
  656   1534  1533  1535    -1       -1  10423
  657   1537  1536  1538    -1       -1  14891
  658    937  1539   939    -1       -1  20793
  659   1541  1540  1542    -1       -1  20231
  660   1544  1543   301    -1       -1  19371
  661    553    32    33    -1       -1  18393
  662   1546  1545   980    -1       -1   3873
  663   1548  1547  1549    -1       -1   5750
  664   1551  1550  1552    -1       -1  12038
  665   1554  1553  1555    -1       -1   6016
  666   1557  1556  1336    -1       -1   7006
  667   1558   491  1559    -1       -1   1745
  668   1560   557  1561    -1       -1    482
  669   1563  1562  1564    -1       -1  11810
  670    560  1565  1185    -1       -1  20749
  671   1566  1046  1110    -1       -1  16254
  672   1568  1567  1569    -1       -1   8267
  673    575  1570  1571    -1       -1  20145
  674   1573  1572  1574    -1       -1  18946
  675     35  1575  1028    -1       -1  11658
  676   1576  1447   268    -1       -1  12222
  677    615  1130  1577    -1       -1  20637
  678   1578   701  1579    -1       -1  22138
  679   1173   973  1580    -1       -1   1519
  680    247  1581  1582    -1       -1   5263
  681   1583  1072  1584    -1       -1  15513
  682   1585   372   385    -1       -1   1721
  683      1     2  1586    -1       -1   2868
  684   1587  1084  1588    -1       -1  17414
  685   1083   875  1082    -1       -1  15627
  686   1590  1589  1591    -1       -1  15065
  687   1509  1376  1592    -1       -1   9102
  688   1593   828   525    -1       -1   7466
  689    129   130   462    -1       -1  13028
  690   1595  1594  1596    -1       -1  14314
  691   1597   457   458    -1       -1  12589
  692   1125   110  1598    -1       -1   5135
  693   1600  1599  1601    -1       -1  13611
  694   1602   401  1603    -1       -1  10752
  695   1605  1604  1606    -1       -1  19216
  696   1608  1607  1609    -1       -1  14553
  697   1611  1610  1612    -1       -1   1252
  698   1614  1613  1615    -1       -1  13995
  699   1039  1616   572    -1       -1  19679
  700   1618  1617  1619    -1       -1  11033
  701   1621  1620  1622    -1       -1  13567
  702      3  1623  1624    -1       -1   2791
  703   1626  1625  1627    -1       -1  10357
  704   1628   889   890    -1       -1  13766
  705   1630  1629   384    -1       -1  13946
  706   1631  1078  1632    -1       -1  16246
  707   1633  1630   384    -1       -1  13837
  708   1635  1634  1636    -1       -1   8484
  709   1031  1029  1637    -1       -1  10834
  710    100  1272  1273    -1       -1  10033
  711   1639  1638  1627    -1       -1  10306
  712    311  1640  1641    -1       -1   2518
  713   1643  1642  1115    -1       -1  17402
  714   1525  1644   901    -1       -1  16888
  715   1645  1477   392    -1       -1   7913
  716   1418  1646  1647    -1       -1   3675
  717   1078   853  1648    -1       -1  16265
  718   1650  1649  1651    -1       -1  11110
  719   1335  1556    56    -1       -1   7004
  720   1653  1652  1654    -1       -1   5386
  721   1655   232  1656    -1       -1  10831
  722   1082   875  1657    -1       -1  17164
  723   1379  1658  1659    -1       -1   7951
  724   1660   704  1661    -1       -1   4038
  725   1127  1662  1663    -1       -1  18832
  726    942  1664  1665    -1       -1   6395
  727   1667  1666  1668    -1       -1  13368
  728   1670  1669  1671    -1       -1   3061
  729   1673  1672  1674    -1       -1   7893
  730    529  1675   424    -1       -1  11043
  731   1048   496  1050    -1       -1  12866
  732   1677  1676   697    -1       -1  13465
  733   1678   842  1679    -1       -1   2133
  734   1410  1680  1408    -1       -1  14068
  735   1146   390  1681    -1       -1  11352
  736    915   344   345    -1       -1   5649
  737   1683  1682  1684    -1       -1  19087
  738   1686  1685  1687    -1       -1   2741
  739     29  1688  1689    -1       -1  19776
  740   1690  1149  1691    -1       -1   2914
  741   1693  1692  1694    -1       -1   2099
  742   1696  1695  1697    -1       -1   4929
  743    969  1322    97    -1       -1  21213
  744   1141  1698  1699    -1       -1    407
  745   1346   450   451    -1       -1  14669
  746   1701  1700  1702    -1       -1  12969
  747      1  1703   861    -1       -1   2937
  748    597   598   793    -1       -1   4448
  749   1705  1704  1706    -1       -1  16966
  750   1021  1707  1708    -1       -1  13255
  751   1583  1709  1710    -1       -1  16084
  752   1442  1527  1528    -1       -1    574
  753   1712  1711  1713    -1       -1  10871
  754    204   415  1714    -1       -1  10661
  755   1715  1355  1631    -1       -1   1321
  756   1134   172   173    -1       -1  10495
  757   1717  1716   859    -1       -1   2925
  758   1709  1583  1718    -1       -1  16198
  759   1719   273  1720    -1       -1   2632
  760   1722  1721  1723    -1       -1   1143
  761   1155  1724  1157    -1       -1  22198
  762   1461  1725  1726    -1       -1   5062
  763   1728  1727  1729    -1       -1   1762
  764   1731  1730  1732    -1       -1  16476
  765   1734  1733  1735    -1       -1  11413
  766   1737  1736  1738    -1       -1  20656
  767   1703   139   860    -1       -1    290
  768    686   687  1739    -1       -1  11138
  769   1144  1001  1201    -1       -1  11113
  770   1214  1421  1216    -1       -1  22278
  771   1741  1740  1742    -1       -1  18669
  772    669  1743  1744    -1       -1   9054
  773   1746  1745    49    -1       -1  15835
  774   1282  1283  1747    -1       -1   9457
  775   1749  1748  1389    -1       -1  18933
  776   1751  1750   806    -1       -1  19132
  777   1753  1752  1754    -1       -1  16693
  778   1756  1755  1757    -1       -1   5563
  779   1759  1758  1760    -1       -1  18934
  780    309  1761   375    -1       -1    301
  781   1763  1762   619    -1       -1   9591
  782   1764   717  1765    -1       -1  13727
  783   1767  1766  1768    -1       -1   4339
  784    207   205  1063    -1       -1   1652
  785      2   644  1586    -1       -1   2868
  786   1014  1015  1769    -1       -1  20247
  787   1770  1498   299    -1       -1  19392
  788    314   598   599    -1       -1   1078
  789    827    16    17    -1       -1    211
  790   1772  1771  1773    -1       -1   5428
  791    273  1719  1774    -1       -1   1734
  792   1776  1775  1777    -1       -1  17715
  793   1779  1778   217    -1       -1   5954
  794   1780   802  1781    -1       -1   7559
  795   1782   765   766    -1       -1  14048
  796    667  1783  1784    -1       -1    566
  797   1786  1785  1701    -1       -1  12825
  798   1249  1787  1248    -1       -1  18944
  799   1789  1788  1790    -1       -1   8940
  800   1792  1791   217    -1       -1   5380
  801    950  1793  1778    -1       -1   5414
  802    211  1794   213    -1       -1   5381
  803   1795  1712  1713    -1       -1   3623
  804   1796  1526  1101    -1       -1   1596
  805    578  1797   579    -1       -1   3918
  806   1144   390  1147    -1       -1  11388
  807   1799  1798  1800    -1       -1  21091
  808   1802  1801  1803    -1       -1  21065
  809    977   978  1804    -1       -1  17590
  810   1806  1805  1431    -1       -1    622
  811   1808  1807  1809    -1       -1  12707
  812   1811  1810  1812    -1       -1  15239
  813   1814  1813  1815    -1       -1   1707
  814   1350  1816  1817    -1       -1  22152
  815   1818   302   643    -1       -1  10940
  816   1820  1819    31    -1       -1  18452
  817   1822  1821  1746    -1       -1   8300
  818   1824  1823   596    -1       -1   4184
  819   1826  1825  1827    -1       -1  19429
  820   1750  1828   940    -1       -1   1516
  821   1829  1506  1507    -1       -1  11313
  822   1831  1830  1832    -1       -1   2289
  823   1834  1833  1835    -1       -1  16991
  824   1517  1836  1837    -1       -1  13562
  825   1839  1838  1437    -1       -1    989
  826    633  1012   635    -1       -1   9453
  827   1745  1840  1841    -1       -1  15709
  828   1840  1842  1841    -1       -1  15709
  829   1843   260  1770    -1       -1  19541
  830   1844   363  1845    -1       -1  13312
  831   1847  1846  1848    -1       -1  15091
  832   1229  1849   485    -1       -1  10746
  833   1846  1850  1848    -1       -1  15223
  834   1851  1451  1852    -1       -1    379
  835   1854  1853    11    -1       -1  16060
  836   1856  1855  1857    -1       -1  14801
  837    508   509  1858    -1       -1   1949
  838   1599  1859  1601    -1       -1  13665
  839   1860  1031  1861    -1       -1  11487
  840   1862  1861  1863    -1       -1  10833
  841   1797   578   168    -1       -1  10427
  842   1865  1864  1229    -1       -1  13089
  843   1866  1618   601    -1       -1  11217
  844   1867    50  1868    -1       -1  15884
  845   1870  1869  1871    -1       -1   8044
  846   1873  1872  1874    -1       -1  17721
  847   1875  1718   544    -1       -1  16215
  848   1877  1876  1878    -1       -1  17994
  849   1879  1570  1616    -1       -1  19799
  850   1560  1108  1109    -1       -1  16046
  851   1880   967   968    -1       -1  16103
  852   1881    80  1882    -1       -1   6443
  853   1884  1883  1885    -1       -1  21826
  854   1886  1251   206    -1       -1  22250
  855   1888  1887  1484    -1       -1   9401
  856    238  1786  1889    -1       -1  12838
  857    701  1890  1579    -1       -1  22116
  858   1892  1891  1893    -1       -1  11503
  859   1026    35  1028    -1       -1     12
  860   1214  1215  1894    -1       -1  22633
  861   1895   996   997    -1       -1  15785
  862   1896  1207  1897    -1       -1   1461
  863   1899  1898  1900    -1       -1   6728
  864   1901  1184  1185    -1       -1  14790
  865   1118  1753  1754    -1       -1  16138
  866   1903  1902  1904    -1       -1  13107
  867   1905  1254  1906    -1       -1   2165
  868    438  1381   437    -1       -1  22370
  869   1907  1005  1006    -1       -1  15915
  870   1909  1908  1910    -1       -1   8928
  871   1911  1493  1912    -1       -1  22997
  872   1914  1913   941    -1       -1   1388
  873    438   469  1915    -1       -1  22126
  874   1917  1916  1918    -1       -1  23089
  875   1919  1605  1920    -1       -1  19220
  876   1921   114  1922    -1       -1   4954
  877   1924  1923   772    -1       -1  19712
  878   1926  1925  1228    -1       -1  17353
  879   1928  1927  1468    -1       -1  17211
  880    752   594   314    -1       -1   4025
  881    448   446  1929    -1       -1   1554
  882    594   595   314    -1       -1   3882
  883   1625  1017  1930    -1       -1    957
  884   1365   548   549    -1       -1   2391
  885   1932  1931  1933    -1       -1  23032
  886   1935  1934  1936    -1       -1  10822
  887   1937    67    68    -1       -1  11507
  888   1939  1938  1940    -1       -1   8739
  889   1942  1941  1782    -1       -1  14050
  890   1943  1145  1944    -1       -1   5779
  891   1946  1945  1947    -1       -1   2758
  892   1682   404   405    -1       -1  18859
  893   1948  1312  1949    -1       -1   5835
  894    951  1653  1950    -1       -1   5400
  895   1951   223  1952    -1       -1   4166
  896   1892  1953   624    -1       -1  11565
  897   1954   699  1955    -1       -1   6880
  898   1956   281   478    -1       -1   9576
  899    354  1957  1958    -1       -1   1211
  900    945  1959  1960    -1       -1    808
  901   1962  1961  1963    -1       -1    719
  902    865  1964  1965    -1       -1   8131
  903    850   851  1966    -1       -1   1479
  904    867  1967   584    -1       -1  20874
  905   1969  1968  1970    -1       -1  19183
  906   1972  1971  1973    -1       -1   1790
  907   1511  1974  1909    -1       -1   9169
  908   1976  1975  1977    -1       -1   7732
  909    185  1978  1979    -1       -1   1605
  910   1981  1980  1982    -1       -1  16423
  911    892   893  1429    -1       -1  22096
  912   1984  1983  1985    -1       -1  17187
  913   1986   451  1987    -1       -1  21576
  914   1989  1988  1990    -1       -1  21470
  915   1991   338   794    -1       -1   3886
  916    209  1540  1992    -1       -1   5243
  917    937   938   165    -1       -1  20791
  918   1956   348   281    -1       -1   9696
  919   1441  1993  1994    -1       -1   4431
  920   1543  1995  1996    -1       -1  19632
  921    260  1997  1498    -1       -1  19508
  922   1999  1998  2000    -1       -1  11032
  923   1711  2001  1713    -1       -1    867
  924   2003  2002  2004    -1       -1  21933
  925   2006  2005  1635    -1       -1   7344
  926    711  1525   901    -1       -1   1513
  927   1725  2007  2008    -1       -1   5340
  928    872   705  2009    -1       -1   4514
  929   1431  1805  2010    -1       -1   6358
  930   2012  2011  2013    -1       -1   6724
  931   2015  2014  1815    -1       -1  13764
  932   2017  2016  2018    -1       -1   2660
  933   1187  1188  2019    -1       -1  18338
  934   2021  2020  2022    -1       -1  13998
  935   2023   911  2024    -1       -1  15667
  936   2026  2025  2027    -1       -1  21189
  937   2028  1745  1841    -1       -1   9224
  938    951   786   787    -1       -1   6066
  939   2030  2029  2031    -1       -1   8309
  940   2032  1602  1603    -1       -1  10799
  941   2034  2033  2035    -1       -1    204
  942   2037  2036  2038    -1       -1  15409
  943   2039  1631  1632    -1       -1  15389
  944   2040  1981  1458    -1       -1  15387
  945     53   236   237    -1       -1  20115
  946   2042  2041  2043    -1       -1  10003
  947   1752  2044  2045    -1       -1  16689
  948    365  2034  1453    -1       -1  10248
  949   2046   853  2047    -1       -1  16269
  950   2049  2048  2050    -1       -1  11406
  951   2051  1472  2052    -1       -1   8451
  952   1518  2053   454    -1       -1  10936
  953   2055  2054  2056    -1       -1   2158
  954   1711  1712  1042    -1       -1  10895
  955   1493   918  1912    -1       -1  23028
  956    822  1767  1768    -1       -1   4104
  957   2058  2057  2059    -1       -1  14909
  958   2061  2060   506    -1       -1    793
  959   2063  2062  1992    -1       -1  17946
  960   2064  1116  2065    -1       -1   7301
  961   2066   743  2067    -1       -1  15941
  962   2068   722  2069    -1       -1   7472
  963   2071  2070  1967    -1       -1  20784
  964   2072  1831  2073    -1       -1   1901
  965   2074  1207     4    -1       -1  19758
  966    455  1135   173    -1       -1  10355
  967   1642  1643  2075    -1       -1  17138
  968   1293   710   711    -1       -1   6428
  969   2077  2076  1947    -1       -1   1789
  970   1883  1884  2078    -1       -1  22195
  971   2080  2079  2081    -1       -1   5308
  972   1751  2082  1828    -1       -1  18987
  973    807   808  2083    -1       -1  22066
  974    808  1502  2083    -1       -1  22066
  975   1356  1357   369    -1       -1  15472
  976   2085  2084  2086    -1       -1   2251
  977    147   148  1267    -1       -1   7447
  978   1370  2087   482    -1       -1  21222
  979   2089  2088  1966    -1       -1  15778
  980    456   616  1267    -1       -1   4116
  981   2091  2090  2092    -1       -1  16323
  982   2094  2093   962    -1       -1   7081
  983    699  1165   698    -1       -1   6722
  984   1184  1901   631    -1       -1  14674
  985   2095  1830   535    -1       -1   1948
  986   2096  1202  1174    -1       -1   5862
  987   2097  1839  1435    -1       -1  10907
  988   2098   586  2099    -1       -1  14802
  989   2101  2100  2102    -1       -1  10223
  990   2104  2103  1124    -1       -1   5569
  991    877  2105  2106    -1       -1  15724
  992   1173  1202  2107    -1       -1  16426
  993   1248  1787  2108    -1       -1  18955
  994   1784  1783  2109    -1       -1    566
  995   1202  2096  2110    -1       -1    475
  996    391  2111    44    -1       -1   1050
  997   2113  2112  1971    -1       -1  22324
  998   2115  2114  2116    -1       -1    652
  999    948  1958  2117    -1       -1  10962
 1000   2119  2118  2120    -1       -1    155
 1001    279   280  2121    -1       -1   6325
 1002   2123  2122  2124    -1       -1  16511
 1003   2125   488   489    -1       -1  15889
 1004   1114  2126  1364    -1       -1  17346
 1005   1581   247  1670    -1       -1   5093
 1006   1861  1031  1637    -1       -1  10782
 1007   2127   895  1715    -1       -1  15324
 1008   2129  2128   737    -1       -1   2681
 1009    650   651  2130    -1       -1  21471
 1010    928  2131  2132    -1       -1  21759
 1011   1381   438  2133    -1       -1  12987
 1012   2135  2134  2136    -1       -1   2048
 1013   2138  2137  2139    -1       -1   6606
 1014   2141  2140  2117    -1       -1  12921
 1015   2142   476  2143    -1       -1   7512
 1016    446  2144  2145    -1       -1  16466
 1017   1086  2146  2147    -1       -1  17248
 1018   2149  2148  1129    -1       -1  21699
 1019   1618  1866  2150    -1       -1   6429
 1020   1270  2151   932    -1       -1  12414
 1021   1359  2039  1807    -1       -1   1408
 1022   1442  2152  1527    -1       -1   4819
 1023    502  2153  2154    -1       -1   9541
 1024   1644  1525  2155    -1       -1  16785
 1025   2156  1643  1115    -1       -1   1171
 1026   1087  2157  2146    -1       -1  17267
 1027   2159  2158   501    -1       -1  20598
 1028   1267   616   578    -1       -1   4116
 1029   2161  2160  2162    -1       -1  13390
 1030   2163   139  2164    -1       -1   1753
 1031   2166  2165  2167    -1       -1   8042
 1032   2168  1033  2169    -1       -1  11427
 1033   2171  2170  2172    -1       -1   8013
 1034   2173  1623     3    -1       -1   2773
 1035   2174    40  2175    -1       -1  11084
 1036   2177  2176  1835    -1       -1   5041
 1037   2179  2178  1163    -1       -1  11397
 1038   1070  2180  2181    -1       -1   4515
 1039   2183  2182  2184    -1       -1  17491
 1040   2185   747  2186    -1       -1  15541
 1041   2188  2187  2189    -1       -1  12651
 1042   2191  2190   409    -1       -1  14112
 1043   1075   970  2192    -1       -1   7665
 1044    716  2015  2193    -1       -1  11756
 1045   2195  2194  2196    -1       -1  12541
 1046   2197  1894  2198    -1       -1   3128
 1047   2096  1174  1203    -1       -1   8346
 1048    848  2197   847    -1       -1    783
 1049   2200  2199  2201    -1       -1  19321
 1050    296  2202  2203    -1       -1  20384
 1051   1607   658  2204    -1       -1  14846
 1052   2190   408   409    -1       -1   1097
 1053   1823  2205  2206    -1       -1   4016
 1054      1   861  2173    -1       -1     59
 1055   1643  2207  2075    -1       -1  17189
 1056   2209  2208  2210    -1       -1   4781
 1057   2211   166  2212    -1       -1   4035
 1058   2213  1669   880    -1       -1   5246
 1059   2214   879  1669    -1       -1   6232
 1060   2215  1478  2216    -1       -1   5271
 1061    391   389  2111    -1       -1   1050
 1062    799   800  1389    -1       -1  18915
 1063   1315  1313  2217    -1       -1  21404
 1064   2218  1560  1561    -1       -1    482
 1065     64  2219  2220    -1       -1   8683
 1066   2222  2221  2223    -1       -1  22363
 1067   2224  1610  1611    -1       -1   1252
 1068   2226  2225  2227    -1       -1  18666
 1069   1232  1233  2228    -1       -1   5070
 1070   2229   776   104    -1       -1  18306
 1071    279  2230  1203    -1       -1   8334
 1072     31    32   189    -1       -1  18444
 1073   1939  2231  2232    -1       -1   8834
 1074   2233  1020  1902    -1       -1  13168
 1075   1647  2234  2235    -1       -1   3694
 1076    906  1780  2236    -1       -1   7562
 1077   2005  2237  2238    -1       -1   8188
 1078   2040  1458  2239    -1       -1  18857
 1079   2241  2240  2242    -1       -1   7664
 1080    473   474  2243    -1       -1  18958
 1081   1682  1683   475    -1       -1  16322
 1082   1330  2244  1331    -1       -1  18827
 1083   2245  2120  1664    -1       -1   6379
 1084   2246  2011  2247    -1       -1   6706
 1085   2249  2248  2250    -1       -1  20416
 1086   2222  2251  2252    -1       -1   1862
 1087    831  2253   833    -1       -1  21921
 1088   2254  1167  2255    -1       -1   4274
 1089   1256  1257   481    -1       -1   7812
 1090    159   157  1204    -1       -1   3686
 1091    924    34  2256    -1       -1  12142
 1092    502   100  2153    -1       -1  12281
 1093   2258  2257   149    -1       -1   3599
 1094   1259   443  2259    -1       -1  18146
 1095   2261  2260   143    -1       -1  14580
 1096   1054  2262  2263    -1       -1  19847
 1097   2265  2264   883    -1       -1   3544
 1098   2266  2261  2267    -1       -1  14573
 1099    716  2268   718    -1       -1  13027
 1100    215  2269  2270    -1       -1   8994
 1101   2272  2271  2273    -1       -1   8872
 1102    121  2274  2275    -1       -1   2731
 1103    504  2276  2269    -1       -1   9096
 1104   2061   504  2269    -1       -1   9096
 1105   2277  1576   268    -1       -1  12238
 1106   1650  2278  2279    -1       -1  13218
 1107   1869  2280  1871    -1       -1   8048
 1108   2281  1067  2282    -1       -1  13535
 1109   2284  2283  2285    -1       -1  22471
 1110     70    71   863    -1       -1   9769
 1111    862   595    70    -1       -1    848
 1112   2286  2083  2287    -1       -1  22282
 1113   2289  2288  2290    -1       -1  21817
 1114   2291  1412  1409    -1       -1  18344
 1115   1014   871  2292    -1       -1  20143
 1116   2293   827    17    -1       -1   3432
 1117   2148  2149  2294    -1       -1  20701
 1118   1303  2295  2296    -1       -1   1446
 1119   2297  2011  2246    -1       -1   5042
 1120   2298  2050  2299    -1       -1    954
 1121   2300  2297  2246    -1       -1   5042
 1122   2301   892  2302    -1       -1   2462
 1123   2303   764  2304    -1       -1  11815
 1124   2305  1976   952    -1       -1   7676
 1125     45  2306  2307    -1       -1  14328
 1126   1639  2308  1638    -1       -1   2013
 1127   2306  2309  2310    -1       -1  14292
 1128   2311  1805  2312    -1       -1   6407
 1129   1683  2313   806    -1       -1  18889
 1130   1084  1082  1588    -1       -1  17414
 1131   2314  1288  2315    -1       -1   1537
 1132    349   350  2316    -1       -1  22773
 1133   2317  1587  1588    -1       -1   1694
 1134   2074  2318  2319    -1       -1  19709
 1135   1875   381  2320    -1       -1   8871
 1136   1436  2321  1435    -1       -1  11731
 1137   2322  1470   539    -1       -1  15961
 1138   2248  1856  2250    -1       -1  14118
 1139   1941  2323   228    -1       -1  14272
 1140    293  2324   295    -1       -1   5056
 1141   2325  1861  1637    -1       -1  11493
 1142   1613  2326  2327    -1       -1    337
 1143   2328  1809  1632    -1       -1  16274
 1144   2330  2329  2331    -1       -1   5946
 1145   2332   321   322    -1       -1   3141
 1146    854  2333  2334    -1       -1  16016
 1147   2335  1366  2336    -1       -1  22607
 1148   2337  2248  2338    -1       -1  17976
 1149   1818  2339   304    -1       -1  14080
 1150    259   914   261    -1       -1  19173
 1151   1997   260   261    -1       -1  14665
 1152    261   914   406    -1       -1  19509
 1153    924  2340    34    -1       -1  11698
 1154   1302  2341  1304    -1       -1   1750
 1155   2153   100  1273    -1       -1  11987
 1156   2342    28   769    -1       -1  19745
 1157   2344  2343  2073    -1       -1   1928
 1158   1497  2345   934    -1       -1   2032
 1159    142   329   141    -1       -1  15024
 1160   1131  1130  2346    -1       -1   1723
 1161    148   202  1151    -1       -1  10615
 1162   2347  1802  1803    -1       -1  21065
 1163   2349  2348  2350    -1       -1   4829
 1164   2351  2232  2352    -1       -1   8391
 1165   2353  2051  2354    -1       -1   8433
 1166   1452  2034  2035    -1       -1  10253
 1167    447  2355  2356    -1       -1  16414
 1168   2357   469  2358    -1       -1   2683
 1169    542  2359   381    -1       -1  15832
 1170   2123   447   448    -1       -1   8359
 1171   1613  1614  2360    -1       -1  13863
 1172   2362  2361  2363    -1       -1   2148
 1173   1189  2364  1292    -1       -1   3024
 1174   2366  2365  2367    -1       -1   4318
 1175    902   711   901    -1       -1  17013
 1176   1295  1727  1297    -1       -1   4281
 1177   2369  2368  2370    -1       -1  21300
 1178    865  2371   864    -1       -1   6426
 1179     94  2372  2373    -1       -1  18372
 1180   2374  1035  2375    -1       -1    194
 1181   1186  1187  1489    -1       -1  18148
 1182    343   787   788    -1       -1   6059
 1183   2376  1717  2377    -1       -1   2915
 1184   2379  2378   140    -1       -1    299
 1185   2381  2380   812    -1       -1  11890
 1186   1064  1291  1066    -1       -1   2044
 1187   1451  2049  2382    -1       -1  10163
 1188   2333   854  2383    -1       -1  16016
 1189   2385  2384  2073    -1       -1   2143
 1190   2386  1554  2387    -1       -1   6015
 1191    923   924  2388    -1       -1  12181
 1192      1  2173     3    -1       -1   2778
 1193    842   551   844    -1       -1   2127
 1194    277   275   739    -1       -1  12795
 1195   2390  2389  1414    -1       -1  17006
 1196   1875  1709  1718    -1       -1  16198
 1197   2391  1319  2392    -1       -1  16770
 1198   1320  2393  2394    -1       -1  18578
 1199   2395  2274  2396    -1       -1   3161
 1200   2300   567  1729    -1       -1   4958
 1201    321   825  2397    -1       -1   1151
 1202   2399  2398  2400    -1       -1  22157
 1203   2365   792  1238    -1       -1   4370
 1204   1002  1107  1108    -1       -1  16107
 1205    836  1801   838    -1       -1  21043
 1206    837  2401  2402    -1       -1  15332
 1207   2404  2403  2405    -1       -1  12691
 1208    314   315   598    -1       -1   4175
 1209    597   793  1218    -1       -1   4466
 1210   2406  1514   633    -1       -1   9092
 1211   1513  1009   479    -1       -1    746
 1212   2408  2407  1619    -1       -1  11219
 1213    969  1075  1322    -1       -1  11176
 1214   1076  1398  1323    -1       -1  13854
 1215   2410  2409  2164    -1       -1   2815
 1216   2198  2168  2169    -1       -1   2076
 1217   2412  2411  2413    -1       -1   9724
 1218   1396  2414  2415    -1       -1   6588
 1219   2417  2416  2418    -1       -1  20216
 1220    149   150   600    -1       -1   3543
 1221    677  2284   676    -1       -1  22148
 1222    393   394  2419    -1       -1   7353
 1223    282  1960   281    -1       -1   7922
 1224   2420  1928  2371    -1       -1  15705
 1225   2421   132   107    -1       -1  17359
 1226    558  2422  2423    -1       -1   3111
 1227   1604  2424  2425    -1       -1  19184
 1228   2274   121  2426    -1       -1   2628
 1229   2428  2427  2429    -1       -1  18658
 1230   2430  1838  1839    -1       -1  10986
 1231   2345  2431   797    -1       -1  12946
 1232   2141  2432  2433    -1       -1  12681
 1233   2431  1235   797    -1       -1  12946
 1234   2434  1564  2435    -1       -1  12966
 1235   2436  1332   778    -1       -1  19555
 1236   2345  1497  2431    -1       -1   2032
 1237   1635  2238  1634    -1       -1   8374
 1238   2437  1897  2438    -1       -1  19727
 1239   1897  2074  2319    -1       -1  19732
 1240   1439   796  2439    -1       -1  13037
 1241   2440  2043  2441    -1       -1   9691
 1242   2442  2042  2043    -1       -1  10165
 1243   2385   395  2384    -1       -1   2143
 1244   1577  2443  2444    -1       -1   1787
 1245    654  1475  1476    -1       -1   5532
 1246   2446  2445  2132    -1       -1  21466
 1247   2445  2446  2447    -1       -1  22158
 1248   2448  1385  2449    -1       -1  19436
 1249   1334  1335  1166    -1       -1    628
 1250    486  2450  2451    -1       -1  13108
 1251     80  2452  2453    -1       -1   7973
 1252    340    54   576    -1       -1  20022
 1253   1425  2454  2455    -1       -1  14556
 1254   1422   106   107    -1       -1  15662
 1255   2457  2456  2458    -1       -1   7248
 1256   2459   961  2460    -1       -1   5815
 1257    403  2461   912    -1       -1   1497
 1258   2463  2462  2464    -1       -1    837
 1259   1913  1964   865    -1       -1   8108
 1260   2466  2465  1519    -1       -1  22855
 1261   2276  2467  2468    -1       -1   9315
 1262   2470  2469  2471    -1       -1    575
 1263   1721   713  2472    -1       -1   8722
 1264   1668  1813  2473    -1       -1  13583
 1265   1485  1486  1594    -1       -1  12625
 1266   2474  1787  1025    -1       -1  16272
 1267   1196  2422  2475    -1       -1   3108
 1268   2477  2476   896    -1       -1  15408
 1269   1748   799  1389    -1       -1  18915
 1270   1825  2478  1827    -1       -1  18141
 1271   1550  2479  2480    -1       -1  11625
 1272     32   553   155    -1       -1  18393
 1273    321  1191   320    -1       -1   3160
 1274    240   238  1889    -1       -1  12830
 1275    658  1607  1608    -1       -1  20383
 1276    464  2481  2482    -1       -1   4504
 1277   2309  2323  2310    -1       -1  13762
 1278    308   309  2409    -1       -1   2694
 1279    309   375  2409    -1       -1     70
 1280   2347  2483   885    -1       -1  21052
 1281     47  2484  1153    -1       -1   1749
 1282    236    54   341    -1       -1  20094
 1283   2485  1895  2486    -1       -1  16777
 1284   1473  1580  2487    -1       -1   8340
 1285   1014  2159  1016    -1       -1  18042
 1286   2186  1239   461    -1       -1  15542
 1287   1854  2488  2489    -1       -1  16068
 1288   1179   740  2490    -1       -1    640
 1289   2492  2491  2490    -1       -1   5387
 1290   2494  2493  2495    -1       -1   7303
 1291   2496  2272  2273    -1       -1   8719
 1292   1526  1796  2348    -1       -1   4800
 1293   1209  2497  1133    -1       -1   3945
 1294    562  1116  2064    -1       -1   7301
 1295   2499  2498  2500    -1       -1    366
 1296   2501  2498  2499    -1       -1   8989
 1297   2502  2501  2499    -1       -1    747
 1298   2504  2503  2505    -1       -1  15993
 1299    784  2506   785    -1       -1  21085
 1300   2507  1219  2508    -1       -1  16384
 1301   2509   312   313    -1       -1   2497
 1302   2489  2503  2510    -1       -1  16049
 1303    242  2511  2503    -1       -1  15983
 1304   2388  2512  2513    -1       -1  12006
 1305   2514  1788  2515    -1       -1   8938
 1306    365   366  2034    -1       -1  10260
 1307    274   272  2516    -1       -1    416
 1308    275   276  2517    -1       -1  12722
 1309     46  2518  2519    -1       -1  18056
 1310   2521  2520  2226    -1       -1   1482
 1311   2522  1150  2523    -1       -1   2987
 1312   2524  1511  1909    -1       -1   9201
 1313   1369  2525  2413    -1       -1    135
 1314   2526   727   728    -1       -1  10188
 1315    920   921  2527    -1       -1  10060
 1316    531   532  1388    -1       -1  18858
 1317   2529  2528  1193    -1       -1   2071
 1318   2531  2530  2532    -1       -1   5003
 1319   1504   808  2533    -1       -1  22347
 1320    402  2534  2535    -1       -1  12392
 1321   2537  2536  2538    -1       -1   6647
 1322   2540  2539  2541    -1       -1  13847
 1323   2139  2542  1899    -1       -1   6646
 1324   1194  1195  2543    -1       -1   3580
 1325   2544  1645  2545    -1       -1   7906
 1326    119   117  2546    -1       -1   1435
 1327   1916  1932  1918    -1       -1  22821
 1328   1516  1517  2547    -1       -1  13176
 1329    860   139   140    -1       -1   2945
 1330    618   282   620    -1       -1   9624
 1331   2112  2131  2548    -1       -1  21928
 1332   2549  1541  2550    -1       -1  19627
 1333   2187  2188  2551    -1       -1   1247
 1334    513  1423  2552    -1       -1   1935
 1335   2554  2553   514    -1       -1   2422
 1336     26    27   396    -1       -1   2300
 1337   2555  1984  1407    -1       -1  17195
 1338   2556  2509  2557    -1       -1   2382
 1339   2559  2558  1986    -1       -1  21603
 1340   1071  2560  2561    -1       -1   1539
 1341    990  2076  2562    -1       -1   2696
 1342   2563  2200  2201    -1       -1  18983
 1343   2565  2564   638    -1       -1  12139
 1344   2566  1943  2567    -1       -1   1541
 1345   2568  2416  2338    -1       -1  17944
 1346   2570  2569  2571    -1       -1  10184
 1347   2573  2572  1262    -1       -1   7716
 1348   2574  1395  1261    -1       -1   7963
 1349   2575  2462  2576    -1       -1    378
 1350   1488  1187  2577    -1       -1  17899
 1351   2579  2578  2580    -1       -1   7595
 1352    810  2032  1603    -1       -1  10799
 1353   2581  2119  2582    -1       -1  18779
 1354    748  2583  1358    -1       -1  15067
 1355   2585  2584  2586    -1       -1  22547
 1356   2588  2587  2405    -1       -1    983
 1357   1177  2589  2590    -1       -1   1295
 1358   2589  2591  2590    -1       -1   1295
 1359   2456  2592  2458    -1       -1   8187
 1360   2593  1305  2594    -1       -1  18038
 1361    266  2595   265    -1       -1  13201
 1362   2596  1575  2597    -1       -1   6987
 1363    673   674   495    -1       -1  21101
 1364    450   153   154    -1       -1  21573
 1365   1795  2598  2599    -1       -1  11855
 1366   1461  2600  1463    -1       -1   5125
 1367   2602  2601  2603    -1       -1   5752
 1368   1642  2075  2604    -1       -1  17138
 1369   2605  1340  2351    -1       -1    406
 1370   1383  2605  2352    -1       -1   8209
 1371   2238  1944  1634    -1       -1   1320
 1372   2606  1085  2607    -1       -1   9048
 1373   2608  2602  2609    -1       -1    485
 1374   2611  2610  2612    -1       -1  12080
 1375   2102  2613  2614    -1       -1  10056
 1376   2615  1023  1024    -1       -1  12827
 1377   2617  2616  2618    -1       -1  15052
 1378   1762  1763  2619    -1       -1   9548
 1379   2525  2620  2413    -1       -1  10016
 1380    121    92   120    -1       -1   3086
 1381   2621  1886  2113    -1       -1   3047
 1382   1753   540   541    -1       -1  16704
 1383   1752  1753   541    -1       -1  16693
 1384    554   555  2622    -1       -1  18394
 1385   2623  2379  2624    -1       -1     64
 1386   1107  1880  1109    -1       -1  15403
 1387   2625  2071  1967    -1       -1  20784
 1388   1030  1031  1326    -1       -1   1954
 1389    606  2264  2265    -1       -1   3547
 1390   1941   765  1782    -1       -1  14048
 1391   1099  2626  2627    -1       -1  20246
 1392   1955  2628  2629    -1       -1   5348
 1393   2534   926   927    -1       -1  10179
 1394   2040  2239  2630    -1       -1  18857
 1395   2632  2631  2633    -1       -1  22507
 1396   2635  2634  2636    -1       -1  15290
 1397   1787  2474  2108    -1       -1  16272
 1398   2638  2637  1227    -1       -1    510
 1399   2639  1836  1518    -1       -1  13536
 1400   2640  2583  2641    -1       -1  15551
 1401   1121  2642  2643    -1       -1   9022
 1402    790   380  1120    -1       -1   8607
 1403   2645  2644  1364    -1       -1   1386
 1404   2393  1320  2646    -1       -1   6692
 1405     31  1819    33    -1       -1  18448
 1406   1280  2647  1275    -1       -1  12244
 1407   1689  2648  2649    -1       -1  20016
 1408    708  1607  2650    -1       -1   1191
 1409   1305  2593  2651    -1       -1    262
 1410   1191  1190   320    -1       -1   3160
 1411    553    33   555    -1       -1   1687
 1412   2653  2652  2654    -1       -1  18078
 1413    707   708  2650    -1       -1  13134
 1414   2650  2204  2655    -1       -1   1180
 1415    832   837  2402    -1       -1  21887
 1416   2657  2656  2658    -1       -1  12559
 1417   2578  2659  2580    -1       -1   7595
 1418    288  1397   287    -1       -1  14157
 1419   2606  2607  2660    -1       -1   9341
 1420   2662  2661  2660    -1       -1  15723
 1421   1384  2448   857    -1       -1  19444
 1422   2664  2663   869    -1       -1  18071
 1423   2666  2665  2667    -1       -1  18625
 1424   2111   538  2668    -1       -1   1096
 1425   2670  2669  2671    -1       -1   2129
 1426   2134   536  2671    -1       -1   2024
 1427   2673  2672  2674    -1       -1   1821
 1428    705   872   873    -1       -1   4632
 1429    117   118  2675    -1       -1  14713
 1430    500  2676  2677    -1       -1  20624
 1431   1693  1073  1074    -1       -1   2055
 1432    334  2678  2679    -1       -1  12324
 1433   2681  2680  2682    -1       -1  17997
 1434   2683   503  2684    -1       -1  12264
 1435   2685  1895  2686    -1       -1  16133
 1436   2687  2498  2688    -1       -1   9176
 1437   2248  2249  2338    -1       -1  17935
 1438   2689   915   345    -1       -1   5649
 1439   2691  2690  2692    -1       -1  20967
 1440   2491  2693  2354    -1       -1   8296
 1441   1178  2052  2694    -1       -1   8339
 1442    129  1247  2695    -1       -1  15116
 1443   2697  2696  2698    -1       -1  16591
 1444   1472  2699  1175    -1       -1   8344
 1445   2700  2697  2701    -1       -1   8316
 1446   2591  1470  1471    -1       -1  15938
 1447     49    50  1867    -1       -1  15884
 1448   1177   251  2702    -1       -1   5764
 1449   2698  1110  2701    -1       -1  16625
 1450    894  2301  2703    -1       -1  23092
 1451    624  1953  1863    -1       -1  12042
 1452    777   778  1333    -1       -1  20359
 1453   2704  1039   521    -1       -1  19676
 1454   1340  2605  1180    -1       -1   8412
 1455   2706  2705   921    -1       -1   3629
 1456   1421  1628  2707    -1       -1  22701
 1457   2488  1854  2708    -1       -1  16068
 1458   2709   127  2710    -1       -1  21483
 1459   1045  2711  1047    -1       -1  16285
 1460   2713  2712  2714    -1       -1  15637
 1461   1046  1566  2715    -1       -1  16327
 1462    127  2716  2717    -1       -1    292
 1463   2718  2351  2719    -1       -1   8411
 1464   2720  2301  2721    -1       -1  21901
 1465   2706   933  2722    -1       -1  11813
 1466   2723  2029  2724    -1       -1   4956
 1467   2190  2725  2726    -1       -1  14469
 1468    531  2313  1684    -1       -1  18890
 1469   2728  2727  2729    -1       -1   6488
 1470   1010  2730  1734    -1       -1  11474
 1471   2731  2351  1340    -1       -1    406
 1472   2696  2732  2733    -1       -1  16304
 1473   2735  2734  2736    -1       -1  11450
 1474    662   489  2157    -1       -1  15866
 1475   2737  2734  2738    -1       -1  11676
 1476   2739   184  2740    -1       -1  18047
 1477    743  2741  2742    -1       -1  17575
 1478   2743   698    57    -1       -1   4660
 1479    881  2744   883    -1       -1   3077
 1480   2240  2728  1044    -1       -1   6553
 1481    166  2745  2212    -1       -1     21
 1482    628   823   824    -1       -1    208
 1483   2745    72  2212    -1       -1     21
 1484   2747  2746  2748    -1       -1   1623
 1485   2750  2749  2747    -1       -1   2726
 1486   2076   990   991    -1       -1   2699
 1487   2752  2751  2753    -1       -1  14910
 1488   2754  2032  2755    -1       -1   1955
 1489   2756  1872  2757    -1       -1  12672
 1490   1795  2758  2759    -1       -1  10929
 1491   1872  2760  2757    -1       -1  12672
 1492   2761  2093   733    -1       -1   6624
 1493   2762  2615  1024    -1       -1  12827
 1494   2763    34    35    -1       -1  12119
 1495   2107  1202  2764    -1       -1   5895
 1496   1520  2765  1933    -1       -1  22878
 1497    188   335  2766    -1       -1   9535
 1498    762  1113  2767    -1       -1  13931
 1499    793  2365  2768    -1       -1   4169
 1500   2385  2769  2770    -1       -1   1926
 1501    761  2712  2771    -1       -1  14242
 1502   2772   738  1023    -1       -1  14400
 1503   2749  2773  2774    -1       -1     93
 1504   1152  2775   434    -1       -1  20243
 1505   2776  2657  2777    -1       -1  15650
 1506   1127  1663  1128    -1       -1  18832
 1507   1662  2437  1663    -1       -1  19728
 1508    100   502    99    -1       -1  12277
 1509   1144  1147  1001    -1       -1  11113
 1510   2686   997  2778    -1       -1   8250
 1511   2780  2779  1738    -1       -1  20670
 1512    894   892  2301    -1       -1  23092
 1513   2781   419  2782    -1       -1   2672
 1514   2574  2783   908    -1       -1    385
 1515   2785  2784  1005    -1       -1  17205
 1516    401   402  1603    -1       -1  12227
 1517    238   239   353    -1       -1  14371
 1518   2787  2786  2788    -1       -1  10483
 1519   2790  2789  2791    -1       -1   3298
 1520   1318  1957   352    -1       -1  12985
 1521   1106   433  2792    -1       -1   3322
 1522   1016   817  2793    -1       -1  19420
 1523   1681    45  2307    -1       -1  14328
 1524   2794   263  2782    -1       -1   3297
 1525   1322  1075  1076    -1       -1  11176
 1526   2796  2795  2797    -1       -1  19404
 1527    978  2798  2741    -1       -1  17531
 1528   2600  1461  1726    -1       -1   5062
 1529   1397  1398  1076    -1       -1  14199
 1530   1657   875  2799    -1       -1  17164
 1531   2801  2800  2802    -1       -1   9858
 1532   2799   875   876    -1       -1    841
 1533   2803  1867  1469    -1       -1  16672
 1534   2804  1396  2415    -1       -1   7523
 1535    222  2805  2310    -1       -1  14038
 1536   1043  2242  1044    -1       -1   6554
 1537   1939  2718  2806    -1       -1   8715
 1538   2807  1796    55    -1       -1   4627
 1539    330  2808  2809    -1       -1  15049
 1540   2811  2810  2812    -1       -1   6487
 1541   2534   402   926    -1       -1  10835
 1542   2814  2813  2815    -1       -1  22857
 1543    402   400   926    -1       -1  10835
 1544   2236  1780  2816    -1       -1   7562
 1545   2818  2817  2819    -1       -1  20290
 1546   2821  2820  2822    -1       -1  11472
 1547   2584  2823  2815    -1       -1  22548
 1548   2824  2459   955    -1       -1   7114
 1549    565   566  1092    -1       -1   3121
 1550   2333   556  2334    -1       -1  16028
 1551   2214  2089   879    -1       -1   2752
 1552   2265  2744  2629    -1       -1   6742
 1553    179  2265  2629    -1       -1   6485
 1554   2826  2825  2827    -1       -1   6952
 1555    908   909  1380    -1       -1   6081
 1556   2202  2568  2249    -1       -1  19550
 1557   2203  2202  2249    -1       -1  20384
 1558   2390  2828  2829    -1       -1   1284
 1559   1395  2574  1378    -1       -1   7844
 1560   1378   908  1380    -1       -1   6081
 1561    639   640  2830    -1       -1  10795
 1562    714    65  2812    -1       -1   8688
 1563   2831   524   525    -1       -1   4630
 1564   1482  1251  1252    -1       -1  22187
 1565   1251  1886  2621    -1       -1   3047
 1566   1486   239   738    -1       -1  13278
 1567   1023   738   739    -1       -1  12705
 1568    239   240   738    -1       -1  14369
 1569   2638  2832  2833    -1       -1  18881
 1570   1045  1046  2715    -1       -1  16327
 1571   2391  2834  2604    -1       -1  17188
 1572    118  2835  2675    -1       -1  14706
 1573   1673  2836  2837    -1       -1  11056
 1574   2838  2187  2839    -1       -1  14596
 1575   2551  2588  2405    -1       -1   1170
 1576   2840  2713  2714    -1       -1  15639
 1577     40   587  2175    -1       -1  11348
 1578   2841  1645   392    -1       -1   7327
 1579   2842  1928  2420    -1       -1  15705
 1580   2844  2843  2420    -1       -1   8155
 1581   2325   624  1863    -1       -1  12042
 1582    933   400  2845    -1       -1  10742
 1583     92   121  2275    -1       -1   2731
 1584     91    92  2846    -1       -1   3088
 1585    710  1293   670    -1       -1   6428
 1586   1589  1590  2847    -1       -1  15065
 1587   1293  2848   670    -1       -1  16944
 1588   2850  2849   647    -1       -1  18173
 1589   2851  1589  2852    -1       -1  15358
 1590    999  1000  1559    -1       -1   3450
 1591   2853   835  2854    -1       -1  18407
 1592   1365   549  2855    -1       -1   3995
 1593    406  1968  2856    -1       -1  19182
 1594   1667  2857  1845    -1       -1  13199
 1595   1860  1937    68    -1       -1  10297
 1596   1837  1836  1620    -1       -1  13562
 1597   1094  1095  2858    -1       -1    266
 1598   2293    73  2859    -1       -1   3303
 1599   2860  1363  2777    -1       -1  15112
 1600   1475   654  2861    -1       -1   5505
 1601    795   796  1439    -1       -1  13037
 1602   1787  2862  1025    -1       -1   5864
 1603   2244  1330  1896    -1       -1  18356
 1604   2863  1629  1630    -1       -1  13790
 1605   1330  1206  1207    -1       -1  19771
 1606    804  2864  1646    -1       -1   3449
 1607    581  2865  2866    -1       -1   3218
 1608   1354  1355  2867    -1       -1   1186
 1609   1633  2868  1630    -1       -1  13837
 1610    867   584   561    -1       -1  14852
 1611   2869  2223  1973    -1       -1  21762
 1612   2871  2870  2872    -1       -1   5360
 1613   2873   566  2137    -1       -1   5013
 1614   2874  2514  2875    -1       -1   8889
 1615   1474  2876  1476    -1       -1   5176
 1616   2300  2246  1898    -1       -1   1761
 1617   2878  2877  2879    -1       -1   6517
 1618   1582  1581  2876    -1       -1     35
 1619   2552  2374  2880    -1       -1    923
 1620   1474  1582  2876    -1       -1   5222
 1621   1853  2881  2882    -1       -1  15732
 1622   2884  2883  1905    -1       -1   1939
 1623   1456  1454  2885    -1       -1   7599
 1624   2460  2386   957    -1       -1   4720
 1625   2570  2886  1032    -1       -1  22671
 1626   2887  1295  1687    -1       -1     32
 1627    976  2888   494    -1       -1  21604
 1628   2426  2889   262    -1       -1    304
 1629    152   976   494    -1       -1  21561
 1630   1761  2364   377    -1       -1   3065
 1631    375  1761   377    -1       -1    408
 1632   2890   376   377    -1       -1   2327
 1633    529   424   425    -1       -1   3626
 1634   2789  2790   426    -1       -1   3577
 1635   2790    73   425    -1       -1   3560
 1636   2891  2110   471    -1       -1   4747
 1637    539  2892  2893    -1       -1  15950
 1638    846  2502  2894    -1       -1   8818
 1639   2895  2277   268    -1       -1  12238
 1640   2150  2896  2897    -1       -1  11012
 1641   2899  2898   910    -1       -1   9414
 1642   2900  1252  1253    -1       -1  22274
 1643   1349  1347  2901    -1       -1  18375
 1644    675   673  1347    -1       -1  21195
 1645   1398  1348  1349    -1       -1  13666
 1646   2902   675  1347    -1       -1  13856
 1647   2530  2522  2532    -1       -1   5003
 1648    840  2903  2904    -1       -1   3948
 1649   2905  1524  1213    -1       -1  17908
 1650    211   212  2906    -1       -1   5416
 1651   1305  2651  2907    -1       -1    262
 1652   2909  2908  1100    -1       -1   3060
 1653   1932  2910  1918    -1       -1  22511
 1654   2773  2749  2750    -1       -1   2726
 1655    280   278  2911    -1       -1   8294
 1656   2251  2912   580    -1       -1   1392
 1657   2914  2913   888    -1       -1   1736
 1658   1084  1587  1298    -1       -1  16921
 1659    264  2915  2916    -1       -1   3364
 1660   2918  2917  2875    -1       -1   5846
 1661   2066  2067  2919    -1       -1  17567
 1662    798   799  1573    -1       -1  16480
 1663   2921  2920  2922    -1       -1  18977
 1664    826  1096  2923    -1       -1   3173
 1665    799  1572  1573    -1       -1  16480
 1666    453  1708   452    -1       -1  13313
 1667   1097  1098  1542    -1       -1  18114
 1668   1316  1142  1143    -1       -1   6229
 1669   2925  2924  1170    -1       -1   1984
 1670   2926  2235  2927    -1       -1  11257
 1671    814  1067  2281    -1       -1  13531
 1672   1993  1070  1994    -1       -1   4481
 1673   2152  1091  2928    -1       -1   4902
 1674   2032   810  1205    -1       -1    646
 1675   2318  2929  2930    -1       -1  19626
 1676    721  2931   337    -1       -1   7621
 1677   2932   556   557    -1       -1  16026
 1678   2294  2149  2933    -1       -1  21346
 1679   2935  2934  2936    -1       -1   2002
 1680   2937  2876  2938    -1       -1    465
 1681   2939  1988  2940    -1       -1  21487
 1682   2213   183  1671    -1       -1   6181
 1683   2921  1248  2108    -1       -1  18955
 1684   1150  2522  2941    -1       -1   3001
 1685   1346  2002  2003    -1       -1  21069
 1686   1096  2890  2923    -1       -1   2995
 1687   2559  2942  2943    -1       -1  21151
 1688   2944  1678  2945    -1       -1  21474
 1689   1999  2755  1205    -1       -1  10722
 1690    284   285  2946    -1       -1   4626
 1691   2009   705   706    -1       -1   4514
 1692   2598  1795  2759    -1       -1  10929
 1693   2947  2134  2669    -1       -1   2085
 1694   1085  2606  1087    -1       -1   9048
 1695    798  1751   806    -1       -1  19132
 1696   1750  1683   806    -1       -1  18952
 1697   2283  2948  1446    -1       -1  14115
 1698    111  2949  2950    -1       -1   5828
 1699   2951  2324  2952    -1       -1   5034
 1700    960  2953  2954    -1       -1   4216
 1701   2325  2512  2955    -1       -1  11557
 1702   2492  2490   741    -1       -1   8199
 1703   2347  1803  1798    -1       -1  20130
 1704   1134  1135   519    -1       -1  10300
 1705   2188  2956  2957    -1       -1   1286
 1706    266  2958  2959    -1       -1  11618
 1707   1059  2960  1061    -1       -1  18175
 1708   2034  1452  1453    -1       -1  10253
 1709   2961   355   356    -1       -1  11931
 1710    256  2961   356    -1       -1  11699
 1711   2908  2152  2928    -1       -1   4955
 1712   2963  2962  2776    -1       -1  13018
 1713    845  2964  2965    -1       -1   9220
 1714   2776  2962  2966    -1       -1  13018
 1715    565  1091  1728    -1       -1   4865
 1716   2403  2551  2405    -1       -1   1170
 1717   2556  2967  2968    -1       -1   2124
 1718   2970  2969  1327    -1       -1   1983
 1719    979   977  2957    -1       -1  14183
 1720   2884  2971  2972    -1       -1    321
 1721   2973  2599  2974    -1       -1  10872
 1722   2160  2975  2779    -1       -1   1829
 1723   2182   746  2976    -1       -1  12661
 1724   1879  2977  2978    -1       -1  19797
 1725   2980  2979  2981    -1       -1  13098
 1726   1864  1865  2982    -1       -1   1084
 1727   1865  2983  2982    -1       -1  13112
 1728    325  2984   347    -1       -1  15721
 1729   2861   654   655    -1       -1   5390
 1730   2467  2406  2468    -1       -1   9315
 1731   2131  2112  2446    -1       -1  21763
 1732   2446  2112  2985    -1       -1   4997
 1733   2445   650  2132    -1       -1  21466
 1734   1479  2986  2987    -1       -1  22073
 1735   2940  1989  2987    -1       -1   2996
 1736   1866  2830  2896    -1       -1  10531
 1737   1378  2574   908    -1       -1   7844
 1738   2790   425   426    -1       -1   3560
 1739   1750  1751  1828    -1       -1   1516
 1740   2235  2234  2988    -1       -1  11304
 1741   2967  2884  2968    -1       -1   2117
 1742    716   717  2014    -1       -1  13725
 1743    305   306  2070    -1       -1  20786
 1744   1273  1274  2380    -1       -1  10934
 1745   2990  2989  1815    -1       -1  13738
 1746   2015   716  2014    -1       -1  13723
 1747   1780   906   802    -1       -1   7555
 1748    395  2991   396    -1       -1   1794
 1749   2992     8  1546    -1       -1   4292
 1750   2208     9  2993    -1       -1   6746
 1751   1046  1047  1112    -1       -1  16491
 1752   2994  2773  2750    -1       -1   2704
 1753    515   640   641    -1       -1  12232
 1754   1826  1088  2995    -1       -1  19482
 1755   2796   229  2996    -1       -1   1575
 1756   2997   117  2675    -1       -1  14713
 1757   2998  1825  2999    -1       -1  19382
 1758   1124  2103  1289    -1       -1   5552
 1759    962   963  1210    -1       -1   7200
 1760   2478  1825  2998    -1       -1  19382
 1761    306  3000   583    -1       -1  20801
 1762   3001  1539  3002    -1       -1  18129
 1763   3003    19  3004    -1       -1   9946
 1764   1560  2932   557    -1       -1  16137
 1765   1319  1320  2392    -1       -1  16770
 1766   3005   554  2622    -1       -1  18394
 1767   3006   882  3007    -1       -1   5009
 1768   2386  2460  3008    -1       -1   4720
 1769   1009  2524   479    -1       -1    746
 1770   3009   338  1991    -1       -1   7363
 1771    555  2393  2646    -1       -1   6692
 1772   1007  3010  2964    -1       -1    763
 1773   1302  3011  3012    -1       -1   6710
 1774   1918  2910  3013    -1       -1  22511
 1775   1565  3000  3001    -1       -1  18064
 1776   2992   981  1168    -1       -1   3268
 1777   2063  1460  3014    -1       -1   5267
 1778   2518    46  2444    -1       -1  21810
 1779   1725  3015  1726    -1       -1   5316
 1780   1095  1096   826    -1       -1   3173
 1781   3017  3016  1266    -1       -1  13396
 1782    288  2339  1399    -1       -1  13770
 1783   1397   288  1399    -1       -1  14157
 1784   1749  3018  3019    -1       -1  19352
 1785    302  1501   642    -1       -1   1139
 1786    724   734  2746    -1       -1   2181
 1787   2268   716  2193    -1       -1  11756
 1788   1014  1769   871    -1       -1     33
 1789     92    90   120    -1       -1   3086
 1790   2490   740   741    -1       -1   8199
 1791   2384   395    27    -1       -1   1937
 1792   3020   370   371    -1       -1   1249
 1793   1356   369  3021    -1       -1  15472
 1794   3022   115   116    -1       -1   5422
 1795   3023  2079   410    -1       -1   4959
 1796   1330  1207  1896    -1       -1   1461
 1797   3025  3024  3026    -1       -1  15165
 1798   3027  1705  1706    -1       -1  16935
 1799    909  2898  3028    -1       -1   3999
 1800   3030  3029  3031    -1       -1    720
 1801   1463  2600  3032    -1       -1   5125
 1802    491  1558  2368    -1       -1  21443
 1803    266  3033  2595    -1       -1  13369
 1804   1482   205   206    -1       -1   2454
 1805   3035  3034  3036    -1       -1  14557
 1806    135  3035   118    -1       -1  14612
 1807   1522  2455  1524    -1       -1  14581
 1808    231  2796  3037    -1       -1   3046
 1809    787   343   344    -1       -1   5992
 1810   1533  1534  3038    -1       -1   1887
 1811    197  3039  3038    -1       -1  10449
 1812   1522  2681  2682    -1       -1  17879
 1813   1523  3040  2681    -1       -1  17713
 1814   1522  1523  2681    -1       -1  17696
 1815   2417  3041  2680    -1       -1  17983
 1816   1813  3042  2473    -1       -1  13583
 1817   1801  3043  1803    -1       -1  21042
 1818   1798  1803  1800    -1       -1  20132
 1819     53  3044   571    -1       -1   5154
 1820     52    53   571    -1       -1  20068
 1821   3009  1991  3045    -1       -1   7363
 1822   3046   588    41    -1       -1  11034
 1823   3048  3047  3049    -1       -1    128
 1824   1865  1229   485    -1       -1  12767
 1825   3051  3050   255    -1       -1   6273
 1826   3052  1879  2704    -1       -1  17951
 1827     36  3053  3054    -1       -1  11891
 1828   3055  2185  3056    -1       -1  15585
 1829     38  3057  3058    -1       -1   8971
 1830   2657  2776  2966    -1       -1   1261
 1831   3014  1460  2677    -1       -1  17927
 1832   1460   500  2677    -1       -1  20481
 1833     53    54   236    -1       -1  17690
 1834   2858  1095  2293    -1       -1   2936
 1835    792  2365   793    -1       -1   3039
 1836   1071   274  2560    -1       -1   2409
 1837   1950  1653  1654    -1       -1   5386
 1838   2075  1319  2391    -1       -1  16975
 1839   3059  2085  2086    -1       -1   2251
 1840   2392  1320  2394    -1       -1  18578
 1841   1950  1654  3060    -1       -1   5324
 1842   2789   426  3061    -1       -1   3466
 1843    804  2794  2864    -1       -1   3208
 1844    419   433  3062    -1       -1   3231
 1845   1105  2789  3061    -1       -1   3466
 1846   3018  1749  1387    -1       -1  19109
 1847   1679  2710  3063    -1       -1   3368
 1848   3064   559   560    -1       -1  20830
 1849    493  3065  3066    -1       -1  21395
 1850   3067  3027  2778    -1       -1  16892
 1851   1597   458  2194    -1       -1  12776
 1852    814   815   164    -1       -1  14765
 1853   1906  1254   176    -1       -1  13514
 1854   1381   678  1382    -1       -1  22553
 1855    923   985   511    -1       -1  10819
 1856   2384    27  2670    -1       -1   1959
 1857    803   804  1418    -1       -1   3480
 1858   3023   410   411    -1       -1   1262
 1859   1921  1463  3032    -1       -1    456
 1860   2177  3068  3069    -1       -1   5227
 1861   2401   837   838    -1       -1  15332
 1862    124   147  3070    -1       -1   3983
 1863    494  2888   904    -1       -1   5277
 1864   1823  2206  3071    -1       -1   4034
 1865   2786   518   203    -1       -1  10310
 1866   2791  1106  2792    -1       -1   3134
 1867   1803  3043  1800    -1       -1  20132
 1868   3072  1337  3073    -1       -1   8268
 1869   2718  1939  2232    -1       -1   8715
 1870   2745   166   167    -1       -1  10351
 1871   3074   365  1453    -1       -1  10248
 1872   2811  2812  3075    -1       -1   7378
 1873    455   173  3076    -1       -1   3978
 1874   3078  3077  3079    -1       -1  19504
 1875   1391  3080  3081    -1       -1   6656
 1876    455  2745   167    -1       -1  10388
 1877   3082  1029   509    -1       -1  11583
 1878    236  3083   235    -1       -1  20055
 1879   3084  1169  3085    -1       -1   4276
 1880   3086  2647  3087    -1       -1  12535
 1881    427  1272   319    -1       -1  12452
 1882   2206  2212  3071    -1       -1   4043
 1883    393  3088  3089    -1       -1   8006
 1884   2705  3090   921    -1       -1   3934
 1885   2120  2245   692    -1       -1   6385
 1886   1716  3091  2173    -1       -1    355
 1887   1352  2100  2101    -1       -1  10197
 1888   2920  2921  2108    -1       -1  19001
 1889    221  3092  3093    -1       -1  14004
 1890   3027  1706  2784    -1       -1  16935
 1891   3094  1595  1596    -1       -1  13999
 1892   1596  1594  3095    -1       -1  14314
 1893   2080  1475  1287    -1       -1   5624
 1894   1812  3096  3097    -1       -1  14906
 1895    816  3098  3099    -1       -1  14930
 1896   1176   250   251    -1       -1  15736
 1897   3100  1040  1507    -1       -1  11053
 1898   1902  1020  1904    -1       -1  13168
 1899    651  1159  2130    -1       -1  21471
 1900    715   713  1722    -1       -1   1297
 1901   1823  3101   596    -1       -1   4163
 1902   1164  3102  2886    -1       -1    968
 1903    482  3103   993    -1       -1  13829
 1904    495   494   904    -1       -1   5277
 1905    993  3103  3104    -1       -1  13914
 1906   1370   482   993    -1       -1  13829
 1907   3105  1291  3106    -1       -1  11393
 1908   3108  3107  2038    -1       -1  17832
 1909   2972  2971  3109    -1       -1    321
 1910   3111  3110  3112    -1       -1  16630
 1911   1924   772  3113    -1       -1  19656
 1912   2411   331  2413    -1       -1   9649
 1913    796  1235  1236    -1       -1   1089
 1914   2111  1372    44    -1       -1    888
 1915     44  1372  1225    -1       -1    888
 1916   1445  3114  3115    -1       -1  22068
 1917   2473  3116  3117    -1       -1  13309
 1918   1040  3061   995    -1       -1   1471
 1919   1583  1584  1718    -1       -1  15807
 1920   2142  1956   476    -1       -1   7512
 1921   3119  3118  2143    -1       -1   8828
 1922    850   782   783    -1       -1  18670
 1923   3120  1412  1413    -1       -1  18801
 1924   1502  2986  2083    -1       -1  22295
 1925   1884   807  2286    -1       -1  22291
 1926    229   230  1449    -1       -1  19870
 1927   3122  3121  3123    -1       -1   8367
 1928   1456  2885  3124    -1       -1   8487
 1929   2742  2798  3125    -1       -1  15505
 1930     62  3126  3127    -1       -1   4634
 1931   2258   149  3128    -1       -1   3441
 1932    597  1217  2954    -1       -1   4433
 1933   1682   405  1684    -1       -1  18859
 1934   1918  3013  3129    -1       -1  22950
 1935   3130  1666  1667    -1       -1  13368
 1936   1917  1918  3129    -1       -1  23089
 1937   3131  1222  3132    -1       -1  20785
 1938   3134  3133  3135    -1       -1  22904
 1939   1398  1399  1348    -1       -1  14136
 1940   2048  2049  3136    -1       -1  10203
 1941   2902  1347  1348    -1       -1  13856
 1942   1451  1851  3136    -1       -1  10207
 1943   2049  1451  3136    -1       -1  10207
 1944    861  1716  2173    -1       -1     59
 1945   2689  1125  1126    -1       -1   5592
 1946    973  1173  2107    -1       -1   1519
 1947   3137  1019  3138    -1       -1   3966
 1948   1666  3130  3139    -1       -1  13345
 1949   2268  2193  3139    -1       -1  13348
 1950    630   631  3140    -1       -1  14791
 1951   2193  1666  3139    -1       -1  13357
 1952   3142  3141  3143    -1       -1   5691
 1953   3144   630  3140    -1       -1  14689
 1954   2024   912  2184    -1       -1  17536
 1955   1553   964  3145    -1       -1   5965
 1956   3146  1303  2296    -1       -1  21664
 1957   3147  1698  3148    -1       -1   4319
 1958   3150  3149  2027    -1       -1  21197
 1959   3151  2891   472    -1       -1  18965
 1960    704   960  1661    -1       -1   4446
 1961    704   225   960    -1       -1   4446
 1962   3152   884  3153    -1       -1  20241
 1963   3154  2395  3155    -1       -1   3123
 1964   3157  3156   243    -1       -1  16147
 1965   2094  3158  2093    -1       -1   7094
 1966   2907  2651  3159    -1       -1  16280
 1967    659  3160   661    -1       -1   1646
 1968    884   435  3159    -1       -1   1549
 1969    549  3161  2855    -1       -1   3995
 1970   3162  1652  3163    -1       -1   6137
 1971   3165  3164  3166    -1       -1  21453
 1972   2351  2731  2719    -1       -1   8366
 1973    142  3167  2838    -1       -1  15120
 1974   2213   182   183    -1       -1   6181
 1975    181  3168  3169    -1       -1   5349
 1976   1490  3170  3171    -1       -1  18997
 1977   3172  2189  3173    -1       -1  15090
 1978   1506  2754  2755    -1       -1  11064
 1979   2047   853   854    -1       -1  16134
 1980   3043  2341  1800    -1       -1  18458
 1981   3174   230  3175    -1       -1  19889
 1982   1565   560   583    -1       -1   1847
 1983   3176   590   591    -1       -1  20319
 1984   3000  1565   583    -1       -1   1847
 1985   2613  2100  2787    -1       -1  10280
 1986    328   326  2601    -1       -1   9816
 1987   2781  2376   421    -1       -1   2706
 1988   3177   329  3178    -1       -1    627
 1989    542   543   720    -1       -1  15761
 1990   3088  2419  3179    -1       -1   7667
 1991   3107  1807  2038    -1       -1  15197
 1992   1274   427   428    -1       -1  12445
 1993     61   211  2906    -1       -1   4745
 1994   2904  2903  3180    -1       -1   2268
 1995   2904  3180  3181    -1       -1   3941
 1996   1304  2341   897    -1       -1  18140
 1997   1428  1309  1430    -1       -1  22101
 1998   2341  3043   897    -1       -1  18458
 1999   2084  2971  1906    -1       -1   2392
 2000   2135  2934  2935    -1       -1   2002
 2001   2971  2884  1905    -1       -1   1939
 2002   3183  3182  3184    -1       -1  13194
 2003   3185   843   844    -1       -1  22299
 2004   1649  3183  3184    -1       -1  11619
 2005   1823  1824  2205    -1       -1   4184
 2006    551   526   844    -1       -1  22300
 2007   3186  2831   829    -1       -1   9657
 2008   3065  2716  3066    -1       -1  21460
 2009   1481  3187  2628    -1       -1   6741
 2010   1792  1793  3188    -1       -1   5432
 2011   1049  2434  1048    -1       -1  12873
 2012    302  1818   304    -1       -1  10940
 2013    469   439  2358    -1       -1   2683
 2014   3189  1315  2217    -1       -1  21168
 2015    251  1853  2702    -1       -1   5764
 2016   1192    67  3190    -1       -1  11511
 2017   2756  2757  3191    -1       -1   1239
 2018    592  1145  3192    -1       -1   5694
 2019   3194  3193  3195    -1       -1  20779
 2020   2312  1805  3196    -1       -1   6343
 2021   1493  1911  1495    -1       -1  14817
 2022   3198  3197  3050    -1       -1   8052
 2023   3051  3198  3050    -1       -1   8052
 2024   3199   996  3200    -1       -1  16866
 2025   1508  1008  1510    -1       -1   9037
 2026   2060  2061  3201    -1       -1   8941
 2027   1008  1513  1510    -1       -1   9109
 2028   3203  3202  2000    -1       -1   1828
 2029   1727  1295  2887    -1       -1   4281
 2030   2546   117  3204    -1       -1   1435
 2031   3205  1530  3206    -1       -1  15160
 2032   1451  1452  1852    -1       -1  10134
 2033   1311   801   907    -1       -1   7336
 2034   2540  3207  3208    -1       -1  13936
 2035   1964  1913  1914    -1       -1   8108
 2036   3209  1964  1914    -1       -1   7861
 2037   3210  1891  3211    -1       -1  12106
 2038   1852  3210  3211    -1       -1  12106
 2039   2578  2579  3212    -1       -1   7282
 2040   1568  3122  1567    -1       -1   8670
 2041   3213   585  3214    -1       -1  20862
 2042    853  2046  1648    -1       -1  16265
 2043   1470  2591  2892    -1       -1  15841
 2044    676  2284  2285    -1       -1  22471
 2045   1428  3215  1308    -1       -1    822
 2046   1806  2537  3216    -1       -1   6648
 2047   3217  3052  3218    -1       -1  19682
 2048   3219  1462  1463    -1       -1   5379
 2049     72  2745  3076    -1       -1  10368
 2050   1921  3219  1463    -1       -1   5379
 2051    135   118   119    -1       -1  14688
 2052   3220  2088  1833    -1       -1  18355
 2053   2853   834   835    -1       -1  18407
 2054   3221  1294    89    -1       -1  14519
 2055    816   814  2281    -1       -1  14858
 2056   3222  2885  2579    -1       -1   7329
 2057   2712  3223  3224    -1       -1  15604
 2058   1162  2335  2336    -1       -1  22756
 2059   3225  2730  1011    -1       -1  11470
 2060   3227  3226  3228    -1       -1   5119
 2061    789   790  1118    -1       -1  15372
 2062   3229   349  2730    -1       -1  11396
 2063   2735  1551  3230    -1       -1  12093
 2064   3231  2438   774    -1       -1  19740
 2065   3232  2102  2614    -1       -1   1015
 2066   2479  1550  1551    -1       -1  12128
 2067   1739   999   649    -1       -1   1102
 2068   2863   408  2726    -1       -1  12936
 2069    408  2190  2726    -1       -1  14469
 2070   1629  2863  2726    -1       -1  14472
 2071   2084  2085  3109    -1       -1   1978
 2072   3233  2972  3109    -1       -1   2187
 2073   2971  2084  3109    -1       -1   1978
 2074   3234  2506   833    -1       -1  20137
 2075   1816  1350  1058    -1       -1  21518
 2076   1350  2900  1058    -1       -1  22298
 2077   2982  2983  3235    -1       -1  13088
 2078   2573  1433  2572    -1       -1   7806
 2079   2574  1261  3236    -1       -1   7660
 2080   2844  2371  1965    -1       -1   1357
 2081   1489    75  1307    -1       -1  18113
 2082   1186  1489  1307    -1       -1  20252
 2083   1305  2907  1307    -1       -1   5087
 2084   2907  1186  1307    -1       -1   5087
 2085   3238  3237  3239    -1       -1  18588
 2086     75  1306  1307    -1       -1  18113
 2087   3237  3240  3241    -1       -1  18591
 2088    971   969  1181    -1       -1  13900
 2089   1224  2430  3242    -1       -1  10935
 2090    520  3243   522    -1       -1  19405
 2091   1442  1443  3244    -1       -1   2288
 2092    936  2432  3245    -1       -1  14265
 2093   1221  3246  1223    -1       -1  14878
 2094   2309  2306  3242    -1       -1  14345
 2095   2285  2821  2822    -1       -1  22831
 2096   2148  2294  3247    -1       -1  20701
 2097   3039  1533  3038    -1       -1   1887
 2098   1190    91  2846    -1       -1   3014
 2099   1604  1605  1919    -1       -1  19216
 2100   3249  3248  3250    -1       -1   6504
 2101    850  3220   782    -1       -1    670
 2102   1064  1065  2086    -1       -1   2204
 2103   3252  3251  3253    -1       -1   9573
 2104    887  2994   991    -1       -1    913
 2105   3253  3251  2277    -1       -1   9574
 2106   1218  2768  3254    -1       -1   4532
 2107   1698  1141  3148    -1       -1     90
 2108    404  1682   473    -1       -1   4847
 2109   1968   404  1970    -1       -1  19185
 2110   2659  2236  2580    -1       -1   7294
 2111   3256  3255   643    -1       -1  14078
 2112   1079  1080  3257    -1       -1   5953
 2113   3020  2635  3258    -1       -1  15036
 2114   3260  3259  3261    -1       -1  14966
 2115    755   756  3262    -1       -1  13246
 2116   3260  3261  3204    -1       -1  14966
 2117   3263  2522  2530    -1       -1   6885
 2118   3264  1919  3265    -1       -1  17865
 2119    344   915  3266    -1       -1   5566
 2120   2966  3267  2404    -1       -1  12699
 2121    951   787  3268    -1       -1    449
 2122   3269  3264  3265    -1       -1   1428
 2123   3236  2572  1887    -1       -1   7783
 2124   2517  2450  3270    -1       -1  12729
 2125   3271  2565   638    -1       -1  12139
 2126   3272  2899   910    -1       -1   9414
 2127   2791  2789  1106    -1       -1   3286
 2128   1708  1707   695    -1       -1  13433
 2129   3274  3273  1979    -1       -1  18219
 2130   1104   433  1106    -1       -1   3135
 2131   2898  2899  3275    -1       -1   9369
 2132    807  2083  2286    -1       -1  22291
 2133   1085  1086  3276    -1       -1  15712
 2134   1188  1186   436    -1       -1  19659
 2135    807  1884  3277    -1       -1  22089
 2136   1110  1111  2701    -1       -1  16613
 2137    250  1176  2662    -1       -1  15485
 2138   1476  2876  2937    -1       -1   5176
 2139   1035  1423  1037    -1       -1   1936
 2140   3279  3278  3280    -1       -1  13979
 2141   1077  2192   666    -1       -1  13921
 2142   3164  3165   441    -1       -1     88
 2143    662  2606  2661    -1       -1   1489
 2144    233   368   828    -1       -1    854
 2145   2711  1045  2507    -1       -1  16302
 2146   2917  3281  2875    -1       -1   5131
 2147    234   233  1593    -1       -1   8265
 2148   1562  3282  1564    -1       -1  12714
 2149    735  3283  2770    -1       -1   3708
 2150     29    30  1331    -1       -1  18282
 2151   3285  3284  3286    -1       -1   2909
 2152    376  3287   138    -1       -1   2977
 2153   1576  3251  3288    -1       -1    824
 2154    166   899   168    -1       -1   4005
 2155   3289  2001   538    -1       -1   2017
 2156    535  1830   534    -1       -1   1948
 2157   3288  3290  3291    -1       -1  10775
 2158     23  3292  3293    -1       -1  11573
 2159   3158  2094  3294    -1       -1   7094
 2160   3296  3295  3294    -1       -1   7071
 2161   3183  1649  2673    -1       -1  11619
 2162    576   575  1571    -1       -1  18656
 2163   3110  3297  1038    -1       -1  19546
 2164   3044  3110   571    -1       -1   1248
 2165   1119  1753  1118    -1       -1  16181
 2166   3299  3298  3300    -1       -1   1201
 2167    141  3300  2267    -1       -1  15071
 2168   1496  2160  2779    -1       -1   1829
 2169   2682  3041  1427    -1       -1  17986
 2170   2314  2315  1773    -1       -1   5521
 2171   2323   222  2310    -1       -1  14038
 2172    293   294  3301    -1       -1   6714
 2173   2148  3247  3302    -1       -1  21592
 2174   1183  3064  1185    -1       -1  20829
 2175   1653  3268  3163    -1       -1   5545
 2176   3067  3303  1705    -1       -1   8286
 2177   1704  1004  1706    -1       -1   6351
 2178   3027  3067  1705    -1       -1  17218
 2179   2709   843   126    -1       -1  22334
 2180   3044  3304  3112    -1       -1   1689
 2181    127  2709   126    -1       -1  21483
 2182   1923  3231   774    -1       -1  19740
 2183    923  2388  2513    -1       -1  12022
 2184   3182  2958   680    -1       -1  13203
 2185   3304  3231  1923    -1       -1  19608
 2186   2438  2319   774    -1       -1  16804
 2187   2512  3082  2513    -1       -1  11632
 2188    985   923  2513    -1       -1  12022
 2189   3181  3305  3306    -1       -1   3932
 2190   3308  3307  3306    -1       -1    397
 2191   3070  3305  3309    -1       -1   3908
 2192   3310  1936  2614    -1       -1  10534
 2193    840  2904   839    -1       -1   3948
 2194   3307   291   839    -1       -1   3939
 2195    413  1515  3310    -1       -1  10446
 2196   1515  3311  1936    -1       -1  10220
 2197     54   340   341    -1       -1  20022
 2198   1280  1265  3087    -1       -1  12240
 2199   2303  3312  3313    -1       -1  12486
 2200   3083   236   341    -1       -1  20094
 2201   3314   767  3315    -1       -1   9679
 2202    764  2303  3313    -1       -1  11815
 2203    378   379  3290    -1       -1    829
 2204   2986  1502  3316    -1       -1  22295
 2205   1612   341   342    -1       -1  18466
 2206   1630  2868  1392    -1       -1   1179
 2207   1502  1503  3316    -1       -1  22172
 2208   2939  2940  2945    -1       -1  21050
 2209    445  3317  3318    -1       -1  21853
 2210   1814  2989  3319    -1       -1  13640
 2211   3321  3320  3099    -1       -1  14631
 2212   1488   184    77    -1       -1  18851
 2213   1517  1837   351    -1       -1  13634
 2214   1489  1488    77    -1       -1  18851
 2215     75  1489    77    -1       -1  20263
 2216   2450   486   487    -1       -1  11732
 2217    186   335   188    -1       -1  10075
 2218   3323  3322   453    -1       -1    165
 2219   2053  3324   454    -1       -1   1842
 2220   3322  3325  1021    -1       -1  13158
 2221    317   318  3326    -1       -1  12511
 2222   1673  3327  3326    -1       -1  11027
 2223    294   295  3328    -1       -1   6927
 2224   1064  3329  1291    -1       -1   2044
 2225   3325  1020  1021    -1       -1  13236
 2226   1008  3330  1007    -1       -1   9123
 2227   2359   380   381    -1       -1   8628
 2228   1875   542   381    -1       -1  15832
 2229   3104  3331  3332    -1       -1  21566
 2230   3258  3333  3334    -1       -1  15220
 2231    992  3104  2130    -1       -1   1777
 2232   2408  3335  3128    -1       -1  11179
 2233   2294  2888  3247    -1       -1  21666
 2234   2548   929  3336    -1       -1  21575
 2235    517   318  3337    -1       -1  12515
 2236    317   427   319    -1       -1  12520
 2237   2647  1280  3087    -1       -1  12244
 2238   3086  3312  3053    -1       -1  10967
 2239   1027  1268  1026    -1       -1  11576
 2240   3326   318  1672    -1       -1   7518
 2241    517   641  1672    -1       -1  12231
 2242    318   517  1672    -1       -1  12231
 2243   1673  3326  1672    -1       -1  11027
 2244   3312  3086  3087    -1       -1  12535
 2245   2763    35  1026    -1       -1  12119
 2246   2885  1454  3338    -1       -1   7599
 2247   3340  3339  3341    -1       -1   8273
 2248   3339  3342  3341    -1       -1   8273
 2249   2579  2885  3338    -1       -1   5311
 2250   3343  2372  3344    -1       -1  16290
 2251     90   682   868    -1       -1   3083
 2252   3345  1283  1284    -1       -1  15815
 2253   3346  3265  1920    -1       -1  17708
 2254   2131   929  2548    -1       -1  21765
 2255   2472  1121  2643    -1       -1   9022
 2256   3348  3347  2172    -1       -1   7738
 2257   3330  1008  1508    -1       -1   9123
 2258   3331  3103  3349    -1       -1  21602
 2259   1898  2542   567    -1       -1   5060
 2260   3351  3350  3352    -1       -1  21353
 2261   1065  3059  2086    -1       -1   2166
 2262    148   577   202    -1       -1   3980
 2263   3207  2540  3353    -1       -1   6383
 2264   2638  1227  1606    -1       -1    510
 2265   3354  2002  2558    -1       -1  21154
 2266    477  1959  3355    -1       -1   7477
 2267   1342  1438  3356    -1       -1  12994
 2268   1436  3357  2736    -1       -1  11546
 2269   2463  3358  2462    -1       -1   7764
 2270   3120  1413   781    -1       -1  18602
 2271   2844  2420  2371    -1       -1   1357
 2272   1357  3359   369    -1       -1  15442
 2273    882  1044  3007    -1       -1   4942
 2274     74    18   530    -1       -1    122
 2275   2820  2821  3360    -1       -1  13652
 2276   3349  3103   483    -1       -1  18770
 2277    302   303  1501    -1       -1   1139
 2278   2402  3361  3362    -1       -1  20694
 2279   3363  2142  3364    -1       -1  10113
 2280   1957  1318  1501    -1       -1  12534
 2281     20  2494  2495    -1       -1   9626
 2282    504  2061   506    -1       -1    793
 2283    757  3365   759    -1       -1  10331
 2284   2482  2481  1140    -1       -1   4461
 2285   2366  1139  2768    -1       -1   2629
 2286   2820  3366  2631    -1       -1  13303
 2287   1010  1735   177    -1       -1  13378
 2288   1769  1015  3367    -1       -1  20247
 2289   1557  3368  1545    -1       -1   6925
 2290    410  1756   412    -1       -1   5536
 2291   3048   412   116    -1       -1   5461
 2292   3048   411   412    -1       -1   4741
 2293   2221  2900  1253    -1       -1  22361
 2294   2840  2587  3369    -1       -1  17566
 2295   3370  1704  2541    -1       -1   8111
 2296   2060  3371  2271    -1       -1   1226
 2297   1103  2389  1006    -1       -1   6243
 2298    320  3372   322    -1       -1   1611
 2299   2511  3373  2589    -1       -1  15972
 2300    631  1901  3140    -1       -1  14798
 2301    747  2185  3055    -1       -1  15653
 2302    286  1528  1529    -1       -1   4806
 2303   1785  1786  1093    -1       -1  14397
 2304   3375  3374  3376    -1       -1   2973
 2305   1085  3377  2607    -1       -1   7787
 2306   2826  1165  1954    -1       -1   6991
 2307   1165   699  1954    -1       -1   6991
 2308   3337   319  1448    -1       -1  12449
 2309   1198   964   965    -1       -1   4681
 2310   1705  3303  2541    -1       -1  16895
 2311   3045  1991   564    -1       -1   7372
 2312   3378  1567  3379    -1       -1   1285
 2313   3380  2662  2660    -1       -1  15723
 2314   1219  1220  2508    -1       -1  16284
 2315   3056  2185   131    -1       -1  15585
 2316   3381  2557  3382    -1       -1   2461
 2317   3383  1159   651    -1       -1  21381
 2318   3384  2287   652    -1       -1  21188
 2319   2398  2399  1351    -1       -1  22199
 2320   2836  3385  2927    -1       -1  11087
 2321   3156  2700  2044    -1       -1  16259
 2322   2175  3386  1281    -1       -1  11086
 2323   1470  2892   539    -1       -1  15961
 2324   1830  2095  1037    -1       -1   2295
 2325   2962  2808  3267    -1       -1     44
 2326   2095  1036  1037    -1       -1   2295
 2327   2403  2187  2551    -1       -1  12670
 2328   2966  2962  3267    -1       -1  12699
 2329    767  3387   466    -1       -1  12344
 2330   3389  3388   645    -1       -1   2375
 2331   2560  3388  3389    -1       -1   2403
 2332   3391  3390  3392    -1       -1   9321
 2333    548  3393  1238    -1       -1   4295
 2334   1286  1282  1747    -1       -1   9116
 2335   2467  2276  1377    -1       -1   9317
 2336    339   802   794    -1       -1   7345
 2337   3394  2969  3395    -1       -1   2163
 2338   3246  1221  3396    -1       -1  14878
 2339    752   314   599    -1       -1   1078
 2340   1661   960  2954    -1       -1   4280
 2341   2416  2063  2418    -1       -1  18040
 2342   2524  1909  1910    -1       -1   8928
 2343    337   338  2069    -1       -1   7060
 2344   2506   784  3397    -1       -1  20643
 2345   3398  1426  3399    -1       -1  14568
 2346   3401  3400  3402    -1       -1   5586
 2347   1867  2803  3403    -1       -1  16672
 2348   1822  1746  3403    -1       -1  16809
 2349   3405  3404  3406    -1       -1  15812
 2350     49  1867  3403    -1       -1  15826
 2351   1746    49  3403    -1       -1  15826
 2352   2455  2454  1213    -1       -1  18180
 2353   2661  3407   663    -1       -1  15814
 2354    625  3408  3409    -1       -1   3972
 2355   3410   709   913    -1       -1  14627
 2356    709   707   913    -1       -1  14627
 2357   3411  1852  3211    -1       -1  12095
 2358   1452  3210  1852    -1       -1  10134
 2359   2115   477  3355    -1       -1   7477
 2360   3412  1856  2248    -1       -1  17938
 2361   2337  3412  2248    -1       -1  17938
 2362   2068  2115  3355    -1       -1    144
 2363   1557  3413  3414    -1       -1   4629
 2364    722  2068  3355    -1       -1   7499
 2365   1593   523  3415    -1       -1   6478
 2366    761   762  3223    -1       -1  17251
 2367    831   832  3416    -1       -1  21990
 2368   1753  1119   540    -1       -1  16181
 2369   3152  3417  3361    -1       -1  20920
 2370   2975  2160  2161    -1       -1  20969
 2371   2401  3152  3361    -1       -1  20305
 2372   2153  1273  2380    -1       -1  11987
 2373   3418  2153  2380    -1       -1  12255
 2374   3131  3419  3420    -1       -1  22900
 2375   3421  2280  2576    -1       -1   8075
 2376   1860  1861  1862    -1       -1  10837
 2377   2371  1928   864    -1       -1   6426
 2378   1623   388  1624    -1       -1    399
 2379    514  3422  1624    -1       -1    272
 2380   2762  1024  3423    -1       -1  12682
 2381   1937  1860  1862    -1       -1  10297
 2382   2507  1045  3424    -1       -1  16307
 2383   3426  3425  3427    -1       -1  22812
 2384   3424  2832  3428    -1       -1  16287
 2385   1045  2715  3424    -1       -1  16307
 2386   1288  2103  2315    -1       -1   1404
 2387   2144   446  2356    -1       -1  15821
 2388   1675   529  3429    -1       -1  11043
 2389   1675  3429  3430    -1       -1  10169
 2390   2666  3431  3432    -1       -1  18402
 2391    343   788  1948    -1       -1   6053
 2392   2428  3433  3432    -1       -1  18606
 2393    380   790   382    -1       -1   8607
 2394   3295  3296  3212    -1       -1   7071
 2395   1908  1909  3058    -1       -1   1384
 2396   1376  2467  1377    -1       -1   9088
 2397   2396   262   805    -1       -1   3213
 2398   3168   181  3029    -1       -1   5349
 2399    303  2432  2141    -1       -1  12681
 2400   3434   713   714    -1       -1   6226
 2401    542  1875   544    -1       -1  16215
 2402   1991  1132   564    -1       -1   7298
 2403   2810  3434   714    -1       -1   8713
 2404     83    81  3108    -1       -1  16336
 2405    564   562  3435    -1       -1   7355
 2406   3000  1539  3001    -1       -1  18064
 2407   3436  2640  1591    -1       -1  15316
 2408   3437  1901  3001    -1       -1  14670
 2409   1901  1565  3001    -1       -1  20803
 2410   3438  1883  2078    -1       -1  22191
 2411    386   387  1424    -1       -1   2344
 2412   1884  2286  2078    -1       -1  22195
 2413   2286  3384  2078    -1       -1  22402
 2414   3440  3439  3441    -1       -1  18678
 2415   3439  3433  3442    -1       -1  18701
 2416   1793  1792  1778    -1       -1   5414
 2417    218  1779   217    -1       -1   5945
 2418   2503  2489  2505    -1       -1  16070
 2419   2262   610  3443    -1       -1   1484
 2420   1111  3444  3445    -1       -1  16464
 2421   3447  3446  3448    -1       -1   4749
 2422    768   466   637    -1       -1  12336
 2423    363  1844   362    -1       -1  11945
 2424   3449   622  3450    -1       -1  10732
 2425    120  2774   122    -1       -1   2679
 2426   3451  1749  3019    -1       -1  19352
 2427   1971  2548  1973    -1       -1  22296
 2428   2266  3298  3452    -1       -1   1636
 2429   2812    66  3075    -1       -1   7378
 2430    707   398   399    -1       -1  14600
 2431   2182  2183  3453    -1       -1  12701
 2432   1646   157  1647    -1       -1   3675
 2433   1247  3454  2695    -1       -1  15509
 2434    158  1040  3100    -1       -1  11243
 2435   3180  2903  3455    -1       -1   2268
 2436    992  1158   994    -1       -1  21331
 2437   1960   282  3456    -1       -1   7922
 2438   2430  1839  3457    -1       -1  10893
 2439   2866  3046  1739    -1       -1  11370
 2440   2465  3134  1519    -1       -1  21163
 2441   1520  2466  1519    -1       -1  22855
 2442   3261  3259  3458    -1       -1  14719
 2443   3459   569   570    -1       -1   9578
 2444   2057  1808  3460    -1       -1  15390
 2445   2842  2420  3276    -1       -1  17304
 2446   3368  1557  1336    -1       -1   7006
 2447     84  2088  2089    -1       -1   5152
 2448   1137  1138  3461    -1       -1   8636
 2449    344  3266  3268    -1       -1   5566
 2450   1511  1007  2964    -1       -1   8229
 2451   2666  3432  2665    -1       -1  18651
 2452   2540  3208  2539    -1       -1  13936
 2453   2754  1506  3462    -1       -1  11064
 2454   3463  2754  3462    -1       -1   6836
 2455   1716  1717  3284    -1       -1   3214
 2456    675  2902  3464    -1       -1   1234
 2457   3091  1716  3284    -1       -1    355
 2458   1105  3061   159    -1       -1   3672
 2459   3061  1040   159    -1       -1   1471
 2460   3350  2805   220    -1       -1  13780
 2461   3466  3465  3467    -1       -1   1356
 2462   3469  3468  3470    -1       -1   8351
 2463   1458  1981  3470    -1       -1  16418
 2464   1457  1458  3470    -1       -1   1303
 2465   3468  1457  3470    -1       -1  19028
 2466   1649   613  1651    -1       -1  11110
 2467   2344  1831  1832    -1       -1   1932
 2468     64  3471  3472    -1       -1   4040
 2469   3433  2428  2429    -1       -1  18606
 2470    921  3090  2527    -1       -1   3934
 2471   2429  2225  3473    -1       -1  17011
 2472   2427  2225  2429    -1       -1  18658
 2473   3321  3474  3475    -1       -1  14961
 2474   1821  3476  1840    -1       -1  16778
 2475   1886  1724  2113    -1       -1  22326
 2476   2749  2774   868    -1       -1   2410
 2477   2808  2962  3477    -1       -1     44
 2478   3454  2963  2695    -1       -1  15509
 2479   2196  1237  1242    -1       -1  12757
 2480   1590  2798  2847    -1       -1  17586
 2481    978   979  2847    -1       -1  15635
 2482   2798   978  2847    -1       -1  17586
 2483   3478  2611  2612    -1       -1  11672
 2484   1086  2842  3276    -1       -1  17083
 2485    456  1267  1151    -1       -1   1890
 2486    130  2185  2186    -1       -1  15541
 2487    764   226  2304    -1       -1  11792
 2488    518  1134   519    -1       -1   2884
 2489   1759  1384   857    -1       -1  19320
 2490    202   203   519    -1       -1   1016
 2491   3479  2422   558    -1       -1   3556
 2492   3480  1416  2952    -1       -1   6522
 2493    161   665  3481    -1       -1  14241
 2494   3482  2655  2099    -1       -1  20834
 2495    768   191   767    -1       -1  10564
 2496   1890   701  1156    -1       -1  22181
 2497   3021   370  1847    -1       -1   1346
 2498   3153  2651  3483    -1       -1  21008
 2499   3266   915   653    -1       -1   5395
 2500   3484  2474  2764    -1       -1   5863
 2501   1837   350   351    -1       -1   1934
 2502    125  3137  3485    -1       -1   2688
 2503    702  1883  1155    -1       -1   1573
 2504   2071  2625  3486    -1       -1  20665
 2505   2942  3487  3488    -1       -1  18132
 2506    966  2711  3489    -1       -1  16270
 2507    976   152   975    -1       -1  21744
 2508   2630  3490  3491    -1       -1  19058
 2509   1618  2407   601    -1       -1  11217
 2510   3157   358  3492    -1       -1  15751
 2511   1355  1078  1631    -1       -1   1321
 2512    986  3493  2973    -1       -1    884
 2513   2407   600   601    -1       -1    883
 2514    639  2830  3494    -1       -1   7892
 2515   3495  3349  3496    -1       -1  21368
 2516   3496   483  3497    -1       -1  21343
 2517   3103   482   483    -1       -1  21335
 2518   2197   848   889    -1       -1  22694
 2519    985   986  2974    -1       -1  11874
 2520   1214  2197   889    -1       -1  13721
 2521   3105  1628   890    -1       -1  13631
 2522   2076   991  2748    -1       -1   2677
 2523   3233   690   311    -1       -1   2439
 2524    328  2601  3498    -1       -1   9652
 2525    108  3499  3500    -1       -1   5943
 2526    509   507   987    -1       -1   3389
 2527    507  3493   986    -1       -1  11829
 2528   3502  3501  3503    -1       -1   9658
 2529   3504  3393  1768    -1       -1   4369
 2530   3234  2253  2288    -1       -1  21913
 2531   3506  3505  3507    -1       -1   7513
 2532   2603  3508  2609    -1       -1   7456
 2533   3509  1799   685    -1       -1  21204
 2534   2289  3354  2288    -1       -1  21980
 2535   2122  1730   470    -1       -1  18985
 2536    499  1460  1992    -1       -1  17947
 2537   3510  2720  3511    -1       -1  22587
 2538   3512  2357  2358    -1       -1  22502
 2539   2124  2122   470    -1       -1  16514
 2540    460  3513  1246    -1       -1  15365
 2541    772  1923   774    -1       -1  19712
 2542   2720  3512  3511    -1       -1  22503
 2543    277   240  1889    -1       -1  12830
 2544   1460  2063  1992    -1       -1   5267
 2545    338  3009  2069    -1       -1   7060
 2546   1686   463  1685    -1       -1   3029
 2547   1579  1063  3514    -1       -1  22141
 2548   2631  3366  2633    -1       -1  13303
 2549   1063  1062  3514    -1       -1  22194
 2550   3515  2040  3491    -1       -1  16462
 2551   2183  3125  3453    -1       -1  14960
 2552   3516  2840  3369    -1       -1  17566
 2553   1752  3445  1754    -1       -1  16656
 2554   1635  2005  2238    -1       -1   8374
 2555   2711  2507  2508    -1       -1  16302
 2556   1915   469  2400    -1       -1  22127
 2557   1540   499  1992    -1       -1  17947
 2558   3518  3517  3519    -1       -1   1631
 2559   3400  3401  1969    -1       -1   1515
 2560    722   337  2069    -1       -1   7335
 2561   2454  1425  3517    -1       -1  17989
 2562   1362  1363  2860    -1       -1  15694
 2563   1880  1107   967    -1       -1  15986
 2564   1107  3520   967    -1       -1  15986
 2565    308   272   310    -1       -1   2618
 2566   2712  2713  2771    -1       -1  12726
 2567   3459  3253  2277    -1       -1   9574
 2568    734   725  3521    -1       -1     60
 2569   3393  3504  2367    -1       -1   4348
 2570   1238  3393  2367    -1       -1   4348
 2571   3522   440  3523    -1       -1  21211
 2572   2365  1238  2367    -1       -1   4370
 2573   1548  3222  2580    -1       -1   7365
 2574   3065   491  2368    -1       -1  17928
 2575    225   705   873    -1       -1   4550
 2576   3524   862  3525    -1       -1   2368
 2577    224   225   873    -1       -1   4598
 2578    642  2021   643    -1       -1  14057
 2579   2819   778   779    -1       -1  18273
 2580   3034   397  3036    -1       -1  14540
 2581   1317  2021   642    -1       -1  14097
 2582   3526  3517  3527    -1       -1  18061
 2583   3529  3528  2515    -1       -1   9000
 2584   3517  1425  3527    -1       -1  18018
 2585   3398  1465  1466    -1       -1  20396
 2586    747  3055  2976    -1       -1  15653
 2587   1164  1162  3530    -1       -1   2019
 2588   2972  3233   312    -1       -1   2275
 2589    690  1640   311    -1       -1   2453
 2590   3373  2892  2589    -1       -1  15972
 2591    746   747  2976    -1       -1  12661
 2592    233   828  1593    -1       -1    854
 2593   3532  3531  3441    -1       -1  17087
 2594    607   254  2167    -1       -1    448
 2595   2902  1348  3533    -1       -1  13982
 2596   1384  1385  2448    -1       -1  19444
 2597   1825  3534  2999    -1       -1  19435
 2598    355  2961  3535    -1       -1  11931
 2599   2560   274  3388    -1       -1   2403
 2600   2710   127  2717    -1       -1  21426
 2601   2711  2508  3489    -1       -1   1397
 2602   3164  3536  3537    -1       -1  21454
 2603   2497   563  1133    -1       -1   5833
 2604   3538  2466  1931    -1       -1  22875
 2605   2466  1520  1931    -1       -1  22582
 2606   1931  1932  3539    -1       -1  20655
 2607   1322    96    97    -1       -1  21213
 2608   3150   373   374    -1       -1  21098
 2609   3159  2651  3153    -1       -1  21008
 2610    309   310  3540    -1       -1   2762
 2611    884  3159  3153    -1       -1   1549
 2612    731   732   965    -1       -1   7065
 2613   3417  3152  3153    -1       -1  20241
 2614   3541  1323  1349    -1       -1  13842
 2615   1343  2434  2435    -1       -1  12966
 2616   1634  1455  1636    -1       -1   8484
 2617   2207  1983  1321    -1       -1  18511
 2618   1456   145  1636    -1       -1   7217
 2619   1132   801  1133    -1       -1   4108
 2620   3536  3063  3537    -1       -1  21334
 2621   2610  3411  3211    -1       -1  12105
 2622   2013  2951  1417    -1       -1    533
 2623    834  2853   190    -1       -1  20000
 2624   2853   189   190    -1       -1  18218
 2625   1688  2648  1689    -1       -1  18378
 2626    884  3152   886    -1       -1  14560
 2627   1801  1802   838    -1       -1  21884
 2628   1513  1008  1009    -1       -1   9109
 2629   1511  2524  1009    -1       -1   9201
 2630   1282  1285  3542    -1       -1  15796
 2631   1509  3543  2643    -1       -1   9260
 2632   2621  1971  1972    -1       -1  21761
 2633   2621  2113  1971    -1       -1  22324
 2634   2112  2548  1971    -1       -1  21928
 2635   1412  3120  1409    -1       -1  18801
 2636   1410  2291  1409    -1       -1  18344
 2637   3141  3544  3545    -1       -1   5673
 2638   3120  3546  1409    -1       -1  18782
 2639    475  1750   940    -1       -1  18986
 2640   2760  1872  1873    -1       -1  17870
 2641   2760  1873  2092    -1       -1  17870
 2642   2957  2588  2551    -1       -1  15479
 2643   1229  1230  1849    -1       -1  10746
 2644    130  2186   461    -1       -1  15546
 2645   1849  1230   459    -1       -1    365
 2646   2133   438  1915    -1       -1  22126
 2647   2821  1444  3360    -1       -1  13652
 2648   1017  1625  3138    -1       -1    957
 2649   3547  2133  1915    -1       -1  22490
 2650   2398  3547  1915    -1       -1   2118
 2651   2454  3517  3518    -1       -1  17989
 2652   1306    75  3519    -1       -1  18052
 2653   1212  2454  3518    -1       -1  18196
 2654   3549  3548  2199    -1       -1  19121
 2655   1466  1464  2594    -1       -1  20260
 2656   3549  2199   858    -1       -1  19121
 2657   2016  2017  3336    -1       -1  21549
 2658   1973  2548  3336    -1       -1  21784
 2659    463  1686   465    -1       -1   3029
 2660   2061  2269  3550    -1       -1    976
 2661   2673  1649  1650    -1       -1  11622
 2662   1967  2070   584    -1       -1  20911
 2663   3349   483  3496    -1       -1  18770
 2664    588  3046  3551    -1       -1   3416
 2665   1038  3297   520    -1       -1  19668
 2666    521  1039   520    -1       -1  19676
 2667    667   668    14    -1       -1   9068
 2668   1783   667    14    -1       -1   9068
 2669    337  2931   339    -1       -1   3197
 2670    606   607  2165    -1       -1   6497
 2671    804  1646  1418    -1       -1   3480
 2672   3348  2305  3552    -1       -1   1058
 2673   1303  1304  2295    -1       -1  21669
 2674    362  1844  3553    -1       -1      2
 2675   3555  3554  3556    -1       -1  13393
 2676   2963  2776  3557    -1       -1   1363
 2677   1694  1692  3558    -1       -1   2062
 2678   1653   951  3268    -1       -1   5623
 2679    787   344  3268    -1       -1    449
 2680   3348  2172  3559    -1       -1   7753
 2681   3516  2066  2919    -1       -1  17567
 2682     46  2519    48    -1       -1  18587
 2683   2484    47    48    -1       -1   1749
 2684    634  2406   633    -1       -1   9338
 2685   2402  2401  3361    -1       -1  20694
 2686   3377  3560  3561    -1       -1  15804
 2687   1514  1512   633    -1       -1   9092
 2688   1512  1012   633    -1       -1   9461
 2689   1573  2921  2922    -1       -1  19015
 2690   3563  3562  3564    -1       -1   4064
 2691   3565  2922  3566    -1       -1  16527
 2692   2920  3567  2922    -1       -1  18977
 2693   2313  1683  1684    -1       -1  19087
 2694   3197  3198  3421    -1       -1    672
 2695    204   577  3568    -1       -1  10656
 2696    658  1608  3569    -1       -1  14551
 2697   3396  3570  3571    -1       -1  14525
 2698    915  2689   655    -1       -1   5430
 2699   2308  3074  3572    -1       -1  10232
 2700   2949   574  3573    -1       -1   8524
 2701   1126  2861   655    -1       -1   5617
 2702   2689  1126   655    -1       -1   5430
 2703   1343   795  1439    -1       -1  12807
 2704   3574  2166  3575    -1       -1   7857
 2705   2642  1508  2643    -1       -1   9121
 2706   2171  3347  3576    -1       -1   8045
 2707   3197  3421  3576    -1       -1   8037
 2708   3421  2171  3576    -1       -1    859
 2709   1394  2868  3577    -1       -1  13869
 2710    372  1585  3578    -1       -1  21167
 2711   1633   372   373    -1       -1  13840
 2712   2868  1633   373    -1       -1  13728
 2713    869   870  3579    -1       -1  21997
 2714   2566  2567  3580    -1       -1   5680
 2715   3582  3581  3318    -1       -1  21827
 2716   3416  2664  3583    -1       -1  21941
 2717   3370  2539  3584    -1       -1  18641
 2718   2188  2189  3172    -1       -1  13933
 2719   1707  3585  1677    -1       -1   1154
 2720   3586   700  1102    -1       -1    550
 2721   2865  2018  3551    -1       -1     61
 2722   2119  2581  3584    -1       -1  18767
 2723   3587   263   264    -1       -1   3361
 2724   2016  3495  2018    -1       -1   2992
 2725   2865  2017  2018    -1       -1   2660
 2726    135   119  1531    -1       -1  14696
 2727   3588   362  3553    -1       -1  13283
 2728   1595  1317  3589    -1       -1  13875
 2729   1530  1531  3206    -1       -1   1432
 2730   1594  1595  3589    -1       -1   1362
 2731   1317  1318  3589    -1       -1  13875
 2732   3590  3365   757    -1       -1  10331
 2733   1485  1594  3589    -1       -1  12625
 2734   1192  3590   757    -1       -1  10301
 2735   3592  3591  3593    -1       -1  16283
 2736   2772  1486   738    -1       -1  14400
 2737   2191  2772  1023    -1       -1  14297
 2738   2082  3594  3595    -1       -1   1567
 2739   2630   474   940    -1       -1  16150
 2740   1261  2572  3236    -1       -1   7829
 2741   2783  2574  3236    -1       -1   7660
 2742    166  2211   899    -1       -1   4035
 2743   3590  1192  3190    -1       -1  10301
 2744   2211  3596   900    -1       -1     50
 2745   1515   414  3190    -1       -1  10526
 2746   1623  3091  3597    -1       -1   2648
 2747     34  2763  2256    -1       -1  12142
 2748    414  3590  3190    -1       -1  10526
 2749   2991   395  2770    -1       -1   2147
 2750    429  1219   432    -1       -1  15037
 2751   2388   924  2256    -1       -1  12181
 2752   3347  2171  2172    -1       -1   8013
 2753   3592  3598  3591    -1       -1  15374
 2754   3209  3207  3599    -1       -1   7737
 2755   1766  3504  1768    -1       -1   4369
 2756   1655  3535   232    -1       -1  10921
 2757   3535  2961   232    -1       -1  10921
 2758   2075  2391  2604    -1       -1  17188
 2759   2207  1319  2075    -1       -1  16975
 2760    792   315   550    -1       -1   4171
 2761   1118   790  1120    -1       -1  15831
 2762    548  1238   550    -1       -1   4295
 2763   1428  1429  3215    -1       -1    822
 2764   3393   548   821    -1       -1   4316
 2765   2830  1866  3600    -1       -1    906
 2766   3549  3170  3601    -1       -1  19098
 2767   3548  3549  3601    -1       -1  19336
 2768   2734  3478  2738    -1       -1  12132
 2769   3602  1477  1658    -1       -1   7877
 2770    317  3326  3603    -1       -1  12511
 2771   3326  3327  3603    -1       -1  11025
 2772   2644  1363  1364    -1       -1   1374
 2773    662  2157  1087    -1       -1   9212
 2774   2606   662  1087    -1       -1   9212
 2775   2431  3604  1241    -1       -1  12398
 2776   1995  1450  3243    -1       -1  19648
 2777   2644  3605  1363    -1       -1  12593
 2778   1838  2430  1224    -1       -1  10986
 2779   2708    11    12    -1       -1  16047
 2780     43    44  1225    -1       -1  11745
 2781   2434  1563  1564    -1       -1  11810
 2782   1583  1710    10    -1       -1   1265
 2783   1072  1583    10    -1       -1   1265
 2784    518  2786  2787    -1       -1    931
 2785    518  2787  3606    -1       -1    931
 2786    370  3020  1846    -1       -1  15414
 2787   2577  1187  2019    -1       -1  18338
 2788    237  3304  3044    -1       -1  19989
 2789   3167   142   143    -1       -1  14555
 2790     53   237  3044    -1       -1   5154
 2791   3607   945  3456    -1       -1   7747
 2792    944   945  3607    -1       -1     63
 2793   2494    21  2619    -1       -1   9967
 2794   3608  3607  3456    -1       -1   8829
 2795   3557  1467  2695    -1       -1  12573
 2796   1467   129  2695    -1       -1  12573
 2797     19  3003    21    -1       -1   9985
 2798   2282  3194  3609    -1       -1    158
 2799    169  1762  2619    -1       -1   9159
 2800   1763  2493  2494    -1       -1   7303
 2801   1808  2057  2037    -1       -1  17835
 2802   3189  3610  3611    -1       -1  12822
 2803   2091  1873    83    -1       -1  16298
 2804   3612  2036  2037    -1       -1  17883
 2805   3028  2898  3613    -1       -1   7780
 2806    296  2436   298    -1       -1  19419
 2807   2480  3614  3615    -1       -1   1070
 2808   1343  1438  1342    -1       -1  12766
 2809   1872  2756  3616    -1       -1  18209
 2810   2756  3466  3616    -1       -1  17153
 2811   2732  2696  2476    -1       -1  16304
 2812   1919  3264  2424    -1       -1  19179
 2813   3264   432  2424    -1       -1  17097
 2814    432  1219  2424    -1       -1  18249
 2815   1604  1919  2424    -1       -1  19179
 2816   1485  3589   352    -1       -1  12759
 2817   3617  2470  3618    -1       -1   6062
 2818   2538  3619  3216    -1       -1   6334
 2819   3134  2465  3620    -1       -1  21163
 2820   1786   238  1093    -1       -1  12838
 2821   3589  1318   352    -1       -1  12985
 2822   1132  1991   794    -1       -1   7298
 2823   1393  1615  3621    -1       -1  14098
 2824    801  1132   794    -1       -1    520
 2825   1385  1249  1250    -1       -1  19046
 2826   2036  2091  3108    -1       -1   1250
 2827   3622    28    29    -1       -1  18421
 2828   1440   515   932    -1       -1  12410
 2829    516  1270   932    -1       -1   1055
 2830   1299  2713  2840    -1       -1  15639
 2831   3623  1935  3624    -1       -1  10825
 2832   1937  1862  3624    -1       -1  10858
 2833   1862  3623  3624    -1       -1  10825
 2834   3625  2917  2918    -1       -1   9017
 2835   1932  1916  3539    -1       -1  22821
 2836    368   367  3626    -1       -1   9851
 2837    362   612   364    -1       -1  13055
 2838    232    22  1656    -1       -1  11646
 2839   2480  2479  1656    -1       -1  11625
 2840   2479  1655  1656    -1       -1  10831
 2841   3418  2380  2381    -1       -1  12255
 2842   3627  2625  1967    -1       -1  19642
 2843   3417  3628  3629    -1       -1  18124
 2844   3361  3417  3629    -1       -1  20920
 2845   2381  2534  2679    -1       -1  12269
 2846   3416  2402  3362    -1       -1  20672
 2847   3418  2381  2679    -1       -1  12269
 2848   2830   640  2896    -1       -1  10531
 2849    463   464  2482    -1       -1   4493
 2850   1288  3630  1287    -1       -1   5640
 2851   2657  2966  2656    -1       -1   1261
 2852    640  1440  2896    -1       -1  12318
 2853   2150  1866  2896    -1       -1   6429
 2854   3408  2610  3409    -1       -1   3972
 2855    295  2531  3328    -1       -1   4992
 2856   2034   366  2033    -1       -1  10260
 2857   1892   625  3409    -1       -1  12169
 2858   3632  3631  3039    -1       -1  10398
 2859   1721  3543  1723    -1       -1   9099
 2860   2041  2042  2033    -1       -1  10003
 2861    250  3380   323    -1       -1  15744
 2862     78  2452    80    -1       -1    569
 2863   2942  3488  2943    -1       -1  18132
 2864   3633  3574  1881    -1       -1   6565
 2865   3634  2521  3635    -1       -1   1477
 2866   2867   895   241    -1       -1   1301
 2867   2960   777  3636    -1       -1  17588
 2868    895   358   241    -1       -1   1301
 2869   2482  1140  2255    -1       -1   4461
 2870   3168  3029  3637    -1       -1   6195
 2871   2700  3156  3157    -1       -1  16558
 2872    693  2119  2120    -1       -1   1512
 2873   3592  2732  2476    -1       -1  15325
 2874   2697  2700  3157    -1       -1   8316
 2875   1035  2374  2552    -1       -1    293
 2876   1423  1035  2552    -1       -1    293
 2877   2846    92  2275    -1       -1   3088
 2878   2554   513  2552    -1       -1   2364
 2879   2432   303   304    -1       -1  14000
 2880   3375   621  3374    -1       -1  10076
 2881     54    52   576    -1       -1  20127
 2882   1618  2150  1617    -1       -1  11033
 2883   2164  1703  1586    -1       -1   2941
 2884    308  2409  2410    -1       -1   2815
 2885   1354  2867  2504    -1       -1  15979
 2886    242  2503  2504    -1       -1  15993
 2887   2867   241  2504    -1       -1  15979
 2888   1383  3341   742    -1       -1   8801
 2889    241   242  2504    -1       -1  15469
 2890   3341  3342   742    -1       -1   8843
 2891    740  1383   742    -1       -1   8192
 2892   3639  3638  3640    -1       -1  17377
 2893   2126  3641  3640    -1       -1  17380
 2894    132  2421  3642    -1       -1  15689
 2895   3643  3350   220    -1       -1  11377
 2896   2156   762   763    -1       -1   1464
 2897   2490  2491  3644    -1       -1    507
 2898   3092  1942  3093    -1       -1  14004
 2899   2051  3644  2354    -1       -1   6192
 2900    108  1949  3499    -1       -1   5943
 2901   1978  3645  2818    -1       -1    439
 2902   2592   741  2458    -1       -1   6027
 2903    367  3003  3626    -1       -1   9747
 2904   3646  3429  3647    -1       -1  10706
 2905   1745  1746  1840    -1       -1  15835
 2906   3191  2757  2850    -1       -1  18233
 2907     87  3648  3098    -1       -1  14646
 2908   2850  2757  2849    -1       -1  17910
 2909   1885   702   703    -1       -1  22122
 2910   1310  3649  3650    -1       -1  22081
 2911   3487  3651   271    -1       -1  14120
 2912     89    87  3652    -1       -1  13391
 2913    816  2281  3098    -1       -1  14858
 2914   3653  2732  3592    -1       -1  16382
 2915   3325  3322  3654    -1       -1  13158
 2916   2259  3655  2004    -1       -1  21816
 2917   3656   975  3657    -1       -1   1720
 2918    904  3658  2901    -1       -1  21301
 2919   2536  2537  1432    -1       -1   6634
 2920   1441  1528  1993    -1       -1   4815
 2921   2848  1293  1408    -1       -1  17009
 2922   2537  1806  1431    -1       -1    622
 2923    114  3047   116    -1       -1   5455
 2924   3659  3150   374    -1       -1  18399
 2925   1441  1442  1528    -1       -1   4845
 2926   1399  2339  3533    -1       -1  13770
 2927   1942  3016  3660    -1       -1    874
 2928   2339  1818  3533    -1       -1  14131
 2929   3103  3331  3104    -1       -1  13914
 2930    971  1585  3661    -1       -1  13795
 2931    918  3013  1912    -1       -1  23091
 2932   3013  2910  1912    -1       -1  23091
 2933   3662  1911  1912    -1       -1  22997
 2934   2910  3662  1912    -1       -1  22814
 2935    992   993  3104    -1       -1  13816
 2936   2964  3010  2965    -1       -1   9133
 2937   1850  1846  3258    -1       -1  14905
 2938   1846  3020  3258    -1       -1  15036
 2939   2635  3458  3258    -1       -1  15156
 2940   3259  3260  3663    -1       -1  15174
 2941    349  3229  2547    -1       -1   1209
 2942   3229  3664  2547    -1       -1  13612
 2943   2672  1516  2547    -1       -1  13318
 2944   3664  2672  2547    -1       -1  13318
 2945    592   112   113    -1       -1   5781
 2946   2931   721  3665    -1       -1   7621
 2947   1402  1433  1401    -1       -1    479
 2948    234  1593  3415    -1       -1   8265
 2949   1178  1179  2052    -1       -1   1335
 2950   3666  1950  3060    -1       -1   5324
 2951    950   951  1950    -1       -1   5400
 2952   2706   921   922    -1       -1  10830
 2953    933  2706   922    -1       -1  11813
 2954    926   933   922    -1       -1  12299
 2955   1391  1232  3667    -1       -1   3004
 2956   1232  3015  3667    -1       -1   1739
 2957   1051  2725  1053    -1       -1  12643
 2958   3668    62    63    -1       -1   5711
 2959   1393  1614  1615    -1       -1  13941
 2960   2970  1327  1328    -1       -1  22683
 2961   1763  2494  2619    -1       -1   9548
 2962   1646  2864  1204    -1       -1   3449
 2963   2656  2966  2404    -1       -1  12596
 2964   3267  2403  2404    -1       -1  12691
 2965   2406   634  2468    -1       -1   9338
 2966   3550  2269   215    -1       -1   8994
 2967   1041   356   357    -1       -1  11642
 2968    355   416   357    -1       -1  11640
 2969   2757  2760  2849    -1       -1  17910
 2970    157  1646  1204    -1       -1   3686
 2971    768   916   193    -1       -1  12327
 2972    870  3669  3579    -1       -1  21825
 2973   1029  3082  1637    -1       -1  11991
 2974   2585  1314  3426    -1       -1  22808
 2975   1260  1259  3669    -1       -1  21855
 2976    247  3670  1670    -1       -1   5241
 2977   1255  1254  3671    -1       -1  22661
 2978   1805  2311  2010    -1       -1   6358
 2979   2970  1328  1255    -1       -1  22683
 2980   2010  2311   866    -1       -1   8117
 2981   2664   869  3583    -1       -1  21941
 2982    832  2402  3416    -1       -1  21887
 2983   2076  2077  2562    -1       -1   2696
 2984    249  1582  2081    -1       -1   5178
 2985   2754  3463  1602    -1       -1   6988
 2986   2032  2754  1602    -1       -1   6988
 2987   1602  3463  3672    -1       -1   8820
 2988   1942  3092  1941    -1       -1  14050
 2989   1473  2487  3673    -1       -1   5869
 2990    831  3416  3583    -1       -1  21990
 2991    453  3322  1708    -1       -1    165
 2992   2720  3510  2703    -1       -1  23090
 2993   3322  1021  1708    -1       -1  13255
 2994   3510  3511  3674    -1       -1  22583
 2995   3675  2760  2092    -1       -1  14694
 2996   3676  3378  3072    -1       -1   8692
 2997    400   401  3677    -1       -1  10785
 2998    933  2845  2722    -1       -1  10736
 2999   3678  2751  3679    -1       -1   1163
 3000   1943  2566  3680    -1       -1   5736
 3001   2448   856   857    -1       -1  18907
 3002   2424  1219  2425    -1       -1  18249
 3003   1219  2507  2425    -1       -1  16387
 3004   3266   653  3681    -1       -1   5576
 3005    411  3048  3682    -1       -1   5059
 3006   2507  3424  2425    -1       -1  16387
 3007   2937  3683  3684    -1       -1   5266
 3008   1592  2272  1723    -1       -1   9127
 3009   3579  3685  3686    -1       -1  22024
 3010   2078  3384  2447    -1       -1  22082
 3011   3438  2078  2447    -1       -1  22082
 3012   1424   387  2344    -1       -1   2141
 3013   1831  2344  2073    -1       -1   1932
 3014   3384  2445  2447    -1       -1   1815
 3015   2072  2384  2670    -1       -1   1959
 3016   2049  2050  2382    -1       -1  10163
 3017   2493  1763  3687    -1       -1   7500
 3018     27    25  2670    -1       -1   2054
 3019   3647  3335  3376    -1       -1  11266
 3020   2407  2408  3128    -1       -1  11179
 3021   2242  3688  1882    -1       -1   6756
 3022   2224  1611   775    -1       -1   1488
 3023   2520  2225  2226    -1       -1  17925
 3024   3343  2224  2227    -1       -1   1176
 3025   3070   147   579    -1       -1   3731
 3026   3689  1525   712    -1       -1  15654
 3027   1549  1547  3690    -1       -1   7495
 3028   3385  2836  3691    -1       -1  11087
 3029   3692  1792  3188    -1       -1   5432
 3030   2942  2559  3693    -1       -1  21059
 3031    639  3494  3691    -1       -1  11026
 3032   3691  2836  1674    -1       -1  10984
 3033    882  3006   881    -1       -1   4957
 3034   3006  2826   881    -1       -1   5031
 3035   1954  2744   881    -1       -1   6810
 3036   2826  1954   881    -1       -1   5031
 3037   3258  3458  3333    -1       -1  15220
 3038   2744  2265   883    -1       -1   6742
 3039   2293  1095   827    -1       -1   3000
 3040   1095   826   827    -1       -1   3000
 3041    825    16   827    -1       -1    211
 3042   3695  3694  2733    -1       -1  17734
 3043   2377  2378  3696    -1       -1   2826
 3044   3458  3259  3333    -1       -1  14719
 3045    859   860  2378    -1       -1   3674
 3046   3698  3697  3699    -1       -1  11556
 3047   1270  1271  3291    -1       -1  12417
 3048    874  2208  2993    -1       -1   6746
 3049   2468   634  3700    -1       -1   9076
 3050   3701  1483  3700    -1       -1   7807
 3051   2894  3702  3703    -1       -1   7064
 3052    932  2151  3704    -1       -1  12414
 3053   2564  3704  3705    -1       -1  12379
 3054   1440   932  3704    -1       -1  12246
 3055   2324  2951  3263    -1       -1   5032
 3056   1149  1150  2941    -1       -1   3001
 3057   2324  3263  2530    -1       -1   1857
 3058   1418  1647  3706    -1       -1   3693
 3059   2522  3263  2941    -1       -1   6885
 3060    657   658  3569    -1       -1  20948
 3061    157   158  2234    -1       -1   3682
 3062   3706  1647  2235    -1       -1   3694
 3063   3708  3707  3709    -1       -1   7199
 3064   1495  1911   988    -1       -1  20766
 3065   2389  2390  1006    -1       -1   6243
 3066    508  1858  3710    -1       -1   1949
 3067      5  3711  2929    -1       -1  18847
 3068   2773  2994  2913    -1       -1   2704
 3069   3165  3643   441    -1       -1  21416
 3070   2208  3414     9    -1       -1   4792
 3071    699  1481  1955    -1       -1   6880
 3072   1776  3172  1775    -1       -1  17715
 3073    552  3712  3713    -1       -1  22431
 3074   2744  1954  1955    -1       -1   6810
 3075   3534  1825  1826    -1       -1  19429
 3076    551  2944   552    -1       -1  22425
 3077   3685  3714  2290    -1       -1   1764
 3078    970   971  3661    -1       -1  13795
 3079     23  3715  3710    -1       -1  11752
 3080   2153  3418  2154    -1       -1   9541
 3081   1279  1088  1826    -1       -1  19482
 3082   3622  2854  3716    -1       -1  18447
 3083   3717  1312  1948    -1       -1   5835
 3084    769    28  3716    -1       -1  18401
 3085   2088    84    85    -1       -1   5152
 3086   1833  2088    85    -1       -1  18671
 3087   1726  3015  2228    -1       -1   5197
 3088    891   343  1948    -1       -1   6053
 3089    788  3717  1948    -1       -1   5529
 3090     73  2790  2859    -1       -1   3303
 3091   2790  2791  2859    -1       -1   3298
 3092   3718  3682  3719    -1       -1   5174
 3093   2858  2293  2859    -1       -1   2936
 3094   3670   247   248    -1       -1   5241
 3095    248  3719    86    -1       -1    401
 3096   3653  3720  3467    -1       -1  17683
 3097   2808   330  2839    -1       -1  15049
 3098    692  3721  1143    -1       -1   5097
 3099   3616  3466  3720    -1       -1  16294
 3100   1412  2291   903    -1       -1   4754
 3101   3722  2793  2550    -1       -1  20222
 3102    758  3723  2529    -1       -1  10175
 3103     69  1192  1193    -1       -1  11510
 3104   1414   903  2828    -1       -1   6356
 3105   2854  3622  3724    -1       -1   1760
 3106   1131  2346   685    -1       -1   1723
 3107    683  1131   685    -1       -1   1773
 3108   2346  3509   685    -1       -1  21204
 3109   1799   684   685    -1       -1  15680
 3110   1571   423  3725    -1       -1  18426
 3111   2681  2337  2680    -1       -1  17997
 3112   2442  1893  3726    -1       -1   1085
 3113   1743   667  1784    -1       -1   8945
 3114   1892  3409  1891    -1       -1  12099
 3115   3006  3007  3727    -1       -1   5009
 3116   1783  3728  2109    -1       -1    313
 3117    340  3725  3729    -1       -1   1192
 3118   1043   882   883    -1       -1   4943
 3119   2863  1630  1392    -1       -1  13790
 3120   2264  1043   883    -1       -1   3544
 3121    906  2236  2659    -1       -1   7570
 3122   3433  2429  3442    -1       -1  18593
 3123   1997  3401  1500    -1       -1  18137
 3124   2359  3730  3731    -1       -1  15816
 3125   3400  3732  3402    -1       -1   5586
 3126   1732   448  1929    -1       -1   1554
 3127    380  2359  3731    -1       -1   8628
 3128   2278  3733  2279    -1       -1  13258
 3129   3323  3324  2279    -1       -1  13216
 3130   2278  1650  1651    -1       -1  13218
 3131   1516  2053  1518    -1       -1  13377
 3132   3323   453  3324    -1       -1  13216
 3133   2873  3187  3734    -1       -1   5006
 3134    821  1365   820    -1       -1   4102
 3135   3455  2903   820    -1       -1   4192
 3136   1791  1792  3735    -1       -1   4935
 3137   3507   328  3498    -1       -1   9652
 3138   1132   563   564    -1       -1   7361
 3139    753  1824   596    -1       -1   3893
 3140   3736   593  3499    -1       -1   5761
 3141   1386   161  3604    -1       -1  12467
 3142   3535  1655  3737    -1       -1  11964
 3143   3738  3005  2622    -1       -1   1443
 3144    520  3297  3243    -1       -1  19643
 3145   3008  2460  2761    -1       -1   7103
 3146   1302  1303  3739    -1       -1  21668
 3147    568  2493   570    -1       -1   2721
 3148   3252  3253  3687    -1       -1   6386
 3149    577   124   125    -1       -1   3907
 3150   2759  3740  3741    -1       -1   3419
 3151   1044  2728  3007    -1       -1   6720
 3152   2826  3006  2825    -1       -1   6818
 3153   1421   889  1628    -1       -1  13756
 3154   1959   945   946    -1       -1   4944
 3155   1735  3742  3106    -1       -1  11395
 3156   2376  2781  3743    -1       -1   3400
 3157   2781  2782  3587    -1       -1   2672
 3158   3744  2057  3460    -1       -1  15390
 3159    944   721   946    -1       -1   4020
 3160    106  1422  3745    -1       -1  16513
 3161    608   770   610    -1       -1  19637
 3162   3554  1563  1049    -1       -1    951
 3163   3656  3655  3746    -1       -1  21954
 3164   2976  3055  2023    -1       -1  15636
 3165   1577   360  2443    -1       -1  21109
 3166   3438  2447  2985    -1       -1   1799
 3167   3299  2752  2753    -1       -1  14913
 3168    360   975  3656    -1       -1  21736
 3169   1420   399  3452    -1       -1   1231
 3170    684  3011  1129    -1       -1  21895
 3171   1260  3669  3747    -1       -1  20707
 3172   3748   681  3729    -1       -1  18461
 3173   3749   155  3750    -1       -1   6444
 3174   3751   681  3748    -1       -1  18086
 3175   3512  2720  2721    -1       -1  22503
 3176   3752  1578  2302    -1       -1     23
 3177   2725  2190  3753    -1       -1  12555
 3178   1607   708  1609    -1       -1  14608
 3179   1294  1608  1609    -1       -1  14553
 3180     88  1294  1609    -1       -1  14110
 3181   3570  3754  3755    -1       -1  20651
 3182   3627  3570  3755    -1       -1  20812
 3183   2625  3627  3755    -1       -1  19642
 3184   3756  1061  3757    -1       -1  14594
 3185   3754  1390  2691    -1       -1  20329
 3186   2437  1896  1897    -1       -1  19727
 3187   2036  3108  2038    -1       -1  15409
 3188   2209  1556  3414    -1       -1   4791
 3189   2634  3020   371    -1       -1  15423
 3190   3758  1359  3107    -1       -1  12631
 3191   3462  1506  1829    -1       -1  11173
 3192   2208  2209  3414    -1       -1   4781
 3193   3759  2345  3760    -1       -1  10896
 3194   1556  1557  3414    -1       -1   4791
 3195   3761  2258  3335    -1       -1  11251
 3196    424  1675  1829    -1       -1   3648
 3197   1675  3462  1829    -1       -1  11173
 3198   3061   426   995    -1       -1    889
 3199   2113  1724  2985    -1       -1  22326
 3200   1724  3438  2985    -1       -1   1799
 3201   2112  2113  2985    -1       -1   4997
 3202   2447  2446  2985    -1       -1  22158
 3203   1526  2909  1100    -1       -1   4905
 3204   2134  2947  2136    -1       -1   2048
 3205   1527  2152  2908    -1       -1    560
 3206   2295   270  3762    -1       -1  21185
 3207   3384  2286  2287    -1       -1  22402
 3208     55  1796  1101    -1       -1   1596
 3209   1100  3763  1102    -1       -1   4939
 3210   2804  2415  3764    -1       -1   7523
 3211   2083  2986  2287    -1       -1  22282
 3212   1450   229  1449    -1       -1  19870
 3213   3091  3284  2128    -1       -1   3745
 3214   2287  2986  1479    -1       -1  22073
 3215   3064  1183  3482    -1       -1  20829
 3216   3584  2581  3765    -1       -1  18792
 3217   3766   397   398    -1       -1  14724
 3218   1925  1926  3767    -1       -1  17688
 3219   3370  3584  3765    -1       -1   6353
 3220   3768  2801  3769    -1       -1   7295
 3221    479  2524   481    -1       -1   8147
 3222   2200  2563  3770    -1       -1   5865
 3223   2723  3378  3379    -1       -1   1285
 3224   1538  1536  3771    -1       -1  14658
 3225   1536  3437  3771    -1       -1  14768
 3226   1288  2314  3630    -1       -1   5640
 3227     65   714   715    -1       -1    753
 3228   3144  3260  2997    -1       -1  15146
 3229   1179  2490  3644    -1       -1    507
 3230    630  3144  2997    -1       -1   1168
 3231   3024  2546  3204    -1       -1  14994
 3232   2124   470  2121    -1       -1   8315
 3233   2121   471  2230    -1       -1   8319
 3234    280  2124  2121    -1       -1   5198
 3235   2566  3772  3773    -1       -1   4743
 3236   3431  1688  3774    -1       -1   1634
 3237    205  1482  2399    -1       -1   2454
 3238   1387   532  3775    -1       -1  18886
 3239   3018  1387  3775    -1       -1  18886
 3240   1056  3775  3776    -1       -1    185
 3241   3177  3777  3778    -1       -1  12792
 3242   3402  3732  2795    -1       -1   5472
 3243   2799  3779  3635    -1       -1  18549
 3244   1657  2799  3780    -1       -1  18558
 3245   2158  2676   501    -1       -1  20542
 3246    776  2229  3780    -1       -1  18377
 3247   2677  2676   591    -1       -1  20624
 3248   1567  3378  1569    -1       -1   8267
 3249   2782   263  3587    -1       -1   3361
 3250   3781  1568  3075    -1       -1   8711
 3251   3498  2602  3782    -1       -1   7457
 3252   3506  3507  3783    -1       -1   8999
 3253   3784  3506  3783    -1       -1   9895
 3254   3743  2781  3587    -1       -1   1019
 3255   2595  1366   265    -1       -1   9398
 3256   2222  2252  1057    -1       -1  22290
 3257   1163  2178  2335    -1       -1  11397
 3258   1378  1379  1396    -1       -1   7551
 3259   3786  3785  1781    -1       -1   6649
 3260    958   959  3787    -1       -1   4730
 3261   2804  1395  1396    -1       -1   7956
 3262    151  3372   558    -1       -1   3457
 3263   1379  2414  1396    -1       -1   6588
 3264   1019  3137   123    -1       -1   3955
 3265   2534  2381  2535    -1       -1  12392
 3266    124  3070   123    -1       -1   3983
 3267   3788   192   617    -1       -1   9686
 3268   3333  1811  3334    -1       -1   1399
 3269   3177  3178  3789    -1       -1    627
 3270    905  3790  3791    -1       -1   7545
 3271   2887  1691  3792    -1       -1   3067
 3272    791  1002  1108    -1       -1  16179
 3273    382   790   791    -1       -1  16078
 3274   2334  2932  3793    -1       -1  16128
 3275    314   595   316    -1       -1   3882
 3276    595   862   316    -1       -1   4090
 3277    377  2364  2362    -1       -1   3052
 3278   2890   377  2362    -1       -1   3052
 3279   1685  1690  1687    -1       -1   2741
 3280   2923  2890  2362    -1       -1   2995
 3281   3479  3372  3794    -1       -1   3515
 3282   2924  1368  1172    -1       -1   4165
 3283   3736   112   593    -1       -1   5773
 3284   1354  2504  2505    -1       -1  15989
 3285   2755  1999  1505    -1       -1  10703
 3286   1506  2755  1505    -1       -1  10703
 3287   3795  1226  3796    -1       -1  18142
 3288   3297  3110  3111    -1       -1  16630
 3289    815   816  3320    -1       -1  14563
 3290   3797   815  3320    -1       -1  14936
 3291   3325  3798  1904    -1       -1   1571
 3292   1369   188  2766    -1       -1   9601
 3293    376  2890  3287    -1       -1   2327
 3294   1096  1094  3287    -1       -1   2662
 3295   2890  1096  3287    -1       -1   2662
 3296   2148   683  1129    -1       -1  21033
 3297    554  3799  3750    -1       -1    159
 3298   2262  1054   610    -1       -1  19843
 3299   1206  2342     6    -1       -1   1604
 3300    769   770   608    -1       -1  19620
 3301   2342   769   608    -1       -1  19620
 3302     50   488  1868    -1       -1  15860
 3303   2469  1908  2471    -1       -1    575
 3304   3801  3800  2412    -1       -1   7449
 3305   3802  2283  3713    -1       -1  22440
 3306   3141  3142  3544    -1       -1   5688
 3307    419  2781   421    -1       -1     79
 3308   1740  2666  2667    -1       -1  18625
 3309   2834  2391  3803    -1       -1  17001
 3310   2437  1662    95    -1       -1  19728
 3311   3774    93  3804    -1       -1  18342
 3312     10  1710    12    -1       -1  12889
 3313   1472  2051  2699    -1       -1   5766
 3314   3499   593  3500    -1       -1   5906
 3315   3805  2009  2348    -1       -1    582
 3316   1943  1944  2567    -1       -1   5779
 3317   2238  2237  2567    -1       -1   5818
 3318   1941  3092  2323    -1       -1  11123
 3319   3605  2644  3806    -1       -1  12593
 3320   2690  3807  3189    -1       -1  20604
 3321   1938  1939  3808    -1       -1   8721
 3322    746  2583   748    -1       -1  15514
 3323   3150  3659  3149    -1       -1  21197
 3324   3720  3466  3467    -1       -1   1356
 3325    205  2399  1062    -1       -1  22070
 3326   3680  2566  3773    -1       -1   5736
 3327   1239  2186   748    -1       -1  15542
 3328   2186   747   748    -1       -1  15347
 3329   2640  3436  1357    -1       -1  15316
 3330   3436  3359  1357    -1       -1  15442
 3331   3203  2837  2988    -1       -1  11290
 3332   2883  2884  2967    -1       -1   2207
 3333   3203  3327  2837    -1       -1  11079
 3334   3327  1673  2837    -1       -1  11079
 3335   3707  3809  3810    -1       -1   4995
 3336    912  3811  2184    -1       -1  17536
 3337   2040  2630  3491    -1       -1  19058
 3338   2615  2762  3812    -1       -1    143
 3339   1314  2585  3813    -1       -1  22086
 3340   3630  2079  2080    -1       -1   5619
 3341   1474  1475  2080    -1       -1   5653
 3342   3811   744   745    -1       -1  17494
 3343   1984  2555  3738    -1       -1  18336
 3344   2604  3531  3639    -1       -1  17123
 3345   3277  3649   809    -1       -1  22069
 3346   1502   808  1504    -1       -1  22182
 3347    807  3277   809    -1       -1  22071
 3348   2914  3814  2916    -1       -1     94
 3349   2889   122  3815    -1       -1    431
 3350   3767  3816  3757    -1       -1  18178
 3351    380  3731  1120    -1       -1  16197
 3352   3817  2025  2360    -1       -1  21095
 3353   2074     4  2929    -1       -1  19710
 3354   3756  1060  1061    -1       -1  18182
 3355   2361  1189   201    -1       -1   3070
 3356   1851  1852  3411    -1       -1  12095
 3357   2929  3711  2930    -1       -1  18847
 3358   1366  2595  1329    -1       -1   9398
 3359   3764  2415  2727    -1       -1    864
 3360   3818  1851  3411    -1       -1  10874
 3361     22    23  3293    -1       -1   3585
 3362     98  3819  1182    -1       -1  21088
 3363   1498  1997  1500    -1       -1  19508
 3364   2520  2521  3634    -1       -1  18712
 3365   2414  3820  2415    -1       -1   7890
 3366   3821  2804  3764    -1       -1   7983
 3367   3340  2231  2874    -1       -1   8894
 3368   2633  3366  3539    -1       -1  22863
 3369   3339  3340  2874    -1       -1   8894
 3370     62   959  3126    -1       -1   4703
 3371   3215  1313  1308    -1       -1  22091
 3372   3823  3822  3126    -1       -1   5759
 3373   1309  1428  1308    -1       -1  22094
 3374   1314  3813  1308    -1       -1  21044
 3375   1313  1314  1308    -1       -1  21044
 3376   2958  3824   680    -1       -1  13197
 3377   2857  1844  1845    -1       -1  13312
 3378    226   227  3457    -1       -1  13970
 3379    650  2445   652    -1       -1   1685
 3380    764   765   226    -1       -1  13788
 3381   2433  2432   936    -1       -1  12611
 3382   1565  1901  1185    -1       -1  20803
 3383   2445  3384   652    -1       -1   1815
 3384    152   153  3657    -1       -1  21741
 3385   3814  3825  3285    -1       -1   2669
 3386   2128  2129  3597    -1       -1   2681
 3387   1550  3818  1552    -1       -1  10160
 3388   3827  3826  1533    -1       -1  10325
 3389   3470  1981  1982    -1       -1  16423
 3390   3469  3470  1982    -1       -1   8351
 3391   1360  1715  1631    -1       -1   1237
 3392   2039  1359  1360    -1       -1  15343
 3393   3598  2477  1361    -1       -1  17766
 3394   2477  2127  1361    -1       -1  15410
 3395   2784  1706  1005    -1       -1  17205
 3396   3424  2715  2832    -1       -1  16341
 3397   3828  3439  3442    -1       -1   1425
 3398   3829  3828  3442    -1       -1   1425
 3399    552  2944  3712    -1       -1  22248
 3400   2944  1503  3712    -1       -1  22248
 3401    305  2070  2162    -1       -1  20934
 3402   1568  3781  3121    -1       -1   8194
 3403   3121  1137  3461    -1       -1   8636
 3404   3830  1079  3831    -1       -1    669
 3405   3122  1568  3121    -1       -1   8670
 3406   1415  1416  3832    -1       -1   5347
 3407   1199  3736  3499    -1       -1   5761
 3408   3833  1415  3834    -1       -1   6294
 3409   1035  1036  2375    -1       -1   1897
 3410   3154  2475  3835    -1       -1   3465
 3411    536   534  2671    -1       -1   1953
 3412   2253  3234   833    -1       -1  20137
 3413     76  3518  3519    -1       -1   1631
 3414   3610  3189  2217    -1       -1  21168
 3415   2434  1343  1048    -1       -1  12879
 3416   3198  3051  1871    -1       -1   8026
 3417   1913  2311   941    -1       -1   7863
 3418    942  1914   941    -1       -1   6417
 3419   1047  2711   966    -1       -1  16270
 3420   1926  3816  3767    -1       -1  17688
 3421    952  1976   954    -1       -1   7676
 3422    291  3307  1404    -1       -1   3939
 3423   1575  2596  1028    -1       -1  10880
 3424   1147  1000  1001    -1       -1  11374
 3425    999   687  1001    -1       -1  11359
 3426   2789  1105  1106    -1       -1    201
 3427   1204  2864  1104    -1       -1    373
 3428   1105  1204  1104    -1       -1    373
 3429   3521   310  1774    -1       -1   2675
 3430   1284  1282  3542    -1       -1   8307
 3431   3129  3013  3836    -1       -1  22950
 3432   2236  1548  2580    -1       -1   7365
 3433    905   906  2659    -1       -1   7570
 3434   1657  3780  3240    -1       -1  17156
 3435   3780  2229  3240    -1       -1    697
 3436   1459  3548  3837    -1       -1  18999
 3437   3230  3478  2734    -1       -1  12132
 3438   1890   207  1063    -1       -1   1544
 3439   2735  3230  2734    -1       -1  12093
 3440   2804  3821  1263    -1       -1   7990
 3441   1541  1098  3838    -1       -1  18112
 3442   3271   622   623    -1       -1    817
 3443   2565  3271  1617    -1       -1   7026
 3444   2150  2565  1617    -1       -1  10969
 3445   2407  1618  1619    -1       -1  11219
 3446   3375  2408  1619    -1       -1  10844
 3447   3839  2019  3840    -1       -1  20242
 3448     58    59  3573    -1       -1   7255
 3449   3841   449  1345    -1       -1  21297
 3450   3582  3842  3581    -1       -1  20230
 3451   3083  1610  3843    -1       -1  17709
 3452   2502   846  2965    -1       -1   8818
 3453   1911  3662  3844    -1       -1  22664
 3454    988  1911  3844    -1       -1  20766
 3455    235  3083  3843    -1       -1  20055
 3456   1127   235  3843    -1       -1  20086
 3457   1251  2621  1253    -1       -1  17483
 3458   2990  2014  3845    -1       -1  13602
 3459   1710  1709  1561    -1       -1   8167
 3460   2197  1214  1894    -1       -1  13721
 3461   2560  3389  2561    -1       -1   2284
 3462   3365  3846  1626    -1       -1   7534
 3463    867  3627  1967    -1       -1  20874
 3464   2969  2970  3847    -1       -1   2038
 3465   3395  2969  3847    -1       -1   1906
 3466    390   391  1681    -1       -1  11362
 3467   3733  2278  3848    -1       -1  13129
 3468   3365  1626   759    -1       -1   1905
 3469   1627  1638   759    -1       -1  10306
 3470   2420  2843  3276    -1       -1   8155
 3471   2843  3377  3276    -1       -1  15562
 3472   3377  1085  3276    -1       -1  15712
 3473   2873  2137  3849    -1       -1   5013
 3474   2623  3850  2792    -1       -1   3097
 3475    665   161  1386    -1       -1  14235
 3476   1572  3851  1250    -1       -1   5894
 3477    935   664  1386    -1       -1  14293
 3478   1539   937  3002    -1       -1  18129
 3479    937   163  3002    -1       -1  13384
 3480   3771  3437  3002    -1       -1    921
 3481    163  3771  3002    -1       -1    921
 3482   3437  3001  3002    -1       -1  14670
 3483   2095   535  3852    -1       -1   1894
 3484   1544  1499  3853    -1       -1  19567
 3485   3854  3501  3119    -1       -1   7451
 3486   3394  3395  3855    -1       -1   2163
 3487   3350  3351  3856    -1       -1  13786
 3488   2307  2805  3856    -1       -1  13950
 3489   3858  3857  3859    -1       -1   5144
 3490   2676  3176   591    -1       -1  20319
 3491   3860  2677   591    -1       -1  20404
 3492    262  2889   264    -1       -1   3109
 3493   3594  2082  1731    -1       -1  16174
 3494   3763  2908  2928    -1       -1   4955
 3495   1573  2922  3565    -1       -1  18981
 3496   3861  1730  1731    -1       -1  16476
 3497   2345  3759   934    -1       -1  12834
 3498    174    71  3076    -1       -1  10383
 3499    798  1573  3565    -1       -1  18976
 3500   1054   609   610    -1       -1  19843
 3501   2476  2696  3492    -1       -1  15320
 3502    823   628   629    -1       -1    208
 3503      9     7  2993    -1       -1   4438
 3504   3433  3439  2665    -1       -1  18701
 3505   2986  3316  2987    -1       -1  21492
 3506   3598  3592  2476    -1       -1  15325
 3507   2476  3492   896    -1       -1  15408
 3508   3645   184  2739    -1       -1  20350
 3509   2477  3598  2476    -1       -1  17766
 3510   3862  2817  3863    -1       -1  20298
 3511   2398  1915  2400    -1       -1   2118
 3512   2818  3645  2739    -1       -1  20253
 3513   2062  2063  2416    -1       -1  18040
 3514   2568  2062  2416    -1       -1  20457
 3515   2417  2680  2416    -1       -1  20417
 3516   1062  2399  2400    -1       -1  22070
 3517   1019  1017  3138    -1       -1   3966
 3518   1353  3864  1535    -1       -1   1975
 3519   3846  3137  3138    -1       -1   1874
 3520   1626  3846  3138    -1       -1  10252
 3521   1625  1626  3138    -1       -1  10252
 3522   1433  2573  1434    -1       -1    671
 3523   3120   781  3865    -1       -1  18781
 3524   3867  3866  3865    -1       -1  18381
 3525   1740  1741  2649    -1       -1  18439
 3526   3319  3868  1600    -1       -1  22739
 3527   1984  3869  1983    -1       -1  13848
 3528    815  3797  3870    -1       -1  14936
 3529   3797  1538  3870    -1       -1  13228
 3530    164   815  3870    -1       -1  13151
 3531   1538  3771  3870    -1       -1  13228
 3532    163   164  3870    -1       -1  13151
 3533   3771   163  3870    -1       -1  14642
 3534    488    50  3871    -1       -1  16775
 3535    105  2126  3640    -1       -1   6366
 3536   1478  2215  2877    -1       -1   5271
 3537   2771  2713  1300    -1       -1  12726
 3538    254   607   180    -1       -1   6738
 3539    234  3607  3608    -1       -1   9636
 3540    170   234  3608    -1       -1   9636
 3541   3165  2370  3352    -1       -1  21387
 3542    169   170  3608    -1       -1   9550
 3543   3872  3149  3651    -1       -1  20139
 3544   2026  3149  3872    -1       -1  21259
 3545   3693  2026  3872    -1       -1  21259
 3546   2942  3693  3872    -1       -1  21059
 3547   3487  2942  3872    -1       -1   1447
 3548   1117   562   563    -1       -1   7292
 3549   2497  1117   563    -1       -1   5833
 3550   3810  3873  3564    -1       -1   7249
 3551   2368  1558  3874    -1       -1  21443
 3552   2134  2135   536    -1       -1   1007
 3553   1558  1000  1148    -1       -1  21344
 3554    833  2506  3397    -1       -1  20643
 3555    836   837  3397    -1       -1  18655
 3556    784   836  3397    -1       -1  18119
 3557    832   833  3397    -1       -1  21507
 3558    837   832  3397    -1       -1  18655
 3559   3526  1306  3519    -1       -1  18052
 3560   3517  3526  3519    -1       -1  18061
 3561     75    76  3519    -1       -1  18069
 3562    817   499  2549    -1       -1  20521
 3563   1222  3131  1390    -1       -1  20785
 3564   3008  2761   733    -1       -1   7103
 3565   1541  3838  2550    -1       -1  19627
 3566   1995  3243  1996    -1       -1  19632
 3567   3784  3783  3875    -1       -1   7371
 3568    961  2093  2761    -1       -1   7104
 3569   2460   961  2761    -1       -1   5815
 3570   3706  3876  1419    -1       -1   3665
 3571   1194  2422  1196    -1       -1   3524
 3572   2526  1534  3864    -1       -1  10488
 3573   2070   306   584    -1       -1  20911
 3574    291  1404   290    -1       -1   2345
 3575   2001  3877  2668    -1       -1  11809
 3576   2783  3236  1888    -1       -1   9393
 3577   3879  3878  3789    -1       -1  12756
 3578    870  1769  3747    -1       -1   1785
 3579   2029  3880  2724    -1       -1   4956
 3580   1890  1063  1579    -1       -1  22141
 3581   3272  2783  1888    -1       -1   9393
 3582   3516  3369  1804    -1       -1  17591
 3583   1299  2840  3516    -1       -1  17562
 3584   3881  2215  2216    -1       -1   6298
 3585   1083  1084  1301    -1       -1  17596
 3586   3883  3882  3086    -1       -1   9443
 3587   3882  2647  3086    -1       -1  12485
 3588   2122  2123   448    -1       -1  16511
 3589   1478  1316  2216    -1       -1   6241
 3590   1237  1235  1241    -1       -1  12914
 3591   3083   341  1612    -1       -1     76
 3592   3221    89  3609    -1       -1  14519
 3593   1610  3083  1612    -1       -1     76
 3594   3884  3221  3885    -1       -1  14538
 3595   2779  2975  3886    -1       -1  20968
 3596   2975  3610  3886    -1       -1  20968
 3597    220   221  1400    -1       -1  12594
 3598    994  3523  3887    -1       -1  21427
 3599    441  3643  1400    -1       -1  21330
 3600   3464  3888  3889    -1       -1  13792
 3601   3439  3440  2665    -1       -1  18369
 3602   1103  3890  3891    -1       -1  18396
 3603    781  1413  3891    -1       -1  18602
 3604   2033   366   726    -1       -1    882
 3605   2041  2033   726    -1       -1    882
 3606     70   595  3101    -1       -1    848
 3607    727  2041   726    -1       -1   9999
 3608   1792  3692  3735    -1       -1   5487
 3609     70  3101  3071    -1       -1   3912
 3610   3370  3765  3892    -1       -1   6353
 3611    465  1686  1296    -1       -1   4483
 3612   1686  1295  1296    -1       -1    277
 3613   3893  2463  1256    -1       -1   7796
 3614   2375  3894  3895    -1       -1   2291
 3615     14   668    13    -1       -1   9359
 3616    713  3434  2472    -1       -1   8709
 3617    282   283   620    -1       -1   9624
 3618   2746  1719  3896    -1       -1    347
 3619   2274  2395  3154    -1       -1   3288
 3620   1508  1509  2643    -1       -1   9260
 3621   2068  2069  3508    -1       -1   7472
 3622   2275  2274  3154    -1       -1   3288
 3623   2275  3154  3835    -1       -1   3258
 3624   2121   470   471    -1       -1   8315
 3625    184  3645   185    -1       -1  19764
 3626   2062   209  1992    -1       -1  17946
 3627    846   845  2965    -1       -1   9220
 3628   1328  1329  3225    -1       -1    234
 3629   3010  2501  2965    -1       -1   6179
 3630   2539  3208  2118    -1       -1   6371
 3631   3229  2730  3225    -1       -1  11396
 3632   1945  3897  3898    -1       -1   2488
 3633   2119  3584  2118    -1       -1  18767
 3634   3584  2539  2118    -1       -1  18641
 3635   2203  3899  3900    -1       -1  20420
 3636   2151  1270  3290    -1       -1  12418
 3637   3265  1919  1920    -1       -1  17865
 3638   2597  2303  2304    -1       -1  12565
 3639   2304  3457  2097    -1       -1  12480
 3640    379  2151  3290    -1       -1   7382
 3641   3288   378  3290    -1       -1    829
 3642   3272  1888  1483    -1       -1   9378
 3643   1937  3624  3311    -1       -1  10315
 3644   3248  3249  1659    -1       -1   7901
 3645   3832  3248  2545    -1       -1   6587
 3646    154   495  1344    -1       -1  13949
 3647    646  3675  3901    -1       -1  17831
 3648    449   450  1344    -1       -1  21605
 3649   3018  3775  2263    -1       -1  18900
 3650    495   674  1344    -1       -1  18570
 3651   2587  2588  3369    -1       -1    983
 3652   2588   977  3369    -1       -1  17592
 3653   1974  1511  2964    -1       -1   8229
 3654   2498  2501  2688    -1       -1   8989
 3655   2848  1680  1432    -1       -1   1492
 3656   1007  3330  3010    -1       -1    763
 3657   1079  3902  1081    -1       -1   6561
 3658   2537  1431  1432    -1       -1   6634
 3659   1680  2536  1432    -1       -1   6625
 3660   2085  3059  3903    -1       -1    275
 3661   3294  2094  3904    -1       -1   5710
 3662    425    73    74    -1       -1   3519
 3663    529   425    74    -1       -1   3626
 3664   3429   529   530    -1       -1  11117
 3665   1597  2194  2762    -1       -1  12776
 3666   2762  2194  3812    -1       -1    143
 3667    788   786  1779    -1       -1   5939
 3668   3011  3739  3819    -1       -1  21617
 3669     98  2149  3819    -1       -1  21088
 3670   3011  1302  3739    -1       -1  21668
 3671    626   624  2955    -1       -1  12166
 3672   2499  2456  3702    -1       -1    650
 3673   2456  2457  3702    -1       -1    650
 3674    443  1260   445    -1       -1  21106
 3675   2502  2499  3702    -1       -1    747
 3676   3581  2519  3318    -1       -1  21827
 3677   2518   444   445    -1       -1  20207
 3678   1481   700  3586    -1       -1   6893
 3679   3187  1481  3586    -1       -1   5027
 3680   3728  1783  3905    -1       -1   9065
 3681   1587  1405  1300    -1       -1  17367
 3682   1406   761  2771    -1       -1  16628
 3683   1587  2317  1405    -1       -1   1694
 3684   2769  2385  2343    -1       -1   1926
 3685   1405  1406  2771    -1       -1  16628
 3686   2344   387  2343    -1       -1   2141
 3687   1620  1621  1859    -1       -1  13690
 3688   3091  2128  3597    -1       -1   2648
 3689   2517  3270  3423    -1       -1   1062
 3690   1733  2316  3868    -1       -1  22512
 3691    524  2831  3906    -1       -1   7436
 3692   3786   524  3906    -1       -1   7436
 3693   1701  3907  1700    -1       -1   1729
 3694    276  1903  2517    -1       -1  12788
 3695   3728  3617  3618    -1       -1   6062
 3696    939  1539   307    -1       -1  20793
 3697   3860  3014  2677    -1       -1  17927
 3698   1926  1226  3908    -1       -1  17692
 3699   3759  3760  3909    -1       -1   1036
 3700   3816  1926  3908    -1       -1  18224
 3701   1870  2841  3910    -1       -1   7666
 3702   1860    68  1326    -1       -1  10270
 3703   2216  1316  1143    -1       -1   6241
 3704   2487  1580   974    -1       -1   5852
 3705    299  1544   301    -1       -1  19564
 3706   1580   973   974    -1       -1   5102
 3707   3912  3911  3913    -1       -1   5682
 3708   3246   657  3569    -1       -1   1589
 3709   1223  3246  3569    -1       -1   1068
 3710   3569  1608  3914    -1       -1  14551
 3711    149  2257   151    -1       -1   3599
 3712    424  1829   995    -1       -1  11236
 3713   2608  3435  3782    -1       -1   4032
 3714   1001   687  1201    -1       -1   7904
 3715   1200  1201   688    -1       -1   3548
 3716   3740  1200   688    -1       -1   3548
 3717   1246  3513  1245    -1       -1  15040
 3718   3178   329   330    -1       -1  14570
 3719    330  2838  2839    -1       -1  14596
 3720   3084   824  3915    -1       -1    171
 3721    283   348  3788    -1       -1   9644
 3722   3090  2705  3916    -1       -1  10065
 3723   3387   767  3314    -1       -1  10322
 3724    546  3917   292    -1       -1   3894
 3725   2223  1972  1973    -1       -1   1790
 3726   2905   646  3901    -1       -1  17939
 3727   1876  2850   647    -1       -1  18173
 3728    202   577   204    -1       -1  10678
 3729   1799  3509  1798    -1       -1  21091
 3730   1152  2483  3918    -1       -1  15864
 3731    996  1895  2485    -1       -1  15785
 3732   3879  3178  2809    -1       -1  15019
 3733    803  2395  2396    -1       -1   3161
 3734   3178   330  2809    -1       -1  15019
 3735   1089  1090  3919    -1       -1  19803
 3736   3908  1226  3795    -1       -1  17942
 3737   2211  2212  2206    -1       -1   4043
 3738   3919  2262  3443    -1       -1   1484
 3739   2928  1091  1092    -1       -1   4903
 3740     15  3920  3905    -1       -1    787
 3741   2395   803  1419    -1       -1   3487
 3742   2603  2601  3921    -1       -1   7408
 3743   2115  2068  3922    -1       -1    144
 3744   2603  3922  3508    -1       -1    597
 3745   2114  2115  3922    -1       -1   7343
 3746   3243  3297  1996    -1       -1  19643
 3747   3297  3111  1996    -1       -1  19372
 3748   2069  3009  3508    -1       -1   7318
 3749    303  2141  3923    -1       -1  14285
 3750   3922  2068  3508    -1       -1    597
 3751   1759   857  1758    -1       -1  19320
 3752   3282   948  2117    -1       -1  10962
 3753   3386  2175  3497    -1       -1   3425
 3754   2199  2200  1758    -1       -1  19321
 3755   3825   888   736    -1       -1   2406
 3756   3347  3348  3552    -1       -1   7738
 3757     78    79  3552    -1       -1   7942
 3758   2305    78  3552    -1       -1   7938
 3759   3367  1015  3842    -1       -1  20618
 3760   3512  1579  3514    -1       -1  22438
 3761   3296  2578  3212    -1       -1   7282
 3762   3158  3294    60    -1       -1   7074
 3763     37   846  3924    -1       -1   9040
 3764    609  1054  1055    -1       -1  18869
 3765   3711     5  1055    -1       -1  19823
 3766   2118  3208  1664    -1       -1   6371
 3767      5   609  1055    -1       -1  19823
 3768   3210  1452  2035    -1       -1   9949
 3769   1883   702  1885    -1       -1  21826
 3770   2033  2042  2035    -1       -1    204
 3771   3277  1884  1885    -1       -1  22089
 3772   3583   869  3579    -1       -1  21997
 3773   2290  2253  3686    -1       -1  21998
 3774   3839  2577  2019    -1       -1  19792
 3775    819  3299  3300    -1       -1  15054
 3776   2484  2019  2775    -1       -1  20096
 3777   3110  1038   571    -1       -1   1248
 3778    575    52   572    -1       -1  20090
 3779   3055  3056  3745    -1       -1  15340
 3780   3407  3925   663    -1       -1  15748
 3781   1075  2192  1077    -1       -1   7665
 3782    287  1397  1077    -1       -1  14212
 3783   1397  1076  1077    -1       -1  14199
 3784   3926  3374  3927    -1       -1  10718
 3785   3646  3374  3926    -1       -1  11206
 3786     84  2089  2214    -1       -1   2752
 3787   3670    84  2214    -1       -1   5095
 3788   1670  3670  2214    -1       -1   5234
 3789   2630  2239  2243    -1       -1  19020
 3790    474  2630  2243    -1       -1  19020
 3791   3133  3134  3419    -1       -1  22904
 3792   3375  1619   623    -1       -1   7467
 3793   1988  3536  1990    -1       -1  21470
 3794    411  3682  3718    -1       -1   5136
 3795   3732  3400  1491    -1       -1   5508
 3796   1575    35    36    -1       -1  11658
 3797    157  2234  1647    -1       -1   3682
 3798   3202  3203  3928    -1       -1  11149
 3799     34  2340    36    -1       -1   9585
 3800    825   826  2397    -1       -1    372
 3801    826  2923  2397    -1       -1   2948
 3802   1766  1767  3917    -1       -1   4339
 3803   1191   321  2397    -1       -1   1151
 3804   2858  2859  3850    -1       -1    324
 3805   2859  2791  3850    -1       -1    324
 3806    677   678  3929    -1       -1  22609
 3807    276   277  3930    -1       -1   1107
 3808    277  1889  3930    -1       -1   1107
 3809   1381  2133  3929    -1       -1  12987
 3810    678  1381  3929    -1       -1  22609
 3811   1872  3616  1874    -1       -1  17721
 3812     83  1873  1874    -1       -1  16298
 3813     82    83  1874    -1       -1  16277
 3814    750  3174   749    -1       -1   5123
 3815   2616  2617  3205    -1       -1  15134
 3816   2971  1905  1906    -1       -1   2392
 3817    770   771   749    -1       -1  19777
 3818    273  1071  1720    -1       -1   2247
 3819   2237  3873  3580    -1       -1   7118
 3820   1158  3522  3523    -1       -1  21211
 3821   3413     8     9    -1       -1   4631
 3822   3414  3413     9    -1       -1   4792
 3823   2180   284  3931    -1       -1   4259
 3824   2946  1660  3931    -1       -1   4707
 3825   1660  1661  1217    -1       -1   4329
 3826   3932  2180  3931    -1       -1   4556
 3827   1191  2397  2363    -1       -1   3142
 3828   2888   976  3247    -1       -1  21666
 3829   2492   741  2592    -1       -1   5574
 3830   1903   276  1902    -1       -1  11687
 3831   3930  2233  1902    -1       -1  12718
 3832    976   361  3247    -1       -1  21738
 3833    276  3930  1902    -1       -1  11687
 3834   2323  2309   228    -1       -1  13762
 3835    765  1941   228    -1       -1  14272
 3836    226   765   228    -1       -1  13788
 3837   2309   227   228    -1       -1  12906
 3838   1071  3897  1720    -1       -1   2438
 3839   3518    76  3273    -1       -1  18096
 3840    316   862  3524    -1       -1   4090
 3841   1575    36  3054    -1       -1  11891
 3842   3933  3161  3524    -1       -1   4109
 3843   3645  1978   185    -1       -1    439
 3844   1212  3518  3273    -1       -1  18196
 3845    239  1485   353    -1       -1  14407
 3846   3803  2391  2392    -1       -1  17001
 3847   1485   352   353    -1       -1  14407
 3848     37  3934    39    -1       -1   9023
 3849   1093   238   353    -1       -1   1110
 3850   3256  2021  2022    -1       -1  14150
 3851   3935  1793  3666    -1       -1   5434
 3852    820  2903   822    -1       -1   2940
 3853   3222  2579  2580    -1       -1   7329
 3854   3800  3936  2412    -1       -1   7449
 3855   3777  3177  3096    -1       -1  12792
 3856   1692  3937   849    -1       -1   2073
 3857   2844  1961  3938    -1       -1   9449
 3858    199  3038   728    -1       -1  10471
 3859   1533  3826  1535    -1       -1  10325
 3860   1957  3923  1958    -1       -1  11116
 3861   3939  1283  3345    -1       -1  15757
 3862    543  3939  3345    -1       -1   1338
 3863   3212  3338    59    -1       -1    609
 3864    625  1892   624    -1       -1  12169
 3865    624  2325  2955    -1       -1  11557
 3866   3882  3940  1277    -1       -1   1013
 3867   1538  3797  3941    -1       -1  14938
 3868   1537  1538  3941    -1       -1  14891
 3869   2944   551  1678    -1       -1  21474
 3870   2598  2759  3942    -1       -1   1156
 3871   2174  1275  1276    -1       -1  10814
 3872   2054  2947  2669    -1       -1   2085
 3873     25  2054  2669    -1       -1   1952
 3874   1569  3378  3676    -1       -1   8692
 3875   2670    25  2669    -1       -1   2129
 3876   2278  2983  3943    -1       -1  13080
 3877   3676  3072  3944    -1       -1   7855
 3878   3830  3945  3902    -1       -1   6593
 3879   2811  1569  3676    -1       -1   8733
 3880   1079  3830  3902    -1       -1   6561
 3881   2841  1870  3902    -1       -1   7689
 3882   3945  2841  3902    -1       -1   7689
 3883     13  1401    15    -1       -1    863
 3884    676  2822  3946    -1       -1  22430
 3885   2188  3172  2956    -1       -1   1584
 3886    430  3744  3460    -1       -1    106
 3887   3460  1808  1809    -1       -1  12707
 3888   1368   627  1172    -1       -1   3944
 3889   3172  1776  2956    -1       -1   1584
 3890    979  2956  3947    -1       -1  15363
 3891    795  1343  2435    -1       -1  12807
 3892   2544  1477  1645    -1       -1   7913
 3893   1013  1257  3179    -1       -1   9344
 3894   2841  3945  1645    -1       -1   6590
 3895   3541    96  1323    -1       -1  13842
 3896   1256  2463  1258    -1       -1   9283
 3897   2165  3574  3633    -1       -1   6565
 3898   1103  1004  3892    -1       -1   8124
 3899    191   192  3788    -1       -1   9686
 3900    606  2165  3633    -1       -1   6497
 3901     79    80  1881    -1       -1   8081
 3902   2264   606  3633    -1       -1   6507
 3903   2085  3903   689    -1       -1   1824
 3904   2870  3948  3949    -1       -1   5175
 3905    690  3233   689    -1       -1   2261
 3906   3109  2085   689    -1       -1   1824
 3907   3374   621  3927    -1       -1  10718
 3908   3233  3109   689    -1       -1   2187
 3909    621  3449  3927    -1       -1  10737
 3910   3768  3769   144    -1       -1   9669
 3911   3186  3768   144    -1       -1   9669
 3912   3422  2553   645    -1       -1     28
 3913   1199  1197  3736    -1       -1   5948
 3914   2333  2488  2708    -1       -1  16067
 3915   2517  1903  2450    -1       -1  12788
 3916   3205  3206  3025    -1       -1  15160
 3917   1197   573  3950    -1       -1   5754
 3918   1072    11  2882    -1       -1  15481
 3919   2450   487  3270    -1       -1  12729
 3920   2364  1189  2361    -1       -1   3070
 3921   2362  2364  2361    -1       -1   3091
 3922   3476  1821   194    -1       -1  16778
 3923   1662    94    95    -1       -1  18177
 3924    195  2685   194    -1       -1   7814
 3925   2700  2701  2045    -1       -1  16506
 3926   2244  1896    95    -1       -1   1581
 3927   1896  2437    95    -1       -1   1581
 3928     93  2244    95    -1       -1   1469
 3929    656   586  2098    -1       -1  20600
 3930   2940  1988  1989    -1       -1   2996
 3931   1525  3689  2155    -1       -1  16785
 3932   3417  3153  3483    -1       -1  18074
 3933    652  2287  1479    -1       -1  21188
 3934   1208  2094   962    -1       -1   7079
 3935   2976  2023  2024    -1       -1  15636
 3936   2182  2976  2024    -1       -1  17357
 3937   2575  3089  2464    -1       -1   7712
 3938   1869  3089  2575    -1       -1   7687
 3939   2531   295  2530    -1       -1   4992
 3940   2283  3802  2948    -1       -1    173
 3941    754  1676   756    -1       -1  10897
 3942   1142   880   694    -1       -1   6289
 3943   2357  3512  3514    -1       -1  22502
 3944    608   609     6    -1       -1   5452
 3945   2342   608     6    -1       -1   1604
 3946      4  1206     6    -1       -1  19545
 3947   2535   810  1603    -1       -1  12397
 3948    609     5     6    -1       -1  19788
 3949    402  2535  1603    -1       -1  12227
 3950   1163  1164  2571    -1       -1  11465
 3951   3697  3951  3699    -1       -1  11558
 3952   2050  2048  3699    -1       -1  11406
 3953   2048  3698  3699    -1       -1  11556
 3954   3768  3186   829    -1       -1   9657
 3955     64    65  2219    -1       -1   8683
 3956    715  3952  2219    -1       -1   8196
 3957    784   269   898    -1       -1   6797
 3958     65   715  2219    -1       -1    753
 3959   1457  3468  2563    -1       -1  19028
 3960   2983  2278  1651    -1       -1   1049
 3961   3043  1801   898    -1       -1  21042
 3962    897  3043   898    -1       -1  21086
 3963    836   784   898    -1       -1  18119
 3964   1801   836   898    -1       -1  21041
 3965   3369   977  1804    -1       -1  17592
 3966   2495   568   333    -1       -1   9611
 3967   3954  3953  3955    -1       -1   9021
 3968   2061  3550  3201    -1       -1    976
 3969   3550  3956  3201    -1       -1   6840
 3970    543  3345   719    -1       -1   1338
 3971   2855  3161  3957    -1       -1   3931
 3972   3933  3631  3957    -1       -1   4053
 3973   3161  3933  3957    -1       -1   3931
 3974   2416  2680  2338    -1       -1  20417
 3975   2685   195   719    -1       -1   7814
 3976   2911  2030  3958    -1       -1   6550
 3977   3730  2359   720    -1       -1  15914
 3978   2123  2124  2911    -1       -1  15892
 3979   2124   280  2911    -1       -1   5198
 3980   2686  1895   997    -1       -1   8250
 3981   3959   174  1353    -1       -1  10451
 3982   2249  2568  2338    -1       -1  19550
 3983   2680  2337  2338    -1       -1  17976
 3984   2924  2205  1368    -1       -1   4183
 3985   1824  1367  1368    -1       -1    346
 3986    947  1562  3960    -1       -1  12850
 3987   2205  1824  1368    -1       -1   4183
 3988   3556  1050  3262    -1       -1  13284
 3989   3357  3961  3962    -1       -1  11701
 3990   1563  2434  1049    -1       -1  12873
 3991   2427  2428  2373    -1       -1    117
 3992     93    94  2373    -1       -1  18075
 3993   2372  2427  2373    -1       -1  18388
 3994   2222  2223  2912    -1       -1  21501
 3995    122  2889  2426    -1       -1    304
 3996    121   122  2426    -1       -1   3080
 3997   2809  2808  3477    -1       -1  15044
 3998   2396  2274  2426    -1       -1   2628
 3999   3879  2809  1243    -1       -1  15010
 4000   1243  2809  3477    -1       -1  15044
 4001   1244  3879  1243    -1       -1  15010
 4002   1891  3210  3726    -1       -1  12055
 4003   3513  1244  1245    -1       -1  15056
 4004   1168   981  3963    -1       -1   3521
 4005   3963   981   982    -1       -1    278
 4006   1690  1685  3963    -1       -1   2779
 4007     20  3964  3965    -1       -1   9750
 4008   3800   327  3966    -1       -1   9595
 4009   3964  3936  3966    -1       -1   9948
 4010   3967  3200  3542    -1       -1   9165
 4011    809  3114  2533    -1       -1  22063
 4012   3200  3967  1962    -1       -1   6028
 4013   3312  2303  3054    -1       -1  12563
 4014   3883  3086  3053    -1       -1   9443
 4015   1271   516  3337    -1       -1  12220
 4016    318   319  3337    -1       -1  12515
 4017    516   517  3337    -1       -1  11649
 4018    644  2410  1586    -1       -1   2724
 4019   1086  1087  2146    -1       -1  15655
 4020   2481  1139  1140    -1       -1   4314
 4021   1475  2861  1287    -1       -1   5505
 4022   3630  2080  1287    -1       -1   5624
 4023   2861  1126  1289    -1       -1   5617
 4024   3278  3279  3481    -1       -1  14003
 4025   2712   761  3223    -1       -1  14242
 4026   1029  1030  1858    -1       -1    752
 4027    990  2991  3283    -1       -1   1737
 4028    313   311  1641    -1       -1   2518
 4029    746  2182  3453    -1       -1  12701
 4030    887   990  3283    -1       -1   2611
 4031   3459  2895  3968    -1       -1  12235
 4032   3298  2266  2267    -1       -1  15073
 4033    569  3459  3968    -1       -1    969
 4034   2213  1142   182    -1       -1   1340
 4035   1061  2960  3757    -1       -1  17984
 4036   3721  2216  1143    -1       -1   5097
 4037   1316   984   182    -1       -1   6242
 4038   3300  3298  2267    -1       -1   1201
 4039   1854    11  2708    -1       -1  16047
 4040    556  2333  2708    -1       -1  16067
 4041   3021  1847  3969    -1       -1   1346
 4042   1056  3776  3970    -1       -1   1593
 4043   2242  2240  1044    -1       -1   6553
 4044   1572   799  1748    -1       -1   5899
 4045   3971  3711  3970    -1       -1   1572
 4046   3851  1572  1748    -1       -1   5899
 4047   3030  3972  3973    -1       -1   5035
 4048   1131   683  3302    -1       -1   1626
 4049   3354  2289  2002    -1       -1  21105
 4050   2223  2221  1972    -1       -1  22363
 4051   1465  3398  3974    -1       -1  20396
 4052   3064   560  1185    -1       -1  20749
 4053   2221  1253  1972    -1       -1  22362
 4054   1253  2621  1972    -1       -1  22362
 4055   3715   256   257    -1       -1  11552
 4056    508  3715   257    -1       -1  11559
 4057    507   508   257    -1       -1  11559
 4058   3975   876   877    -1       -1  17461
 4059   3493   507   257    -1       -1  11829
 4060   3005  3238  3239    -1       -1  18588
 4061   1083  2105   877    -1       -1  15632
 4062    875  1083   877    -1       -1  17594
 4063   2007  1725  2872    -1       -1   5274
 4064   2870  3949  2007    -1       -1   5270
 4065   3976   947  3960    -1       -1    675
 4066    195  3730   720    -1       -1  15829
 4067   2375  1036  3894    -1       -1   2291
 4068   1036  2095  3894    -1       -1   2299
 4069   2359   542   720    -1       -1  15914
 4070    719   195   720    -1       -1    561
 4071   3567  2920  3151    -1       -1  18989
 4072   2992  1168  1169    -1       -1   4287
 4073   2920  2108  3484    -1       -1  18978
 4074   3861  3567  3151    -1       -1  18989
 4075   3247   361  3302    -1       -1  21592
 4076   2409   375  2163    -1       -1     70
 4077    375   376  2163    -1       -1   2963
 4078   1200  3289   537    -1       -1   2661
 4079    361   359  3302    -1       -1  21644
 4080    359  1131  3302    -1       -1   1626
 4081    683  2148  3302    -1       -1  21033
 4082   1814  3319  1601    -1       -1   1826
 4083   2848  1432   672    -1       -1   1492
 4084   3051  1081  1871    -1       -1   8026
 4085   3675   646  2849    -1       -1  17884
 4086   2487  3770  3977    -1       -1   1520
 4087   2760  3675  2849    -1       -1  14694
 4088   1943  3680  3978    -1       -1   5701
 4089   3979  3912  3978    -1       -1   4605
 4090   3680  3979  3978    -1       -1   4710
 4091   2163   376   138    -1       -1   2963
 4092   1145  1943  3978    -1       -1   5185
 4093   2511  1177  2510    -1       -1  15981
 4094    139  2163   138    -1       -1   2980
 4095    499  1540  2549    -1       -1  20255
 4096   1167  1168  3980    -1       -1    587
 4097   3632  3039   197    -1       -1  10449
 4098   2159   817  1016    -1       -1  20426
 4099    265  1366  2335    -1       -1    962
 4100   2191  1023  2615    -1       -1  14297
 4101   2178   265  2335    -1       -1    962
 4102   1162  1163  2335    -1       -1  11466
 4103   2205  2924  3596    -1       -1   4187
 4104   2924  2925  3596    -1       -1   4187
 4105   2925   545   900    -1       -1   4023
 4106    584   583   561    -1       -1  14852
 4107    559   585   561    -1       -1  20938
 4108   2206  2205  3596    -1       -1   4016
 4109   1539  3000   307    -1       -1  20524
 4110   2211  2206  3596    -1       -1     50
 4111    245   939   307    -1       -1  20769
 4112    305   245   307    -1       -1  20769
 4113   3000   306   307    -1       -1  20524
 4114   2093   961   962    -1       -1   5832
 4115   1923  1924  3112    -1       -1   5126
 4116   3304  1923  3112    -1       -1  19608
 4117   1924  3111  3112    -1       -1   5126
 4118   3110  3044  3112    -1       -1   1689
 4119     43  1224  3242    -1       -1  10935
 4120   2306    43  3242    -1       -1  14300
 4121    227  2309  3242    -1       -1  14345
 4122   2430   227  3242    -1       -1  14325
 4123   1416  3480  3250    -1       -1   6267
 4124   2255  1167  3980    -1       -1    587
 4125   3362  3629  3981    -1       -1  20171
 4126   3191  2850  3982    -1       -1  18233
 4127   3891  1413  2389    -1       -1  18764
 4128   3028   394  3602    -1       -1    133
 4129   1103  3891  2389    -1       -1  18764
 4130    756  3556  3262    -1       -1  13285
 4131     33  1819  2393    -1       -1  18538
 4132    555    33  2393    -1       -1   1687
 4133    485  1849   487    -1       -1  12998
 4134   3047  1921  3032    -1       -1    456
 4135   3023   411  3718    -1       -1   4873
 4136   2452   953  3983    -1       -1   7967
 4137   3101  1823  3071    -1       -1   4034
 4138   1849   457   487    -1       -1  10884
 4139   2037  2057  2058    -1       -1  14909
 4140   2057  3744  2059    -1       -1  17720
 4141   3612  2037  2058    -1       -1  17883
 4142   1167  2254  3085    -1       -1   4275
 4143   1169  1167  3085    -1       -1   4275
 4144   3669  1259  3685    -1       -1  21855
 4145   3579  3669  3685    -1       -1  22024
 4146   3528  3529  3953    -1       -1   8991
 4147   2611  3230  1552    -1       -1   9305
 4148   1322  1076  1323    -1       -1  13854
 4149   3478  3230  2611    -1       -1   9305
 4150   3818  3411  2611    -1       -1  11882
 4151    569  2683   729    -1       -1   9600
 4152   3010  3330  2688    -1       -1   7247
 4153   3411  2610  2611    -1       -1  11882
 4154   3230  1551  1552    -1       -1  12038
 4155    485   486  3984    -1       -1  13113
 4156   3543  1721  2643    -1       -1   9099
 4157   2386  3008  1554    -1       -1   5717
 4158   3330  1508  2642    -1       -1   9121
 4159   1404  1797   168    -1       -1    714
 4160   3008   731  1554    -1       -1   5717
 4161    740  1179  1180    -1       -1    640
 4162    899  1404   168    -1       -1   4005
 4163    616   167   168    -1       -1  10422
 4164   3557  3605  1467    -1       -1  15559
 4165   3605  3806  1467    -1       -1   1718
 4166   1170  2924  1172    -1       -1   4165
 4167   1523  1524  3901    -1       -1  16400
 4168   2605  1383  1180    -1       -1   5891
 4169   1178  1340  1180    -1       -1   8146
 4170   3206   119  2546    -1       -1  14697
 4171   1524  2905  3901    -1       -1  16400
 4172    627   628  1172    -1       -1   4164
 4173    312  3233   311    -1       -1   2439
 4174    628  1171  1172    -1       -1   4164
 4175   2557  2509  3382    -1       -1   2383
 4176    160  1052   162    -1       -1  12597
 4177      7     8  3915    -1       -1   3892
 4178   1960  1959   478    -1       -1    621
 4179    162  1052  1242    -1       -1  12648
 4180    423   155  3749    -1       -1  19956
 4181   3717   788  1779    -1       -1   5529
 4182    218  3717  1779    -1       -1   5950
 4183    840  1767   822    -1       -1    190
 4184    641   639  1674    -1       -1  10991
 4185   2903   840   822    -1       -1   2940
 4186   1672   641  1674    -1       -1  10991
 4187   2836  1673  1674    -1       -1  11056
 4188    856  2448  2998    -1       -1  19441
 4189    639  3691  1674    -1       -1  11026
 4190   2755  2032  1205    -1       -1   1955
 4191   2810   714  2812    -1       -1   8688
 4192   2044  1752   541    -1       -1  16691
 4193   2128  3284  3285    -1       -1   3745
 4194   2212    72  3071    -1       -1   4018
 4195   2697  3157  3492    -1       -1   5306
 4196   2696  2697  3492    -1       -1  16591
 4197     72    70  3071    -1       -1   4018
 4198    161   162  3604    -1       -1  12467
 4199   1497  1386  3604    -1       -1   1229
 4200    845  1974  2964    -1       -1   9214
 4201   2492  2592  3985    -1       -1   5574
 4202   3538  1931  3539    -1       -1  20655
 4203   2276   504  1377    -1       -1   9317
 4204   2114  3922  3921    -1       -1   7343
 4205    187  2683  2684    -1       -1  12264
 4206   3968  2895   503    -1       -1  12271
 4207   2895    99   503    -1       -1  12266
 4208   1268  1027  2738    -1       -1  11576
 4209   2738  3478  2612    -1       -1   9531
 4210    346   324   325    -1       -1  15737
 4211    323  3380   325    -1       -1  15727
 4212   3380  2984   325    -1       -1  15716
 4213   2207  1643  3986    -1       -1  17185
 4214   3862   297   298    -1       -1  18163
 4215   1811  3333  3987    -1       -1  15166
 4216   1983  2207  3986    -1       -1  17185
 4217   1000  1558  1559    -1       -1   3450
 4218   1643  2156  3986    -1       -1   1171
 4219   3333  3259  3987    -1       -1  15166
 4220   3350  3643  3352    -1       -1  21353
 4221    999  1559   649    -1       -1   1102
 4222   3989  3988  2829    -1       -1  12668
 4223    523   944  3415    -1       -1   6478
 4224    872  2210   874    -1       -1    112
 4225    106  2645   105    -1       -1  17328
 4226   3607   234  3415    -1       -1    202
 4227   3133  3419  3131    -1       -1  22900
 4228   1390  3131  3420    -1       -1  22916
 4229    944  3607  3415    -1       -1     63
 4230   3158    60   733    -1       -1   7110
 4231   1429   893  1737    -1       -1  22099
 4232    452  1708   695    -1       -1  13313
 4233   3215  1429  1737    -1       -1  22099
 4234    744  3811  2106    -1       -1  17455
 4235   1313  3215  3990    -1       -1  20066
 4236   3991  3975  2461    -1       -1  17361
 4237   3544  3142  3447    -1       -1   5688
 4238   3142  1772  3446    -1       -1   5520
 4239   3142  3446  3447    -1       -1    517
 4240   3446  2315  3448    -1       -1   2982
 4241    887  3283   736    -1       -1   2611
 4242   3922  2603  3921    -1       -1   7408
 4243   2498  2687  3992    -1       -1   8230
 4244   1338  3985  3992    -1       -1   8252
 4245   2592  2456  2500    -1       -1   8187
 4246   3930  1889  1702    -1       -1  12816
 4247   3653  3467  3695    -1       -1  14710
 4248   3465  2637  3467    -1       -1   1415
 4249    721   944  3665    -1       -1   7459
 4250    944   523  3665    -1       -1   7459
 4251    524  3786  3665    -1       -1   7626
 4252   3786  2931  3665    -1       -1   7626
 4253   3100  1505  3202    -1       -1  11227
 4254    523   524  3665    -1       -1    709
 4255   3585  1707  1022    -1       -1  13424
 4256   1505  1999  3202    -1       -1  11037
 4257   1707  1021  1022    -1       -1  13424
 4258   1020  2233  1022    -1       -1  13067
 4259   3993  3839  3840    -1       -1  20242
 4260   2297  2300  3994    -1       -1   5043
 4261   3383   651  1479    -1       -1   3375
 4262   1727  2887  3994    -1       -1   1768
 4263   2240  2241  3764    -1       -1   7918
 4264   2241  3821  3764    -1       -1   7983
 4265   2484    48  3840    -1       -1  19605
 4266   2019  2484  3840    -1       -1  20096
 4267   3759  3909  2140    -1       -1   1036
 4268   2019  1188  2775    -1       -1  20214
 4269   1153  2484  2775    -1       -1  18459
 4270   1908  3893  1910    -1       -1   1322
 4271   1556  2209    56    -1       -1   4510
 4272   3893  1256  1910    -1       -1   1271
 4273   1527  2908  2909    -1       -1   3060
 4274   3855  3395  3895    -1       -1   1865
 4275   3894  3855  3895    -1       -1   1865
 4276   3412  2058  2059    -1       -1  17949
 4277   2807    55    56    -1       -1   4627
 4278   2209  2807    56    -1       -1   4510
 4279   1813  2015  1815    -1       -1  13570
 4280   3744  1855  2059    -1       -1  17720
 4281   1856  3412  2059    -1       -1  17970
 4282   1855  1856  2059    -1       -1  17970
 4283    164   165  1069    -1       -1  14620
 4284   2554  2552  2880    -1       -1   2364
 4285   2832  2638  3428    -1       -1  18881
 4286   3917  1767   841    -1       -1   4225
 4287   1067  1068  3193    -1       -1  13208
 4288   2282  1067  3193    -1       -1  14850
 4289   3995  2765  1521    -1       -1  20614
 4290   3194  2282  3193    -1       -1  14850
 4291    611  3235   613    -1       -1  13077
 4292   1649  3184   613    -1       -1  13070
 4293   3184   612   613    -1       -1  13070
 4294   2138   253   180    -1       -1   4854
 4295   3619  3996  2878    -1       -1   6272
 4296    369   370  3021    -1       -1   1232
 4297    854   855  2383    -1       -1  15375
 4298   1078  1355   855    -1       -1  15191
 4299   2602  2608  3782    -1       -1    485
 4300   2483  2347  3918    -1       -1  15864
 4301   2740  1488  2626    -1       -1  20245
 4302    212  1791  3735    -1       -1   5426
 4303   2601  2602  3498    -1       -1   5752
 4304   3997   212  3735    -1       -1   5426
 4305   3692  3227  3735    -1       -1   5487
 4306   3380   250  2662    -1       -1  15744
 4307   3227  3997  3735    -1       -1   5498
 4308   1176  3407  2662    -1       -1  15485
 4309   3407  2661  2662    -1       -1  15814
 4310    160   161  3481    -1       -1  14090
 4311   2860  2657  2658    -1       -1  15674
 4312   3994  2887  3792    -1       -1   1768
 4313   2297  3994  3792    -1       -1   5049
 4314   1785  1093   949    -1       -1  14397
 4315    947  1785   949    -1       -1    974
 4316   2512  2325  1637    -1       -1  11564
 4317   3082  2512  1637    -1       -1  11564
 4318   2979   496  1048    -1       -1  11695
 4319   2450  1903  2451    -1       -1  13108
 4320   2161  2071  3486    -1       -1  20775
 4321   1861  2325  1863    -1       -1  11493
 4322   1342  2979  1048    -1       -1  12794
 4323   1088  1089  3037    -1       -1   1514
 4324   3623  1862  1863    -1       -1  10833
 4325   3455   661  3998    -1       -1   4106
 4326    229  2796   231    -1       -1   1575
 4327   3534  1826  2995    -1       -1  19411
 4328   2202   296   297    -1       -1  18154
 4329   3476  1842  1840    -1       -1  16837
 4330   2137   566  2542    -1       -1    176
 4331   1746  1821  1840    -1       -1  15877
 4332    253  2138  2139    -1       -1   4854
 4333   3487  3872  3651    -1       -1   1447
 4334   2007  3999  2008    -1       -1   5340
 4335   4000  3667  2008    -1       -1   6302
 4336   3949  3996  3999    -1       -1   5342
 4337   1205   811  1998    -1       -1  12339
 4338   1999  1205  1998    -1       -1  10722
 4339    510  2598  3940    -1       -1  11837
 4340   4001  2825  3328    -1       -1   2960
 4341   2531  4001  3328    -1       -1   2960
 4342    920   334   927    -1       -1  10777
 4343    922   920   927    -1       -1  10777
 4344   3871  4002  4003    -1       -1  16932
 4345    197   198  4004    -1       -1  10285
 4346   1644  2155  3989    -1       -1  13784
 4347   2006  1635   146    -1       -1   7344
 4348   1455  1456  1636    -1       -1   4687
 4349    566  2873  1092    -1       -1   3121
 4350   3155  2395  1419    -1       -1   3123
 4351     14    15  3905    -1       -1   1268
 4352   1783    14  3905    -1       -1   9065
 4353   2223  2869  2912    -1       -1  21762
 4354   4005  3608  3456    -1       -1   9674
 4355   2251  2222  2912    -1       -1  21501
 4356   3871    50    51    -1       -1  16775
 4357   3732  1491  1492    -1       -1   5508
 4358     49  1745    51    -1       -1  16412
 4359   2056    26   691    -1       -1   2096
 4360   3084  1171   824    -1       -1   3871
 4361   1758   857   858    -1       -1  19120
 4362   1615  1613  4006    -1       -1  13995
 4363    691    26  4007    -1       -1   2281
 4364    370  1846  1847    -1       -1  15414
 4365   3094  1615  4006    -1       -1  13866
 4366   3784  3875  4008    -1       -1    166
 4367    961  2459   963    -1       -1   3294
 4368   1961  2844  1965    -1       -1   7849
 4369   2371   865  1965    -1       -1   8131
 4370   1580  1473  1175    -1       -1   8340
 4371   1965  1964  1963    -1       -1   8126
 4372   3932  3254  2181    -1       -1   3040
 4373   4009  2355  4010    -1       -1  15221
 4374   3842  3722  3581    -1       -1   1612
 4375   3046    41   686    -1       -1  11093
 4376   3752  2302  1430    -1       -1  22078
 4377    139  1703  2164    -1       -1    290
 4378   2409  2163  2164    -1       -1   1753
 4379   1290  1291  3105    -1       -1  11393
 4380    809  3649  3114    -1       -1  22063
 4381   3742  1628  3105    -1       -1  13631
 4382   3438  1724  1155    -1       -1  22198
 4383   3992  2687  1122    -1       -1   8796
 4384    404  1968   406    -1       -1  19151
 4385   1969  3401  2856    -1       -1   1515
 4386   1259  2259  3714    -1       -1  18146
 4387   1338  3992  1122    -1       -1   8252
 4388    701  1578   703    -1       -1  22138
 4389   3685  1259  3714    -1       -1   1764
 4390   3629  3628  4011    -1       -1  18124
 4391   1454  1455  2949    -1       -1   4663
 4392   2664  3362  3981    -1       -1  20234
 4393   3191  3795  4012    -1       -1  18073
 4394    111   574  2949    -1       -1   5828
 4395   3466  2756  4012    -1       -1  17153
 4396   2756  3191  4012    -1       -1  18073
 4397   3465  3466  4012    -1       -1  17710
 4398   2704  1879  1616    -1       -1  18017
 4399   1570   575  1616    -1       -1  20056
 4400   1039  2704  1616    -1       -1  18017
 4401    398   707  2655    -1       -1  14772
 4402   1380   909  3602    -1       -1   3518
 4403    909  3028  3602    -1       -1    133
 4404    394  1477  3602    -1       -1    464
 4405    285   286  1529    -1       -1   4806
 4406   3482  1183  3766    -1       -1  14726
 4407   3141  3997  3143    -1       -1   5691
 4408   1772  3142  3143    -1       -1   5520
 4409   3997  3227  3143    -1       -1   5498
 4410   3394  1162  2336    -1       -1   3688
 4411    600  2407  3128    -1       -1    883
 4412   2934  3530  2936    -1       -1   1996
 4413    929  2131   928    -1       -1  21765
 4414    149   600  3128    -1       -1   3441
 4415   3335  2258  3128    -1       -1  11251
 4416   2301  2720  2703    -1       -1  23090
 4417    383   384  4013    -1       -1  13939
 4418   3510  3129  2703    -1       -1  23078
 4419   2817  3862   298    -1       -1  18163
 4420   1367  1824   753    -1       -1    346
 4421    304  2339  3245    -1       -1  14080
 4422    664   935   289    -1       -1  14293
 4423    287   664   289    -1       -1  13942
 4424   3664  3229  4014    -1       -1  13612
 4425   2339   288  3245    -1       -1  14290
 4426    393  3089  3910    -1       -1   7987
 4427    764  3313   766    -1       -1   3611
 4428   1329  2595  4014    -1       -1  13614
 4429   3033  3664  4014    -1       -1  13209
 4430   2595  3033  4014    -1       -1  13369
 4431   3225  1329  4014    -1       -1   2014
 4432   3229  3225  4014    -1       -1   2014
 4433    248  3718  3719    -1       -1   5174
 4434   2895  3459  2277    -1       -1  12235
 4435   3682  3069  3719    -1       -1   4639
 4436   3069  3068  3719    -1       -1   5233
 4437   3251  1576  2277    -1       -1    824
 4438   3737  1655  4015    -1       -1  11964
 4439    612   362  3588    -1       -1  13283
 4440   1279  1826  1827    -1       -1  19397
 4441    611   612  3588    -1       -1  13076
 4442   1874  3616  4016    -1       -1  17706
 4443   1843  3858  4017    -1       -1   1568
 4444   3971  3077  3078    -1       -1  19510
 4445   1548  2236  2816    -1       -1   7291
 4446   1547  1548  2816    -1       -1   5750
 4447   2984  3380  2660    -1       -1  15716
 4448    835   771  3716    -1       -1  19923
 4449   2715  1566  3694    -1       -1   9586
 4450   2854   835  3716    -1       -1  18447
 4451    771   769  3716    -1       -1  18401
 4452     28  3622  3716    -1       -1  18421
 4453   3683  2937  3169    -1       -1   6159
 4454   1403    13  4018    -1       -1   9480
 4455   3168  3683  3169    -1       -1   6159
 4456    183   181  3169    -1       -1   5250
 4457   3851  1385  1250    -1       -1   5894
 4458   1401    13  1403    -1       -1    863
 4459    214  1402  1403    -1       -1   9500
 4460   2555  2317  4019    -1       -1  17120
 4461   1184   631   632    -1       -1   1205
 4462   1786  1701  1702    -1       -1  12825
 4463   1183  1184  4020    -1       -1  14747
 4464   3766  1183  4020    -1       -1  14747
 4465   2018  3495  4021    -1       -1   3167
 4466    592  2329   593    -1       -1    708
 4467   2436   296  3900    -1       -1  20478
 4468    587   588  4021    -1       -1  11248
 4469   1332  2436  3900    -1       -1  19555
 4470   2687  2642  1121    -1       -1   9161
 4471    296  2203  3900    -1       -1  20478
 4472   1764  2168  2198    -1       -1    223
 4473   1122  2687  1121    -1       -1   8215
 4474   1865   485  3984    -1       -1  12767
 4475     76    77   185    -1       -1  20179
 4476   3319  4022  3868    -1       -1  22778
 4477   3273    76   185    -1       -1  18096
 4478   1127  3843  3344    -1       -1  20086
 4479   1296  1443  1994    -1       -1   4852
 4480   3017  1264  3386    -1       -1   1189
 4481   3574  2165  2166    -1       -1   8042
 4482   3197  3576  2166    -1       -1   8037
 4483   2472  3434  1123    -1       -1   6088
 4484   3868  2316  1600    -1       -1  22739
 4485   1121  2472  1123    -1       -1   6088
 4486   1810  1811  4023    -1       -1  14687
 4487   3434  2810  1123    -1       -1   8713
 4488    735  2769  2129    -1       -1   1525
 4489   2129  2769  4024    -1       -1   1525
 4490   3848  2278  3943    -1       -1  13129
 4491   1865  3984  3943    -1       -1    387
 4492    847  2197  2198    -1       -1    783
 4493   2983  1865  3943    -1       -1  13112
 4494   1894  1764  2198    -1       -1   3128
 4495   2100  2613  2102    -1       -1  10223
 4496   1936  1934  2614    -1       -1   4007
 4497   2525  2766  4025    -1       -1  10059
 4498   2012  1415  3833    -1       -1    309
 4499   3833  3831  2247    -1       -1   6301
 4500   2963  3557  2695    -1       -1   1363
 4501   2475  3479  3835    -1       -1    632
 4502   2060  2271   506    -1       -1   1226
 4503   3912  3979  3447    -1       -1    700
 4504   2271   505   506    -1       -1   8218
 4505   3979  3544  3447    -1       -1    700
 4506    505  2271  2272    -1       -1   4863
 4507   3911  3912  3447    -1       -1   5682
 4508   2389  1413  1414    -1       -1   8115
 4509   1027  2737  2738    -1       -1  11676
 4510    825   321  2332    -1       -1   3495
 4511    356  1041   258    -1       -1  11861
 4512   3385  1195  2926    -1       -1  11255
 4513     16   825  2332    -1       -1   3495
 4514   3493   257   258    -1       -1  11860
 4515    256   356   258    -1       -1  11699
 4516   2187  2403  2839    -1       -1  12670
 4517   1359  1807  3107    -1       -1  12631
 4518   1142  2213   880    -1       -1   5246
 4519    439  3511  2358    -1       -1    819
 4520     81  3758  3107    -1       -1  17718
 4521   3897  1071  3381    -1       -1   2483
 4522   1346   451  2558    -1       -1  13877
 4523   3123  1980  4026    -1       -1   8621
 4524   1171   628   824    -1       -1   3871
 4525   2002  1346  2558    -1       -1  21069
 4526   2559  3354  2558    -1       -1  21154
 4527    851  2581  2582    -1       -1  18779
 4528   3316  2940  2987    -1       -1  21492
 4529   3662  2910  2765    -1       -1  14862
 4530   2501  2502  2965    -1       -1   6179
 4531   1559   491   492    -1       -1   1745
 4532   3723  2308  3572    -1       -1  10304
 4533   3074  2382  2298    -1       -1  10185
 4534   2382  2050  2298    -1       -1    954
 4535    994  1158  3523    -1       -1  21331
 4536   3102  1164  3530    -1       -1   2019
 4537   1373  3090  4027    -1       -1   1951
 4538    440  4028  3523    -1       -1  21414
 4539    132  4029   134    -1       -1  17369
 4540   1605  1925  1920    -1       -1  19220
 4541   3040  1523  4030    -1       -1   1412
 4542   3858  1843  1770    -1       -1   1568
 4543   2322  2803  1469    -1       -1   1304
 4544   1470  2322  1469    -1       -1   1304
 4545   3366  3538  3539    -1       -1  20227
 4546    526  4031   528    -1       -1  22428
 4547    526   552  4031    -1       -1  22428
 4548   3961  3357  4032    -1       -1  11739
 4549   2284   677  4031    -1       -1  22426
 4550   4033  1371   417    -1       -1  11723
 4551   3890  1103  3892    -1       -1  18648
 4552    123  3137   125    -1       -1   3955
 4553   2494    20    21    -1       -1   9967
 4554    283  3788   617    -1       -1   8942
 4555   3765  3890  3892    -1       -1  18648
 4556   1704  3370  3892    -1       -1  16931
 4557   1004  1704  3892    -1       -1  16931
 4558   1494  1495   244    -1       -1  23068
 4559   4029  3642  4034    -1       -1   1352
 4560   1059  1060  3274    -1       -1  18227
 4561   1907  3988  2785    -1       -1  16999
 4562    947   948  1562    -1       -1  12813
 4563    948  3282  1562    -1       -1  12714
 4564   3879  1244  3878    -1       -1  15041
 4565    295  2324  2530    -1       -1   1857
 4566   1850  3097  3878    -1       -1  15033
 4567   2052  1179  3644    -1       -1   1335
 4568   1531   119  3206    -1       -1  14697
 4569   2051  2052  3644    -1       -1   6192
 4570   2386  3823   957    -1       -1   7167
 4571   1494  1496  2780    -1       -1  20653
 4572   1493  1494   917    -1       -1  22716
 4573   3937   848   849    -1       -1   2067
 4574   1496  2779  2780    -1       -1  20653
 4575   3674  3511   439    -1       -1    819
 4576   3200   996  2485    -1       -1  15714
 4577    437  3674   439    -1       -1  22546
 4578   1895  2685  2486    -1       -1  16133
 4579   2616  3025  3026    -1       -1  14914
 4580    324   346  3390    -1       -1  15737
 4581   1584  3390  3391    -1       -1   1314
 4582   2091  2036  2090    -1       -1  17833
 4583   3612  3040  2090    -1       -1  17881
 4584   2036  3612  2090    -1       -1  17833
 4585   2199  1758   858    -1       -1  19120
 4586   2834  3803  3440    -1       -1  18652
 4587    859  1716   861    -1       -1   2925
 4588   3818  2611  1552    -1       -1  10061
 4589   1703   860   861    -1       -1   2881
 4590   1374  2620  2525    -1       -1  10016
 4591    581   492   580    -1       -1   3443
 4592   1567  3122  4010    -1       -1   8217
 4593   1369  2766  2525    -1       -1  10059
 4594   3379  1567  4010    -1       -1   8217
 4595   2579  3338  3212    -1       -1   5311
 4596   2355  4035  4010    -1       -1  15221
 4597   1210   963  4036    -1       -1   7200
 4598   4035  3379  4010    -1       -1   8272
 4599   3122  4009  4010    -1       -1   8397
 4600   2459  2824   963    -1       -1   3294
 4601   3740  2758  1200    -1       -1   3697
 4602   1208   962  1210    -1       -1   7079
 4603   1144  1201   537    -1       -1  11099
 4604   2758  3289  1200    -1       -1   2661
 4605   3490  1828  3595    -1       -1    434
 4606   2256  2763   626    -1       -1  12182
 4607   3408   625   626    -1       -1  12173
 4608     81    82  3591    -1       -1  16251
 4609   2145  3490  3595    -1       -1  16465
 4610   3598  3758  3591    -1       -1  15374
 4611   3808  3952  2496    -1       -1   8723
 4612   3758    81  3591    -1       -1  17718
 4613   1828  2082  3595    -1       -1    434
 4614   2496  3952  1722    -1       -1   8723
 4615    677  3929   528    -1       -1  19981
 4616    872  2009  3805    -1       -1   4699
 4617   2652  2653  4037    -1       -1  17155
 4618   1796  2807  3805    -1       -1   4719
 4619   4029  2652  4037    -1       -1  17155
 4620    134  4029  4037    -1       -1  17369
 4621   3991   134  4037    -1       -1  17427
 4622   3975  3991  4038    -1       -1  17365
 4623   3097  1850  3334    -1       -1  13159
 4624   1850  3258  3334    -1       -1  13159
 4625   3681   653  3684    -1       -1   5553
 4626   1811  1812  3334    -1       -1   1399
 4627   1476  2937  3684    -1       -1   5266
 4628   1812  3097  3334    -1       -1  14906
 4629   3683  3681  3684    -1       -1   6184
 4630   1202  2110  2764    -1       -1   5895
 4631    654  1476  3684    -1       -1   5532
 4632    653   654  3684    -1       -1   5553
 4633   2699  2051  2353    -1       -1   5766
 4634   3880   780  2353    -1       -1    726
 4635    724  2746  2747    -1       -1   2181
 4636   2378   860   140    -1       -1   2945
 4637   2046  1220  4039    -1       -1  15147
 4638    452  2639   454    -1       -1  12669
 4639    452   696  2639    -1       -1  12669
 4640   1130   615  4040    -1       -1  21819
 4641   3146  2296  4041    -1       -1  18595
 4642    615    47  4040    -1       -1  20381
 4643    569  3968  2683    -1       -1   9600
 4644   3968   503  2683    -1       -1  12271
 4645   2346  1130  4040    -1       -1  21819
 4646    612  3184   364    -1       -1  13055
 4647     47  1153  4040    -1       -1  20182
 4648   3378  2723  3072    -1       -1   5836
 4649   2666  1740  2648    -1       -1   1456
 4650   3072  3073  3944    -1       -1   7855
 4651   1688  3431  2648    -1       -1  18378
 4652   3622    29  1689    -1       -1  19776
 4653   3431  2666  2648    -1       -1  18402
 4654   3661   383  3280    -1       -1  13807
 4655     73  2293    17    -1       -1   3432
 4656   1406  1407  1985    -1       -1  17363
 4657   2317  2555  1407    -1       -1  17120
 4658   1405  2317  1407    -1       -1   3428
 4659    863  3826  3525    -1       -1   4061
 4660   1533  3039  3827    -1       -1  10026
 4661   3271   636   622    -1       -1  10715
 4662   3631  3933  3827    -1       -1  10017
 4663   3039  3631  3827    -1       -1  10026
 4664    141   329  3778    -1       -1  15024
 4665   2178  2179  4042    -1       -1    947
 4666   3614  3698  3615    -1       -1  10159
 4667   2105   744  2106    -1       -1  17455
 4668    141  3778   818    -1       -1  12751
 4669    329  3177  3778    -1       -1  15100
 4670   3549   858  3171    -1       -1   5575
 4671   3170  3549  3171    -1       -1  19098
 4672    780  3880  2029    -1       -1    726
 4673    858   856  3171    -1       -1   5575
 4674   1512  1513   479    -1       -1   9130
 4675    278   780  2029    -1       -1   8248
 4676   2693  2491  1339    -1       -1   8290
 4677   1526  2349  2909    -1       -1   4823
 4678   3888  2327  4043    -1       -1  13794
 4679    675  3464  3889    -1       -1   1234
 4680   4044  3841  2326    -1       -1  14583
 4681    785  2506  3488    -1       -1  18126
 4682   2650  1607  2204    -1       -1   1191
 4683    656  2098  2204    -1       -1  20600
 4684    658   656  2204    -1       -1  14846
 4685   1964  3209  1963    -1       -1   8126
 4686   2463  3893  3358    -1       -1   7796
 4687   3358  3893  2469    -1       -1   6449
 4688   3084  3085  4045    -1       -1   3884
 4689    212  3997  2906    -1       -1   5401
 4690   1171  3084  4045    -1       -1   3884
 4691   3888  3464  3256    -1       -1  13944
 4692   1170  1171  4045    -1       -1    727
 4693   2722   467   468    -1       -1    760
 4694   2368  3874  2370    -1       -1  14356
 4695   1464  2593  2594    -1       -1  18038
 4696   1306  3526  2594    -1       -1  14576
 4697   1946  2076  2748    -1       -1   2677
 4698   1252  2900  1350    -1       -1  22298
 4699   4046  3547  1817    -1       -1  22189
 4700   1305  1306  2594    -1       -1  18044
 4701   3526  1466  2594    -1       -1  14576
 4702   3991  2461   403    -1       -1  17361
 4703    134  3991   403    -1       -1  15596
 4704    911   133   403    -1       -1  17454
 4705   3349  3495   930    -1       -1  11345
 4706   2524  1910   481    -1       -1   8147
 4707   1512   479   480    -1       -1   9381
 4708   1257  1013   480    -1       -1   9454
 4709   1012  1512   480    -1       -1   9461
 4710   1285  3560  3938    -1       -1   9163
 4711   3823  3126   956    -1       -1   4715
 4712   1189   723   682    -1       -1   2966
 4713   3126   959   956    -1       -1   4715
 4714   3836   918   919    -1       -1  18586
 4715    988  3844   989    -1       -1  22895
 4716   4047  2749   868    -1       -1   2410
 4717    165   938   989    -1       -1  20776
 4718   3844  1068   989    -1       -1  20613
 4719   3978  3912  2331    -1       -1   4605
 4720   2331  2329  3192    -1       -1   4706
 4721    783  3890   852    -1       -1  16571
 4722    359   360  1577    -1       -1  21109
 4723   1494  2780   917    -1       -1  22716
 4724    918  1493   917    -1       -1  23028
 4725   2443  3656  3746    -1       -1  21134
 4726   1130   359  1577    -1       -1  18325
 4727   3342  3339  3281    -1       -1   8255
 4728   2457  3342  3281    -1       -1   8255
 4729   3239  3237  3241    -1       -1  18591
 4730    953  2452   952    -1       -1   7977
 4731   1469  1867  1868    -1       -1  15930
 4732   3739  1303  3146    -1       -1  21664
 4733    488  2125  1868    -1       -1  15860
 4734   3788   348  3315    -1       -1   9644
 4735   2956  1776  3947    -1       -1  15457
 4736   1589  2847  3947    -1       -1  15396
 4737   2847   979  3947    -1       -1  15396
 4738    191  3788  3315    -1       -1   9646
 4739    767   191  3315    -1       -1   9646
 4740   2545  3945  3834    -1       -1   6481
 4741   1314  1315  3426    -1       -1  21173
 4742   3807  4048  3425    -1       -1   2059
 4743   1194  4049  2423    -1       -1   3596
 4744   3372  3479   558    -1       -1   3457
 4745   3189  3807  3425    -1       -1   2059
 4746   3881  3721   943    -1       -1   6377
 4747   1315  3189  3425    -1       -1  21187
 4748   2601   326  3921    -1       -1   9816
 4749   2137  2542  2139    -1       -1   6606
 4750   2542  1898  1899    -1       -1   6646
 4751   4050   253  2139    -1       -1   6713
 4752   3619  2538  4000    -1       -1   6334
 4753   1683  1750   475    -1       -1  18952
 4754    224   931   629    -1       -1   4468
 4755    473  1682   475    -1       -1  16322
 4756   1836  1517  1518    -1       -1  13180
 4757   1229  1864  1231    -1       -1  13140
 4758   1028  2596  2321    -1       -1  10880
 4759   3357  3962  2736    -1       -1  11701
 4760   1027  1028  2321    -1       -1   1029
 4761   2737  1027  2321    -1       -1   1029
 4762    859  2378  2377    -1       -1   3674
 4763    420   421  3696    -1       -1   3765
 4764    421  2376  2377    -1       -1   2706
 4765   1717   859  2377    -1       -1   2915
 4766      2  3422   645    -1       -1   2857
 4767   3222  1548  1549    -1       -1   7412
 4768   3388   644   645    -1       -1   2812
 4769   2553  3389   645    -1       -1     28
 4770   3829  3442  3473    -1       -1   1595
 4771    959    62  3668    -1       -1   4703
 4772   3772  4051  3787    -1       -1   4790
 4773   3442  2429  3473    -1       -1  18593
 4774   2225  2520  3473    -1       -1  17011
 4775   2026  3693  4052    -1       -1  17100
 4776   2025  2026  4052    -1       -1  21189
 4777   4044  2025  4052    -1       -1   2616
 4778   3042  1859  4053    -1       -1  13693
 4779   2273  3371  1790    -1       -1   8876
 4780   2149  1129  3819    -1       -1  21699
 4781   2396  2426   262    -1       -1   3213
 4782   1129  3011  3819    -1       -1  21617
 4783    262   263   805    -1       -1   3170
 4784   1869  2575  2280    -1       -1   7687
 4785    917  2780  1736    -1       -1  20660
 4786   3421  3198  2280    -1       -1    672
 4787   1737   893  1736    -1       -1  20654
 4788   3130  1667  1845    -1       -1  13360
 4789   2351  2718  2232    -1       -1   8391
 4790   2231  3340  2232    -1       -1   8834
 4791    679  3130  1845    -1       -1  13360
 4792    843  2709   842    -1       -1  21529
 4793    363   679  1845    -1       -1  13331
 4794   1678   551   842    -1       -1   2127
 4795    913  1420  4054    -1       -1  13131
 4796   2849   646   647    -1       -1  17884
 4797   3678  3410  4054    -1       -1  14625
 4798   2876  1581  2938    -1       -1     35
 4799   3410   913  4054    -1       -1  14625
 4800   3169  2937  2938    -1       -1    465
 4801    330   142  2838    -1       -1  15046
 4802    183  3169  2938    -1       -1   5250
 4803   2189  2187  2838    -1       -1  12651
 4804   1563  3554  3960    -1       -1    951
 4805   3167  2189  2838    -1       -1  15120
 4806   2653  3634  3779    -1       -1  17184
 4807   2799   876  3779    -1       -1    841
 4808   4045  3085  4055    -1       -1   4301
 4809   4056   546  4057    -1       -1   4269
 4810   3355  1959   946    -1       -1   4944
 4811   3085  2254  4055    -1       -1   4285
 4812    897   269   270    -1       -1  19396
 4813   2295  1304   270    -1       -1  21185
 4814   1304   897   270    -1       -1  18140
 4815    722  3355   946    -1       -1   7499
 4816   3619  4000  3999    -1       -1   5105
 4817   1501   303  3923    -1       -1  14285
 4818   1957  1501  3923    -1       -1  12534
 4819   2007  3949  3999    -1       -1   5342
 4820   3257  4050  1899    -1       -1     37
 4821   3996  3619  3999    -1       -1   6272
 4822    270   271  3762    -1       -1  21100
 4823   2133  3547  1480    -1       -1  22490
 4824   3547  4046  1480    -1       -1  22265
 4825   3929  2133  1480    -1       -1   2106
 4826   1212  3273  3274    -1       -1  18219
 4827   4046   527  1480    -1       -1  22265
 4828   2288  2253  2290    -1       -1  21913
 4829   1309  1310  3650    -1       -1  22081
 4830   3714  2289  2290    -1       -1  21817
 4831   2915  2913  2914    -1       -1   2621
 4832    128  2252  3066    -1       -1  21506
 4833   1851  3818  4058    -1       -1  10866
 4834   3825  3814  2914    -1       -1   1065
 4835   3818  1550  4058    -1       -1  10160
 4836   3136  1851  4058    -1       -1  10866
 4837    382   791  2218    -1       -1  16078
 4838   1550  2480  4058    -1       -1  10826
 4839   3136  4058  3615    -1       -1  11441
 4840   4059  3636  1333    -1       -1  18090
 4841   3513   460  3969    -1       -1  15365
 4842   1811  3987  4023    -1       -1  14687
 4843   1537  3941  4023    -1       -1  14582
 4844   3987  1537  4023    -1       -1  15176
 4845   3943  3984  4060    -1       -1  13106
 4846   3848  3943  4060    -1       -1  13106
 4847   3482  3766   398    -1       -1  14726
 4848    396  2562  4007    -1       -1    224
 4849   1946  2748  3896    -1       -1   2761
 4850    734  1719  2746    -1       -1   2835
 4851   3351  3874  1148    -1       -1  21411
 4852   2824  3708  3709    -1       -1   7199
 4853    491  3065   493    -1       -1  17928
 4854   2065  1116  3707    -1       -1      7
 4855   2251   580   493    -1       -1   1392
 4856   1146  3351  1148    -1       -1    419
 4857   1000  1147  1148    -1       -1  11374
 4858     43  2306    45    -1       -1  14300
 4859   1681   391    45    -1       -1  11362
 4860   3874  1558  1148    -1       -1  21344
 4861    391    44    45    -1       -1  10945
 4862   2194  2195  3812    -1       -1  12541
 4863   2195  1052  1053    -1       -1  12698
 4864   3547  2398  1817    -1       -1  22189
 4865   1816  4046  1817    -1       -1  22387
 4866    523  1593   525    -1       -1   7466
 4867   1224  1225  4033    -1       -1    993
 4868   3282  3909  1564    -1       -1   1088
 4869   2204  2098  2655    -1       -1   1180
 4870    782  3220  3867    -1       -1    670
 4871   1222  1223  3884    -1       -1  14539
 4872   1523  3901  4030    -1       -1   1412
 4873   3220  1833  3867    -1       -1   1655
 4874   3992  3985  2500    -1       -1   6225
 4875   2456  2499  2500    -1       -1    366
 4876   2498  3992  2500    -1       -1   8230
 4877   3985  2592  2500    -1       -1   6225
 4878   2546  3024  3025    -1       -1  15032
 4879   3675  2092  4030    -1       -1  17894
 4880   3206  2546  3025    -1       -1  15032
 4881   1472  1473  2694    -1       -1   8278
 4882   2634  3026  2636    -1       -1  15290
 4883   2616  3205  3025    -1       -1  14914
 4884   1756   410  1755    -1       -1   5536
 4885   3630  2314  1755    -1       -1   5583
 4886   2079  3630  1755    -1       -1   5619
 4887    410  2079  1755    -1       -1   5618
 4888   1944  1145   113    -1       -1    519
 4889   1309  3752  1430    -1       -1  22078
 4890   4061  1030  1324    -1       -1  11544
 4891    113   111  2950    -1       -1   5837
 4892   1139  2366  1141    -1       -1   2629
 4893    892  1429  1430    -1       -1  22107
 4894   3760   795  2435    -1       -1  13021
 4895   2302   892  1430    -1       -1   2462
 4896   1564  3909  2435    -1       -1   1088
 4897   3909  3760  2435    -1       -1  13021
 4898   3482   398  2655    -1       -1  14772
 4899    707  2650  2655    -1       -1  14728
 4900    181   984  3029    -1       -1   5230
 4901    786   950  1778    -1       -1   5330
 4902   2672  2673  4062    -1       -1   1960
 4903   2105  1083  1301    -1       -1  15632
 4904   1779   786  1778    -1       -1   5954
 4905   1301  1298  2919    -1       -1  15644
 4906    743   744  2067    -1       -1  15629
 4907   1804  2741  2066    -1       -1  17595
 4908   4011  3628   590    -1       -1  20730
 4909   2593  1464  4063    -1       -1  20719
 4910   2502  3702  2894    -1       -1   7064
 4911   4064  2894  3703    -1       -1   8988
 4912   3924   846  2894    -1       -1   8172
 4913   4065  3924  4064    -1       -1   8181
 4914   2170  3358  4066    -1       -1   7763
 4915   3487   785  3488    -1       -1  18321
 4916   3329  1064  4067    -1       -1   2474
 4917   2172  2170  4066    -1       -1   7763
 4918   2172  4066  3559    -1       -1   7753
 4919   2557  3381  4068    -1       -1   2461
 4920   2561  3389  4069    -1       -1   2284
 4921   3381  1071  2561    -1       -1   2483
 4922   1759   972  2862    -1       -1   5859
 4923   1249  1384  2862    -1       -1  18237
 4924   1384  1759  2862    -1       -1  18237
 4925   1610  2224  3343    -1       -1   1176
 4926   1787  1249  2862    -1       -1  18944
 4927   3338  1454  3573    -1       -1   7241
 4928   3843  1610  3343    -1       -1  17709
 4929   3295  3212    59    -1       -1    609
 4930   1981  2040  3515    -1       -1  16462
 4931   1980  1981  3515    -1       -1  16445
 4932   3761  3647   530    -1       -1    879
 4933   3850  2791  2792    -1       -1   3134
 4934    433   420  2792    -1       -1   3263
 4935    420  2623  2792    -1       -1   3263
 4936   1015  1016  2793    -1       -1  20205
 4937   1797  1404  3308    -1       -1     99
 4938   1222  3884  3132    -1       -1  14534
 4939   3305  3070   579    -1       -1   3908
 4940   4070  3133  3132    -1       -1  22933
 4941   2947  2054  1693    -1       -1    600
 4942   3133  3131  3132    -1       -1  22933
 4943    911  2023  1422    -1       -1  15663
 4944    509  1029  1858    -1       -1  11583
 4945   1030  4061  1858    -1       -1    752
 4946   2639  1518   454    -1       -1  10936
 4947   3324   453   454    -1       -1  13156
 4948    519  1135  1151    -1       -1  10614
 4949   4049   602  2423    -1       -1  11239
 4950   3647  3429   530    -1       -1  11117
 4951    360  3656  2443    -1       -1  21134
 4952   1018  3180  3998    -1       -1   4057
 4953    444  2443  3746    -1       -1   2285
 4954   2553  3422   514    -1       -1    272
 4955   3751  3748  3799    -1       -1   1540
 4956    513  2554   514    -1       -1   2373
 4957   2242  1043  3688    -1       -1   6554
 4958   3239  3751  3799    -1       -1  18541
 4959    554  3005  3799    -1       -1  18609
 4960   3005  3239  3799    -1       -1  18609
 4961   2264  3633  3688    -1       -1   6507
 4962   1043  2264  3688    -1       -1   6527
 4963    202   519  1151    -1       -1  10614
 4964    422   423  1571    -1       -1  16963
 4965   1570   422  1571    -1       -1  20145
 4966    756  1676  3555    -1       -1  12885
 4967   1721  2472  2643    -1       -1   6089
 4968    796  1236  2439    -1       -1  13025
 4969   1543  1996  4071    -1       -1  19646
 4970   1996  3111  4071    -1       -1  19641
 4971    540  2322   539    -1       -1   8403
 4972   2605  2351  2352    -1       -1   8209
 4973   3111  1924  4071    -1       -1  19641
 4974   2795  3732  2797    -1       -1   5472
 4975   1012  1013  3275    -1       -1   9450
 4976   1817  2398  1351    -1       -1  22199
 4977   1350  1817  1351    -1       -1  22152
 4978   1482  1252  1351    -1       -1    283
 4979   2399  1482  1351    -1       -1   2730
 4980   4031   552  3713    -1       -1  22431
 4981   3712  3802  3713    -1       -1   1850
 4982   2284  4031  3713    -1       -1  22426
 4983   2283  2284  3713    -1       -1  22440
 4984   1755  2314  1757    -1       -1   5563
 4985   4006  1613  2327    -1       -1   1060
 4986   1771  1757  1773    -1       -1   5486
 4987    278  2029  2030    -1       -1   8309
 4988   4035  2030  2031    -1       -1   8336
 4989   2911   278  2030    -1       -1   8294
 4990   1796  3805  2348    -1       -1   4719
 4991   2349  1526  2348    -1       -1   4800
 4992   2175   587  3497    -1       -1   3425
 4993   2110  2096  2230    -1       -1    475
 4994    587  3496  3497    -1       -1  21343
 4995    471  2110  2230    -1       -1   8319
 4996     58   573   732    -1       -1    486
 4997    279  2121  2230    -1       -1   6325
 4998    731  3008   733    -1       -1   4688
 4999   4072  1978   779    -1       -1  20256
 5000   1215  2989  2990    -1       -1  22260
 5001   2818  2739  2817    -1       -1  20253
 5002   2989  1814  1815    -1       -1  13640
 5003   2014  2990  1815    -1       -1  13764
 5004   1819  1820  1741    -1       -1  18452
 5005   3045   564  3435    -1       -1   7372
 5006    606  2265   179    -1       -1   3547
 5007   4073  3761    18    -1       -1   3609
 5008   1405  2771  1300    -1       -1  17367
 5009   3240  2229  3241    -1       -1    697
 5010   1879  3052  2977    -1       -1  17951
 5011   3751  3239  3241    -1       -1  18541
 5012    184  1488  2740    -1       -1  20204
 5013   3052   750  2977    -1       -1   5108
 5014    680   363   364    -1       -1  13064
 5015   4028   221  3093    -1       -1  21391
 5016   3824   679   680    -1       -1  13197
 5017   2514  2515  2918    -1       -1   8938
 5018   3528  3625  2918    -1       -1   8997
 5019   2515  3528  2918    -1       -1   8997
 5020   3281  3339  2875    -1       -1   8887
 5021   3523  4028  3887    -1       -1  21427
 5022   3093  3660  3887    -1       -1  21291
 5023   3464  2902  3255    -1       -1  13984
 5024    749  3174  3443    -1       -1  19888
 5025   3174  3919  3443    -1       -1   5166
 5026    610   770  3443    -1       -1  19637
 5027    770   749  3443    -1       -1  19888
 5028   2183   745  2742    -1       -1  15470
 5029    290   545   292    -1       -1   4003
 5030   2862   972  1025    -1       -1   5864
 5031   2620  3801  2412    -1       -1  10012
 5032   3936  2411  2412    -1       -1    776
 5033     94  1662  3344    -1       -1  18302
 5034   2741  2798  2742    -1       -1  15505
 5035    745   743  2742    -1       -1  15470
 5036   2372    94  3344    -1       -1  18372
 5037   3843  3343  3344    -1       -1  16290
 5038   3386  3497   484    -1       -1    905
 5039   1662  1127  3344    -1       -1  18302
 5040   2087  3017   484    -1       -1    196
 5041   3017  3386   484    -1       -1  13793
 5042    482  2087   484    -1       -1  21222
 5043    340   576  3725    -1       -1   1577
 5044   3497   483   484    -1       -1   3673
 5045    978  2741  1804    -1       -1  17531
 5046   2488  2333  2383    -1       -1    691
 5047   1942  1782  3016    -1       -1  14031
 5048    855  1354  2383    -1       -1  15375
 5049    497   498  3553    -1       -1  13085
 5050   3017  2087  3016    -1       -1  13812
 5051   2889  2915   264    -1       -1   2609
 5052    498  3588  3553    -1       -1  13085
 5053   3628  4063   590    -1       -1   1628
 5054   4063  1464   589    -1       -1  20719
 5055   3176  4011   590    -1       -1  20730
 5056   1486  2772  3095    -1       -1  14319
 5057    413  3310  2788    -1       -1   1861
 5058   2772  2191   409    -1       -1  13969
 5059   2291   902   903    -1       -1  17005
 5060   1414  1412   903    -1       -1   4754
 5061   3310  2613  2788    -1       -1   1861
 5062   2786   413  2788    -1       -1  10291
 5063   1828  3490   940    -1       -1  19041
 5064   2613  2787  2788    -1       -1  10280
 5065   1136  1137  3472    -1       -1   8392
 5066   3490  2630   940    -1       -1  19041
 5067   3121  3781  1137    -1       -1   8194
 5068   1944  2238  2567    -1       -1   5818
 5069   3471  1136  3472    -1       -1   8612
 5070    966   967  4074    -1       -1  16252
 5071   1137  3781  3472    -1       -1   8392
 5072    967  3520  4074    -1       -1   1220
 5073   1047   966  4074    -1       -1  16253
 5074   3381  2561  4068    -1       -1   2456
 5075   3520  3444  4074    -1       -1   1220
 5076   2374  2375  4075    -1       -1    194
 5077   2556  2557  4075    -1       -1   2382
 5078    977  2588  2957    -1       -1  15479
 5079   2956   979  2957    -1       -1  15363
 5080   2188  2957  2551    -1       -1   1247
 5081   3964  2495   333    -1       -1   9612
 5082   1360  2127  1715    -1       -1   1237
 5083   2867  1355  1715    -1       -1  15395
 5084    895  2867  1715    -1       -1  15395
 5085    117  2997  3204    -1       -1  12769
 5086   1373  1374  4025    -1       -1   7517
 5087   1374  2525  4025    -1       -1   7517
 5088    352  1957   354    -1       -1   1211
 5089   3261  3024  3204    -1       -1  14994
 5090   3612  2058  4076    -1       -1  14559
 5091   2741   743  2066    -1       -1  17575
 5092   2997  3260  3204    -1       -1  12769
 5093   3516  1804  2066    -1       -1  17591
 5094   3967  1961  1962    -1       -1  16841
 5095    371  3359  4077    -1       -1  15421
 5096   3199  3200  1962    -1       -1   6028
 5097   1789  3371  4078    -1       -1   5300
 5098    388  1623  3597    -1       -1    399
 5099   3597  2129  4024    -1       -1   2870
 5100   3876  3706  2926    -1       -1   3669
 5101   3496   587  4021    -1       -1  11248
 5102   3495  3496  4021    -1       -1  21368
 5103   1195  1196  3876    -1       -1   3539
 5104   2569  2179  2571    -1       -1  11437
 5105   2709  2710  1679    -1       -1   3368
 5106    718  2268  2569    -1       -1  13027
 5107   2179  2569  4079    -1       -1  11446
 5108   2136  2947  1694    -1       -1   2051
 5109   1215  2990  3845    -1       -1  13602
 5110   3715   508  3710    -1       -1  11752
 5111   2318  2074  2929    -1       -1  19710
 5112   2947  1693  1694    -1       -1   2051
 5113      4     5  2929    -1       -1   5218
 5114   2176  1233  1834    -1       -1  18674
 5115   2946   285  2350    -1       -1   4780
 5116   2350  2009   706    -1       -1    447
 5117   2348  2009  2350    -1       -1    582
 5118   1692  1693  1074    -1       -1   2055
 5119    285  2349  2350    -1       -1   4829
 5120    709  3410  1160    -1       -1  14628
 5121     88  1609  1160    -1       -1  14624
 5122   1609   708  1160    -1       -1  14624
 5123   3341  1383  2352    -1       -1   8801
 5124    504   505  1377    -1       -1   8231
 5125   2478  2998  2449    -1       -1  19379
 5126   2232  3340  2352    -1       -1   5845
 5127   3340  3341  2352    -1       -1   5845
 5128   3908  3795  3982    -1       -1  17942
 5129   3227  3692  3226    -1       -1   5119
 5130   3692  3188  3226    -1       -1   5446
 5131   1454  2949  3573    -1       -1   4663
 5132     59  3338  3573    -1       -1   7241
 5133    574    58  3573    -1       -1   8524
 5134   2793   817  2549    -1       -1   1660
 5135   1540  1541  2549    -1       -1  20255
 5136   1159   992  2130    -1       -1  21354
 5137   2850  1876  3982    -1       -1  18230
 5138   3816  3908  1877    -1       -1  18224
 5139   1153  2775  1152    -1       -1  18459
 5140   3756  3816  1877    -1       -1  18214
 5141   1324  1030  1326    -1       -1   1954
 5142   1152  3918  1154    -1       -1   5129
 5143   1488  2577  2626    -1       -1  17899
 5144   1099  2740  2626    -1       -1  20245
 5145    803  2396   805    -1       -1   2343
 5146    446  2145  1929    -1       -1  16475
 5147   3939   543   544    -1       -1   8112
 5148   2794   804   805    -1       -1   3208
 5149   2869  2017   582    -1       -1   3156
 5150    263  2794   805    -1       -1   3170
 5151   3884  1223  3914    -1       -1   1788
 5152   3907  3585  1700    -1       -1  13275
 5153    880   878   694    -1       -1   6287
 5154   1022  2233  1700    -1       -1  13067
 5155   3585  1022  1700    -1       -1  13275
 5156   2542   566   567    -1       -1    176
 5157   1889  1786  1702    -1       -1  12816
 5158   2300  1898   567    -1       -1   1761
 5159    726   366   199    -1       -1  10189
 5160    442  3522  1990    -1       -1  13375
 5161   2313   531  1388    -1       -1  18890
 5162    532  1387  1388    -1       -1  18858
 5163   3929  1480   528    -1       -1   2106
 5164   2365  2366  2768    -1       -1   4169
 5165   3388   274  2516    -1       -1    416
 5166   1390  3754  3396    -1       -1  20648
 5167   3754  3570  3396    -1       -1  20651
 5168   1221  1390  3396    -1       -1  20648
 5169   3243  1450   522    -1       -1  19648
 5170   1449   521   522    -1       -1   1552
 5171   3492   358   896    -1       -1  15751
 5172    657  3571  3214    -1       -1  20939
 5173    867   585  3213    -1       -1  20385
 5174   3570  3627  3213    -1       -1  14040
 5175   3627   867  3213    -1       -1  14040
 5176    901  1644  2828    -1       -1  16888
 5177   1617  3271   623    -1       -1   7026
 5178    903   901  2828    -1       -1   6356
 5179   2390  1414  2828    -1       -1  17006
 5180   3889  4043  1345    -1       -1  21177
 5181    674   675  3889    -1       -1  21199
 5182    891   108   109    -1       -1   5590
 5183   1125  2689   109    -1       -1   5579
 5184    229  1450  2996    -1       -1  19402
 5185   3469  1982  1138    -1       -1  16416
 5186   1450  1995  2996    -1       -1  19503
 5187   2795  2796  2996    -1       -1  19594
 5188   2515  1788  1789    -1       -1   8718
 5189   3529  2515  1789    -1       -1   9000
 5190   1844  2857  4080    -1       -1   2033
 5191    497  3553  4080    -1       -1  13322
 5192   3953  3954   669    -1       -1   9021
 5193   3553  1844  4080    -1       -1      2
 5194    667  1743   669    -1       -1   8945
 5195   3954   668   669    -1       -1    679
 5196   2994   887   888    -1       -1    913
 5197   3825  2914   888    -1       -1   1065
 5198   2913  2994   888    -1       -1   1736
 5199    327  3800  3502    -1       -1   9595
 5200   3800  3801  3502    -1       -1   9632
 5201    326   327  3502    -1       -1   9765
 5202   3292    23  3710    -1       -1  11573
 5203   3801  3501  3502    -1       -1   9632
 5204   1858  4061  3710    -1       -1  10249
 5205   4061  3292  3710    -1       -1  10249
 5206   3785  2816  1781    -1       -1   7558
 5207    315   316  4081    -1       -1   4162
 5208   3161   549  4081    -1       -1   4120
 5209    550   315  4081    -1       -1   4162
 5210    549   550  4081    -1       -1   4397
 5211   3524  3161  4081    -1       -1   4120
 5212    316  3524  4081    -1       -1   4055
 5213   4082  3673  4083    -1       -1   8375
 5214   3468  3469  4083    -1       -1   8400
 5215   3786  3906  3785    -1       -1   6649
 5216   1547  2816  3785    -1       -1   7622
 5217   3906  1547  3785    -1       -1   7548
 5218   1743  1784  3934    -1       -1   9063
 5219     37  3924  3934    -1       -1   9033
 5220   4065  1743  3934    -1       -1   9045
 5221   3924  4065  3934    -1       -1   9033
 5222   2801  2802  4084    -1       -1   8728
 5223   2063  3014  2418    -1       -1  20339
 5224   2006  3769  4084    -1       -1   8515
 5225   3769  2801  4084    -1       -1   7295
 5226   2138   178  3849    -1       -1   6813
 5227   3187  2873  3849    -1       -1   6876
 5228   3398  1466  3527    -1       -1  14611
 5229   2137  2138  3849    -1       -1   6813
 5230   1426  3398  3527    -1       -1  14568
 5231   2185   130   131    -1       -1   1235
 5232   1425  1426  3527    -1       -1  18018
 5233   1466  3526  3527    -1       -1  14611
 5234    644  3388  2516    -1       -1   2793
 5235   3806  3056   131    -1       -1   1215
 5236   1467  3806   131    -1       -1   1718
 5237   2410   644  2516    -1       -1   2724
 5238    272   308  2516    -1       -1   2618
 5239    308  2410  2516    -1       -1     42
 5240    415   204  3568    -1       -1  10661
 5241   2703  3129  3836    -1       -1   2168
 5242   3013   918  3836    -1       -1  18586
 5243    894  2703  3836    -1       -1   2168
 5244    577   125  3568    -1       -1  10656
 5245   2891  3151  3484    -1       -1  18994
 5246    588    40    41    -1       -1  11034
 5247   1916  2633  3539    -1       -1  22863
 5248   2108  2474  3484    -1       -1  18978
 5249   3151  2920  3484    -1       -1  16415
 5250   3759  2433   934    -1       -1  12834
 5251    227  2430  3457    -1       -1  14325
 5252   2304   226  3457    -1       -1  13970
 5253     67  1937  3311    -1       -1  10315
 5254   3190    67  3311    -1       -1  11511
 5255   2874  2231  1940    -1       -1   8233
 5256   1515  3190  3311    -1       -1  10220
 5257   2231  1939  1940    -1       -1   8739
 5258   1938  1788  1940    -1       -1   8947
 5259   2514  2874  1940    -1       -1   8889
 5260   1788  2514  1940    -1       -1   8561
 5261   2598   510  2599    -1       -1  11855
 5262   3269  3899  1857    -1       -1   1622
 5263   2758  1795  1713    -1       -1   1755
 5264   3824  4042  4085    -1       -1  13198
 5265   3139  4085  4079    -1       -1  10155
 5266   3130   679  4085    -1       -1  13171
 5267    679  3824  4085    -1       -1  13171
 5268   2324   293  2952    -1       -1   5034
 5269   3139  3130  4085    -1       -1  13345
 5270    842  2709  1679    -1       -1  21529
 5271    293  3480  2952    -1       -1   6723
 5272   1125   109   110    -1       -1   5135
 5273   1124  1125  1598    -1       -1   4683
 5274   2939  1678  1679    -1       -1   2133
 5275   1438  1864  3356    -1       -1  12994
 5276   1864  2982  3356    -1       -1   1084
 5277    394  3028  2419    -1       -1   7353
 5278   2979  1342  3356    -1       -1  12794
 5279   3088   393  2419    -1       -1   8006
 5280   1983  3986  1985    -1       -1  17187
 5281   3028  3613  2419    -1       -1   7780
 5282   3830  3833  3834    -1       -1   6462
 5283   2724  3880  2693    -1       -1   8295
 5284   2639   696  1622    -1       -1  13266
 5285   1196  3155  3876    -1       -1   3409
 5286   1407  1984  1985    -1       -1  17195
 5287   1985  3986   763    -1       -1  17337
 5288   2474  1025  2107    -1       -1   5861
 5289   2570   718  2569    -1       -1  10184
 5290   2439  1236  4086    -1       -1  13025
 5291   1025   973  2107    -1       -1   5861
 5292    459  4086  4087    -1       -1  12948
 5293   3294  3295    60    -1       -1   7074
 5294   2483   435   885    -1       -1  20220
 5295     58   732    60    -1       -1   5797
 5296   3295    59    60    -1       -1   4925
 5297   1802  2347   885    -1       -1  21052
 5298   2685   719  2486    -1       -1  15753
 5299    435   884   885    -1       -1  20306
 5300   3147  4056  4057    -1       -1   3235
 5301    719  3345  2486    -1       -1  15753
 5302   2555  3238  3738    -1       -1  18336
 5303   3869  1984  3738    -1       -1  13848
 5304   2913  2915  3815    -1       -1   1780
 5305   3238  3005  3738    -1       -1   1443
 5306   2900  2221  1057    -1       -1  22361
 5307   2252   983  1057    -1       -1  22349
 5308   2221  2222  1057    -1       -1  22290
 5309   3405  1119  1120    -1       -1  16211
 5310   3731  3405  1120    -1       -1  16197
 5311   1730  2122  1732    -1       -1  16522
 5312    935  1497   934    -1       -1  11787
 5313   3476   194  2686    -1       -1  16862
 5314   1921  3047   114    -1       -1   5455
 5315   3091  1623  2173    -1       -1   2773
 5316   1513  1514  1510    -1       -1   8824
 5317    723   724  4047    -1       -1    250
 5318   2750  2747  2748    -1       -1   1623
 5319    682   723  4047    -1       -1   3026
 5320   1561  1709  2320    -1       -1   8167
 5321   2812    65    66    -1       -1   8699
 5322   3472  3781    66    -1       -1   8335
 5323   4052  3693  1986    -1       -1  17100
 5324   2558   451  1986    -1       -1  13877
 5325     64  3472    66    -1       -1   4040
 5326   3693  2559  1986    -1       -1  21603
 5327   1822  3403  3406    -1       -1  16815
 5328   2322   540  4088    -1       -1  16686
 5329   1119  3405  4088    -1       -1  16211
 5330   2803  2322  4088    -1       -1  16191
 5331    540  1119  4088    -1       -1  16686
 5332   1371  1372  4089    -1       -1  11779
 5333   2001  1711  3877    -1       -1    867
 5334    416  1371  4089    -1       -1  11812
 5335    357   416  4089    -1       -1  11757
 5336    557  1710  1561    -1       -1  16131
 5337   1451  2382  1453    -1       -1  10209
 5338    534  1830  1831    -1       -1    914
 5339   2382  3074  1453    -1       -1  10185
 5340   2072   534  1831    -1       -1    914
 5341   1158  1159  4090    -1       -1  11379
 5342   1424  2344  1832    -1       -1   2331
 5343   3522  1158  4090    -1       -1  11379
 5344   3383  1989  4090    -1       -1  13308
 5345   1159  3383  4090    -1       -1  21381
 5346   4031   677   528    -1       -1  19981
 5347   3133  4070  3135    -1       -1  22899
 5348   1211  1212  3274    -1       -1  18192
 5349   1519  3134  3135    -1       -1  22861
 5350    544  1718  3391    -1       -1  16170
 5351   1060  1211  3274    -1       -1  18227
 5352    331  2411   333    -1       -1  10082
 5353   2411  3936  3964    -1       -1   9615
 5354    568   332   333    -1       -1   9613
 5355   3964    20  2495    -1       -1   9626
 5356     19    20  3965    -1       -1   9739
 5357   2421  3638  3642    -1       -1  17276
 5358   3638  3532  3642    -1       -1  16854
 5359   4029   132  3642    -1       -1  15689
 5360   1325  2528  4091    -1       -1  10298
 5361   4092  3951  4091    -1       -1  10878
 5362   1324  1325  4091    -1       -1  11514
 5363   2528  4092  4091    -1       -1  10298
 5364   1465  3860   589    -1       -1  20525
 5365    766  3313  1265    -1       -1   3611
 5366   1464  1465   589    -1       -1  20525
 5367   2297  3792  1695    -1       -1   5049
 5368    590  4063   589    -1       -1  20405
 5369   1695  1696  2013    -1       -1   6904
 5370   2011  2297  1695    -1       -1   5037
 5371   2632  4093  4094    -1       -1  22588
 5372   2104  3911  3448    -1       -1   5510
 5373   3520  1107  1002    -1       -1  16549
 5374   1280  1264  1265    -1       -1   3207
 5375    791   789  1002    -1       -1  16179
 5376   3911  3447  3448    -1       -1   4749
 5377   2103  2104  3448    -1       -1   5569
 5378   2315  2103  3448    -1       -1   5421
 5379   2379  2623  3696    -1       -1   3075
 5380   3283   735   736    -1       -1   3177
 5381   2378  2379  3696    -1       -1    299
 5382    421  2377  3696    -1       -1   2826
 5383   3678  4054  2751    -1       -1   1163
 5384   2623   420  3696    -1       -1   3075
 5385   1126  1124  1289    -1       -1   5552
 5386   3316  1503  2945    -1       -1  22172
 5387   1678  2939  2945    -1       -1  21484
 5388   1385  3851  2449    -1       -1  19436
 5389   2940  3316  2945    -1       -1  21050
 5390   2269  2276  2270    -1       -1   9310
 5391   1503  2944  2945    -1       -1  22412
 5392     99  2895   268    -1       -1  12266
 5393   1093   353   354    -1       -1   1110
 5394   3385  3691  2543    -1       -1  11316
 5395   1272   100   101    -1       -1  12302
 5396    268  1447   101    -1       -1  11930
 5397   3241  2229   102    -1       -1  18498
 5398   3751  3241   102    -1       -1  18498
 5399    681  3751   102    -1       -1  18086
 5400   3667  3015  2008    -1       -1   6302
 5401   3015  1725  2008    -1       -1   5316
 5402   3999  4000  2008    -1       -1   5105
 5403   3149  3659  3651    -1       -1  21254
 5404   1308  3813  1310    -1       -1  21176
 5405    785  3487   271    -1       -1  18321
 5406   3114  3649  3115    -1       -1  21175
 5407   3034  2266  3452    -1       -1   1636
 5408   3655  3656  3657    -1       -1   1819
 5409    975   152  3657    -1       -1  21741
 5410    397  3034  3452    -1       -1  14540
 5411   3298  1420  3452    -1       -1  14548
 5412    399   397  3452    -1       -1   1231
 5413    602  4049  3600    -1       -1  11075
 5414   3881  2216  3721    -1       -1   6298
 5415    600   150   602    -1       -1   3543
 5416    207  1890  1156    -1       -1   1544
 5417    701   702  1156    -1       -1  22181
 5418    956   958   955    -1       -1   5778
 5419   2635  3020  2634    -1       -1  15087
 5420   3026  3024  2636    -1       -1  15165
 5421   3708  2824   955    -1       -1   7114
 5422    958  3708   955    -1       -1   4602
 5423   3124  1549  4095    -1       -1   7497
 5424    240   277   739    -1       -1  12795
 5425   4096  2064  3562    -1       -1   7366
 5426   2064  2065  3562    -1       -1   7300
 5427   3007  4097  3727    -1       -1   6791
 5428   2608  3045  3435    -1       -1   7333
 5429   3058  3057  2471    -1       -1   9029
 5430   3761  3335  3647    -1       -1    879
 5431   1974   845    38    -1       -1   9139
 5432    845    37    38    -1       -1   9139
 5433   3670   248    86    -1       -1    401
 5434   3057    38    39    -1       -1   8971
 5435     84  3670    86    -1       -1   5095
 5436   3068    85    86    -1       -1   1591
 5437   3719  3068    86    -1       -1   5233
 5438   1312  1199  1949    -1       -1   5980
 5439   2912  2869   582    -1       -1   3272
 5440   2865   581   582    -1       -1   2954
 5441    580  2912   582    -1       -1   3272
 5442   2017  2865   582    -1       -1   2954
 5443    108   891  1949    -1       -1   1187
 5444   3065  2368  2369    -1       -1  21300
 5445    891  1948  1949    -1       -1   1187
 5446   2006  4084  4098    -1       -1   8515
 5447   2005  2006  4098    -1       -1   5824
 5448   3166  2717  2369    -1       -1  11471
 5449   2716  3065  2369    -1       -1  21460
 5450    556  2932  2334    -1       -1  16128
 5451   2717  2716  2369    -1       -1  11471
 5452   2047  2334  4099    -1       -1  12739
 5453   2047   854  2334    -1       -1  12739
 5454   2417  2418  3399    -1       -1  20216
 5455    941  2311  2312    -1       -1   6407
 5456   1426  3041  3399    -1       -1  18033
 5457   1285  1286  3560    -1       -1   1207
 5458   3041  2417  3399    -1       -1  18033
 5459   3860  1465  3974    -1       -1  20240
 5460    384  1629  4013    -1       -1  13946
 5461   3377  2843  3560    -1       -1  15802
 5462   1278  3279  4013    -1       -1  14082
 5463   3279   383  4013    -1       -1  13939
 5464   4013  1629  4100    -1       -1  14091
 5465   1608  1294  3914    -1       -1  14535
 5466   1223  3569  3914    -1       -1   1068
 5467   1294  3221  3914    -1       -1  14535
 5468   1854  2489  2702    -1       -1  15589
 5469   3221  3884  3914    -1       -1   1788
 5470   1505  3100  1507    -1       -1  11227
 5471   1853  1854  2702    -1       -1  16060
 5472    995  1829  1507    -1       -1  11236
 5473   1040   995  1507    -1       -1  11053
 5474   2021  1317  2020    -1       -1  14097
 5475   3094  4006  2020    -1       -1  13866
 5476   1595  3094  2020    -1       -1    909
 5477   1317  1595  2020    -1       -1    909
 5478   1554   731   964    -1       -1   7134
 5479    964  1198  3145    -1       -1   5965
 5480   1553  1554   964    -1       -1   6012
 5481   2415  3820  2727    -1       -1    864
 5482   2728  2240  2727    -1       -1   6488
 5483   2240  3764  2727    -1       -1   7918
 5484   2727  3820  2729    -1       -1   6357
 5485    244  1495   246    -1       -1  22827
 5486   1543  1544  4101    -1       -1  19636
 5487   1495   988   246    -1       -1  22827
 5488    938   939   246    -1       -1    169
 5489    988   938   246    -1       -1  23007
 5490    939   245   246    -1       -1    169
 5491   1348  1399  3533    -1       -1  13982
 5492   2329   592  3192    -1       -1    708
 5493   1145  3978  3192    -1       -1   5185
 5494   3978  2331  3192    -1       -1   4706
 5495   2340   924   925    -1       -1  11698
 5496   1572  1250  1574    -1       -1  18946
 5497   3883  2340   925    -1       -1    844
 5498    923   511   925    -1       -1   3392
 5499   1248  2921  1574    -1       -1  18996
 5500   2921  1573  1574    -1       -1  19015
 5501   1250  1248  1574    -1       -1  18969
 5502    327   328  4102    -1       -1   9741
 5503   2610  3408  2612    -1       -1  12080
 5504   1268  2738  2612    -1       -1   9531
 5505   3936  3800  3966    -1       -1   9948
 5506    327  4102  3966    -1       -1   9544
 5507    682  4047   868    -1       -1   3026
 5508   3507  3505  4102    -1       -1   9665
 5509    328  3507  4102    -1       -1   9665
 5510    445  1260  3317    -1       -1  18292
 5511   2774   120   868    -1       -1   2679
 5512   1769  3367  3747    -1       -1  20615
 5513   3669   870  3747    -1       -1  21825
 5514   2518   445  3318    -1       -1  21853
 5515   3072  2723  2724    -1       -1   5836
 5516   3596  2925   900    -1       -1   4023
 5517   1337  3072  2724    -1       -1   8297
 5518    545   290   900    -1       -1   4003
 5519    899  2211   900    -1       -1   4002
 5520    355  3535   418    -1       -1  11895
 5521   3118  2142  2143    -1       -1   8828
 5522   2400   469  2357    -1       -1   1153
 5523   1062  2400  2357    -1       -1   1153
 5524   1062  2357  3514    -1       -1  22194
 5525   3358  2170  2462    -1       -1   7764
 5526   2462  2170  2576    -1       -1   7503
 5527    488  3871   490    -1       -1  15902
 5528   2157   489   490    -1       -1  15866
 5529   2316   350  1600    -1       -1  22773
 5530   3320   816  3099    -1       -1  14563
 5531   2347  1798  3918    -1       -1  20130
 5532   3098  3648  3099    -1       -1  14930
 5533   1798  3509  3918    -1       -1  18046
 5534   1805  1806  3196    -1       -1   6343
 5535   3116  4103  3117    -1       -1  13333
 5536   2215  3881  3196    -1       -1   6620
 5537   3881  2312  3196    -1       -1   2385
 5538   1692   849  3558    -1       -1   2063
 5539   3911  2104  3913    -1       -1   5666
 5540   3951  3697  4104    -1       -1  11558
 5541   2136  1694  1161    -1       -1   2004
 5542   1443  1441  1994    -1       -1   4852
 5543   1181  3146  4041    -1       -1  21271
 5544   4105  3659   374    -1       -1  18399
 5545   1761   309  3540    -1       -1   2788
 5546   3432  3433  2665    -1       -1  18651
 5547   3965  3964  3966    -1       -1   9750
 5548   3401  3402  1500    -1       -1  18137
 5549   1568  1569  3075    -1       -1   8711
 5550   4102  3505  3965    -1       -1    852
 5551   3505    19  3965    -1       -1    852
 5552   3939   544  3391    -1       -1   8112
 5553   1718  1584  3391    -1       -1  16170
 5554   1949  1199  3499    -1       -1   5980
 5555   2258  3761  4073    -1       -1    125
 5556    289   935   936    -1       -1  14094
 5557    934  2433   936    -1       -1  12611
 5558   2111   389   538    -1       -1   3743
 5559    110   108  3500    -1       -1    492
 5560   4047   724  2747    -1       -1   2727
 5561   2749  4047  2747    -1       -1   2727
 5562   3939  3391  3392    -1       -1   9321
 5563   1376   505  1592    -1       -1   9102
 5564   1283  3939  3392    -1       -1  15757
 5565   3390   346  3392    -1       -1  15746
 5566   3820  4106  2729    -1       -1   6357
 5567   2587  2840  2714    -1       -1  17430
 5568   2714  3224  4107    -1       -1  15641
 5569   2295  4105  2296    -1       -1   1446
 5570   1051  1278  4100    -1       -1  12671
 5571   3094  1596  3621    -1       -1   1958
 5572   4092  4108  2299    -1       -1  11478
 5573   2050  3699  2299    -1       -1  11401
 5574   3951  4092  2299    -1       -1  10878
 5575   3699  3951  2299    -1       -1  11401
 5576   2877  2215  2879    -1       -1   6517
 5577   4108  2298  2299    -1       -1  11478
 5578   3196  1806  2879    -1       -1   6471
 5579   2215  3196  2879    -1       -1   6620
 5580    253  4050   255    -1       -1   6529
 5581   2878  2879  3216    -1       -1   6611
 5582   3016  2087  3660    -1       -1  13812
 5583   1497  3604  2431    -1       -1  12398
 5584   3093  1942  3660    -1       -1    874
 5585     60   732   733    -1       -1   5797
 5586   2087  1370  3660    -1       -1   3679
 5587   4102  3965  3966    -1       -1   9544
 5588   2093  3158   733    -1       -1   6624
 5589    211    61  3127    -1       -1   4744
 5590   1794   211  3127    -1       -1   4744
 5591   3126  3822  3127    -1       -1   4634
 5592   3772  3787  3668    -1       -1    491
 5593   3822  1794  3127    -1       -1   4648
 5594     61    62  3127    -1       -1   4571
 5595   3787   959  3668    -1       -1    491
 5596   3773  3772  3668    -1       -1   4743
 5597    259   260  1843    -1       -1  19500
 5598   3078   259  1843    -1       -1  19500
 5599   3769  2006   146    -1       -1    589
 5600    144  3769   146    -1       -1    589
 5601   1636   145   146    -1       -1   7380
 5602   1635  1636   146    -1       -1   7380
 5603   3504  1766  3147    -1       -1   3928
 5604    435  2483   434    -1       -1  20220
 5605   2775  1188   434    -1       -1  20214
 5606   2483  1152   434    -1       -1  20243
 5607   1704  1705  2541    -1       -1  16966
 5608   3984   486  4060    -1       -1  13113
 5609    486  2451  4060    -1       -1  13119
 5610   1813  1814  3042    -1       -1  13537
 5611    199   197  3038    -1       -1  10471
 5612   4028   440  1400    -1       -1  21414
 5613   1444  2584  3360    -1       -1  22596
 5614    221  4028  1400    -1       -1  21391
 5615   3643   220  1400    -1       -1  11377
 5616   3485  3846   760    -1       -1  10416
 5617   3137  3846  3485    -1       -1   1874
 5618   3568   125  3485    -1       -1   2688
 5619    415  3568  3485    -1       -1  10676
 5620   3925  2125   663    -1       -1  15748
 5621   2263  2262  4109    -1       -1  19847
 5622   3919  1090  4109    -1       -1  19848
 5623   3018  2263  4109    -1       -1   5636
 5624   2262  3919  4109    -1       -1  19848
 5625    662  2661   663    -1       -1  12614
 5626   2125   489   663    -1       -1  15889
 5627   2015  1813  4110    -1       -1  13570
 5628   1813  1668  4110    -1       -1  13638
 5629   1668  1666  4110    -1       -1  13638
 5630   2193  2015  4110    -1       -1   1648
 5631   1666  2193  4110    -1       -1  13357
 5632    869  2663   871    -1       -1  18071
 5633   1769   870   871    -1       -1  19553
 5634     81  3107  3108    -1       -1  17832
 5635   2102  3232  4111    -1       -1   1015
 5636   2526  2101  4111    -1       -1  10341
 5637   2101  2102  4111    -1       -1  10341
 5638   3267  2808  2839    -1       -1  12660
 5639    727  2526  4111    -1       -1  10188
 5640   2091    83  3108    -1       -1   1250
 5641   2403  3267  2839    -1       -1  12660
 5642   1663  3231  1128    -1       -1  19684
 5643   1579  3512  2721    -1       -1   2126
 5644    237   235  1128    -1       -1   5115
 5645   3304   237  1128    -1       -1  19989
 5646   3231  3304  1128    -1       -1  19684
 5647   2798  1590  3125    -1       -1  15582
 5648   2271  3371  2273    -1       -1   8876
 5649   1938  3808  2273    -1       -1   8873
 5650   3808  2496  2273    -1       -1   8873
 5651   3371  1789  1790    -1       -1   8940
 5652    209  2062   208    -1       -1  20377
 5653   2568  2202   208    -1       -1  20287
 5654   2062  2568   208    -1       -1  20457
 5655   2202   297   208    -1       -1  20287
 5656   1670  2214  1669    -1       -1   5234
 5657   2941  3263  1696    -1       -1   4994
 5658   2183  2742  3125    -1       -1  14960
 5659   1149  2941  1697    -1       -1   2686
 5660   2632  2633  4093    -1       -1  22507
 5661   2633  1916  4093    -1       -1  20626
 5662   3263  2951  1696    -1       -1   5032
 5663   4093  4112  4094    -1       -1  22588
 5664   1905  2883  3671    -1       -1   2220
 5665   1916  1917  4093    -1       -1  20626
 5666   4020  1184   632    -1       -1   1205
 5667    339  2931  1781    -1       -1   3885
 5668   3486  2690  3611    -1       -1  15345
 5669    802   339  1781    -1       -1   7345
 5670   3610  2975  3611    -1       -1  12822
 5671   2816  1780  1781    -1       -1   7558
 5672   2161  3486  3611    -1       -1  15345
 5673   2931  3786  1781    -1       -1   3885
 5674   3613  1013  3179    -1       -1   9347
 5675   2975  2161  3611    -1       -1  20969
 5676   2690  3189  3611    -1       -1  20604
 5677   3489  4113   968    -1       -1  15378
 5678   2419  3613  3179    -1       -1   7667
 5679   1258  3088  3179    -1       -1   7772
 5680   1257  1258  3179    -1       -1   9344
 5681   4046  1816  3185    -1       -1  22387
 5682    527  4046  3185    -1       -1  22192
 5683   3219  3188  3935    -1       -1   5361
 5684   3188  1793  3935    -1       -1   5434
 5685    950  1950  3666    -1       -1   5377
 5686   1822  3404   196    -1       -1  16747
 5687   1462  3219  3935    -1       -1   5371
 5688   2871  1462  3935    -1       -1   5371
 5689   3763  2928  3734    -1       -1   4872
 5690   1976  2305  1975    -1       -1   7690
 5691   1934  1935  2440    -1       -1  10836
 5692   1680  2848  1408    -1       -1   6402
 5693   3232  1934  2440    -1       -1  10278
 5694   2291  1410  1408    -1       -1  14068
 5695    902  2291  1408    -1       -1  17005
 5696   2521  2226   775    -1       -1   1482
 5697   3548  3601  3837    -1       -1  19336
 5698   2226  2224   775    -1       -1   1488
 5699    776  2521   775    -1       -1  18604
 5700   2253   831  3686    -1       -1  21921
 5701    831  3583  3686    -1       -1  20136
 5702   3685  2290  3686    -1       -1  21998
 5703   3182   680   364    -1       -1  13064
 5704   3583  3579  3686    -1       -1  20136
 5705   3886  2217  3990    -1       -1  20658
 5706   3184  3182   364    -1       -1  13194
 5707    571  1038   572    -1       -1  19685
 5708   3387  3314  3916    -1       -1  10322
 5709   1616   575   572    -1       -1  20056
 5710   4027  3090  3916    -1       -1   1951
 5711   2705  3387  3916    -1       -1  10065
 5712   4045  4055   547    -1       -1   3845
 5713   2046  2047  4113    -1       -1  16269
 5714   2925  1170   547    -1       -1   1984
 5715    546  4055  4057    -1       -1   4269
 5716   2110  2891  2764    -1       -1   4747
 5717   2474  2107  2764    -1       -1   5863
 5718    186  2154  2678    -1       -1  12134
 5719   2891  3484  2764    -1       -1  18994
 5720    334   335  2678    -1       -1  10753
 5721   2154  3418  2678    -1       -1  12310
 5722    335   186  2678    -1       -1  10753
 5723   3494  4049  2543    -1       -1  11181
 5724   3691  3494  2543    -1       -1  11181
 5725   1195  3385  2543    -1       -1  11255
 5726   1267   148  1151    -1       -1   7447
 5727   4049  1194  2543    -1       -1   3580
 5728   1644  3989  2829    -1       -1  13784
 5729    576  1571  3725    -1       -1   1577
 5730    423  3749  3725    -1       -1  20001
 5731   2828  1644  2829    -1       -1   1284
 5732   1907  2390  2829    -1       -1   1459
 5733   3988  1907  2829    -1       -1  12668
 5734   3711  3971  2930    -1       -1  19259
 5735   3919  3174  3175    -1       -1   5166
 5736    773  2318  3859    -1       -1  18135
 5737   1356  3021  1240    -1       -1  15482
 5738   1239  1356  1240    -1       -1  15464
 5739    460   461  1240    -1       -1  15463
 5740   1928  2842  1927    -1       -1  17081
 5741   2831  3186  3690    -1       -1   7468
 5742    712   710  1927    -1       -1  17261
 5743   3906  2831  3690    -1       -1   7468
 5744   3586  3763  3734    -1       -1   4872
 5745   1547  3906  3690    -1       -1   7548
 5746   3187  3586  3734    -1       -1   5027
 5747   1092  2873  3734    -1       -1   5006
 5748   2928  1092  3734    -1       -1   4903
 5749   2305  3348  1975    -1       -1   7690
 5750   2084  1906  4067    -1       -1   2539
 5751   2086  2084  4067    -1       -1   2539
 5752   2620  1374  4114    -1       -1  10013
 5753   3119  3501  4114    -1       -1   9943
 5754   1064  2086  4067    -1       -1   2204
 5755   3801  2620  4114    -1       -1  10012
 5756   3501  3801  4114    -1       -1   9943
 5757    752   599  2953    -1       -1   4218
 5758   1217  1661  2954    -1       -1   4280
 5759   2340  3883  3053    -1       -1  11897
 5760    960   223  2953    -1       -1   4216
 5761     36  2340  3053    -1       -1  11897
 5762   2422  3479  2475    -1       -1   3108
 5763   3155  1196  2475    -1       -1   3409
 5764   3154  3155  2475    -1       -1   3465
 5765   3303  2540  2541    -1       -1   7869
 5766   2539  3370  2541    -1       -1   8111
 5767   2699  1174  1175    -1       -1   8304
 5768   1173  1580  1175    -1       -1   5884
 5769   4115  2823  3427    -1       -1  22819
 5770   2131  2446  2132    -1       -1  21763
 5771   2132   650  3332    -1       -1  21153
 5772   3180  1018  3181    -1       -1   4057
 5773   2174  1276    42    -1       -1  10814
 5774     40  2174    42    -1       -1   3584
 5775   4116    41    42    -1       -1  11144
 5776    953  2573  1262    -1       -1   7716
 5777   3100  3202  3928    -1       -1  11149
 5778   1639  1627  4117    -1       -1   1872
 5779   1627  1625  4117    -1       -1  10357
 5780   3983   953  1262    -1       -1   7967
 5781   2572  1261  1262    -1       -1   7829
 5782   3383  1479  2987    -1       -1  21272
 5783   1989  3383  2987    -1       -1  21272
 5784    190   422  2978    -1       -1  18376
 5785   2883  2967  4118    -1       -1   2207
 5786   3847  2883  4118    -1       -1   2203
 5787   3395  3847  4118    -1       -1   2203
 5788   3895  3395  4118    -1       -1   1120
 5789   2600  1726  4119    -1       -1   5219
 5790   1162  3394  3530    -1       -1   3688
 5791   2176  2177  4119    -1       -1   2991
 5792    834   190  2978    -1       -1  20000
 5793   2934  3102  3530    -1       -1    936
 5794   3394  3855  3530    -1       -1   1995
 5795     78  2305   952    -1       -1   7938
 5796   2298  4108  3572    -1       -1  10236
 5797   2452    78   952    -1       -1   7977
 5798   2718  2220  2806    -1       -1   8691
 5799   2994  2750   991    -1       -1   1801
 5800   3471    64  2220    -1       -1   8632
 5801   2719  3471  2220    -1       -1   8632
 5802   2718  2719  2220    -1       -1   8411
 5803    525   828   829    -1       -1   9772
 5804    383  3279  3280    -1       -1  13979
 5805   2831   525   829    -1       -1   4630
 5806   3858   300  3857    -1       -1   5144
 5807    772   773  3857    -1       -1  18143
 5808   3278  2192  3280    -1       -1    638
 5809    970  3661  3280    -1       -1  14177
 5810   2192   970  3280    -1       -1  14177
 5811   2244    93  3774    -1       -1   6290
 5812   1312  3717  3145    -1       -1   6008
 5813   1257   480   481    -1       -1   7812
 5814   2732  3695  2733    -1       -1  17734
 5815   1910  1256   481    -1       -1   1271
 5816   3536  3164   442    -1       -1  21556
 5817    440  3522   442    -1       -1   3338
 5818   3164   441   442    -1       -1     88
 5819   1757  2314  1773    -1       -1   5521
 5820   2506  3234  3488    -1       -1  18126
 5821   3170  1490  1491    -1       -1  19283
 5822   2018  4021  3551    -1       -1   3167
 5823   2866  2865  3551    -1       -1     61
 5824   3046  2866  3551    -1       -1  11370
 5825   4021   588  3551    -1       -1  11343
 5826   3522  4090  1990    -1       -1  13375
 5827   4090  1989  1990    -1       -1  13308
 5828   3536   442  1990    -1       -1  21556
 5829   1680  1410  3081    -1       -1   6626
 5830   1409  3546  1411    -1       -1  18782
 5831    451   449  1987    -1       -1  21256
 5832    449  3841  1987    -1       -1   1846
 5833   4052  1986  1987    -1       -1  21576
 5834   1938  2273  1790    -1       -1   8932
 5835   4044  4052  1987    -1       -1   2616
 5836   3841  4044  1987    -1       -1   1846
 5837   1788  1938  1790    -1       -1   8947
 5838    589  3860   591    -1       -1  20404
 5839    789  1118  1754    -1       -1  16138
 5840   2470  4066  2469    -1       -1   7789
 5841    626  2763  1269    -1       -1  12182
 5842   2763  1026  1269    -1       -1  11849
 5843   2612  3408  1269    -1       -1  12088
 5844   3408   626  1269    -1       -1  12088
 5845   1766  3917  4056    -1       -1   2722
 5846   1268  2612  1269    -1       -1   3647
 5847   3917   546  4056    -1       -1   2722
 5848   1310  3813  3115    -1       -1  21176
 5849   3147  1766  4056    -1       -1   3928
 5850   2758  3740  2759    -1       -1   3697
 5851   3741  1276  3942    -1       -1  11030
 5852   2759  3741  3942    -1       -1   3419
 5853   3649  1310  3115    -1       -1  21175
 5854   2486  3345  1284    -1       -1  15815
 5855   2485  2486  1284    -1       -1  16777
 5856   3655  2259  3746    -1       -1  21816
 5857   2259   443  3746    -1       -1  21126
 5858    443   444  3746    -1       -1   2285
 5859   1156   702  1155    -1       -1   1573
 5860   1883  3438  1155    -1       -1  22191
 5861   2649  1820  3724    -1       -1  17136
 5862   1873  2091  2092    -1       -1  16323
 5863    806  2313   800    -1       -1  18889
 5864   1136  3471  4120    -1       -1   8612
 5865   3471  2719  4120    -1       -1   7242
 5866   2719  2731  4120    -1       -1   7242
 5867   2731  4082  4120    -1       -1   8616
 5868   2313  1388   800    -1       -1  18908
 5869   2480  1656  3614    -1       -1  11549
 5870   1578  3752   703    -1       -1  21124
 5871   3752  1309   703    -1       -1  22065
 5872   2658  2656  3224    -1       -1  12559
 5873   3223  2658  3224    -1       -1  15604
 5874   2714  2712  3224    -1       -1  15637
 5875    795  3760   797    -1       -1  13009
 5876   1235   796   797    -1       -1   1089
 5877   2179  1163  2571    -1       -1  11437
 5878   3760  2345   797    -1       -1  10896
 5879   1164  2886  2571    -1       -1  11469
 5880   2255  1140  1699    -1       -1   3905
 5881   2886  2570  2571    -1       -1  11469
 5882   2254  2255  1699    -1       -1   4274
 5883   1496   244  4121    -1       -1  20389
 5884   1698  2254  1699    -1       -1    407
 5885   1140  1141  1699    -1       -1   4306
 5886   2160  1496  4121    -1       -1  20389
 5887   1837  1620  1599    -1       -1  13566
 5888   1359  3758  1361    -1       -1  17424
 5889    245   305  4121    -1       -1  20921
 5890    244   245  4121    -1       -1  20780
 5891    350  1837  1599    -1       -1   1934
 5892   1620  1859  1599    -1       -1  13566
 5893   1791   212   213    -1       -1   5408
 5894   1600   350  1599    -1       -1  13611
 5895   3392   346  1747    -1       -1   8677
 5896   1283  3392  1747    -1       -1   8677
 5897   2114  3854  2116    -1       -1   9631
 5898    801  1311  1133    -1       -1   7336
 5899   3854  3119  2143    -1       -1   7451
 5900    476   477  2116    -1       -1   6814
 5901   1794  3822  1555    -1       -1   4648
 5902   2604  2834  3531    -1       -1  18510
 5903   3532  3638  3531    -1       -1  17131
 5904   1553   218   219    -1       -1   5963
 5905   3823  2386  2387    -1       -1   6015
 5906   3774  1688  1331    -1       -1  18295
 5907   3822  3823  2387    -1       -1   5759
 5908   1982  1980  3461    -1       -1  16404
 5909    750  3052  3217    -1       -1  19682
 5910   1138  1982  3461    -1       -1  16416
 5911   3174   750  3217    -1       -1   5123
 5912   1449   230  3217    -1       -1  18874
 5913    230  3174  3217    -1       -1  18874
 5914   1528   286  1993    -1       -1   4815
 5915   2408  3375  3376    -1       -1  10844
 5916   3335  2408  3376    -1       -1  11266
 5917   3646  3647  3376    -1       -1  10706
 5918   3374  3646  3376    -1       -1   2973
 5919   3883   925   512    -1       -1    844
 5920   3882  3883   512    -1       -1  11836
 5921    925   511   512    -1       -1  11694
 5922   1233  2176  2228    -1       -1   5070
 5923   2176  4119  2228    -1       -1   2991
 5924   4119  1726  2228    -1       -1   5197
 5925   3015  1232  2228    -1       -1   1739
 5926   1225  1371  4033    -1       -1  11774
 5927   2044   541  2893    -1       -1  16691
 5928   4032  1838  4033    -1       -1  11726
 5929   1838  1224  4033    -1       -1    993
 5930   1271  1447  3291    -1       -1  12417
 5931   1447  1576  3291    -1       -1  12222
 5932   1576  3288  3291    -1       -1  10775
 5933    348  1956  3363    -1       -1     73
 5934   3290  1270  3291    -1       -1  12418
 5935   1956  2142  3363    -1       -1     73
 5936   3916  3314  3364    -1       -1  10106
 5937   3315   348  3363    -1       -1   9051
 5938   3314  3315  3363    -1       -1   7490
 5939   1712  1795  2599    -1       -1   3623
 5940    670  2848   672    -1       -1  16944
 5941    510   511  2974    -1       -1  10312
 5942   2010   671   672    -1       -1   6309
 5943   1431  2010   672    -1       -1   1485
 5944    326  3502  3503    -1       -1   9765
 5945   3921   326  3503    -1       -1    477
 5946   2114  3921  3503    -1       -1    477
 5947   3854  2114  3503    -1       -1   9631
 5948   3501  3854  3503    -1       -1   9658
 5949   1660  2946   706    -1       -1   4698
 5950   2946  2350   706    -1       -1    447
 5951    704  1660   706    -1       -1   4760
 5952   3867  1833  1834    -1       -1   1655
 5953   1049  1050  3556    -1       -1  13244
 5954    496   497  1050    -1       -1  13287
 5955   3907  4122  4123    -1       -1  11107
 5956   1146  1681  3856    -1       -1  14011
 5957   3351  1146  3856    -1       -1    419
 5958   2805  3350  3856    -1       -1  13786
 5959   3474  4124  3475    -1       -1  14951
 5960   1681  2307  3856    -1       -1  14011
 5961   3893  1908  2469    -1       -1   1322
 5962   4066  3358  2469    -1       -1   6449
 5963    430  3460  2328    -1       -1  16293
 5964   3743  3587  2916    -1       -1   1019
 5965   3814  3743  2916    -1       -1     94
 5966   2915  2914  2916    -1       -1   2621
 5967    983  2252   128    -1       -1  22349
 5968   3587   264  2916    -1       -1   3364
 5969   2326  1613  2360    -1       -1    337
 5970   4044  2326  2360    -1       -1  14583
 5971   2025  4044  2360    -1       -1  21095
 5972   1614  3817  2360    -1       -1  13863
 5973   2794  2782  3062    -1       -1   3297
 5974   2864  2794  3062    -1       -1   3279
 5975    433  1104  3062    -1       -1   3135
 5976   1104  2864  3062    -1       -1   3279
 5977    991  2750  2748    -1       -1   1801
 5978   2782   419  3062    -1       -1   3231
 5979   1060  3756  1878    -1       -1  18182
 5980   1927  2842  2147    -1       -1  17069
 5981   1842  3027  2784    -1       -1    751
 5982   2664  3416  3362    -1       -1  20672
 5983   3756  1877  1878    -1       -1  17994
 5984   3029  3030  3637    -1       -1     11
 5985   4062  1650  2279    -1       -1  11587
 5986   3689   712  2147    -1       -1  15654
 5987    712  1927  2147    -1       -1  17069
 5988   2146  3689  2147    -1       -1  17248
 5989   2842  1086  2147    -1       -1  17083
 5990   3780  2799  3635    -1       -1  18558
 5991   3744   430   431    -1       -1    106
 5992   1855  3744   431    -1       -1  17839
 5993    681   102   103    -1       -1  18524
 5994   1611  1612   103    -1       -1  18281
 5995   1800  2341  3012    -1       -1  21815
 5996   3688  3633  1881    -1       -1   6586
 5997   3574    79  1881    -1       -1   7881
 5998    776  3780  3635    -1       -1  18377
 5999   2521   776  3635    -1       -1   1477
 6000   3779  3634  3635    -1       -1  18549
 6001   3886  3610  2217    -1       -1  21169
 6002   1338  1122  3073    -1       -1    599
 6003   1337  1338  3073    -1       -1   8247
 6004   1122  1123  3073    -1       -1   8742
 6005   1961  1965  1963    -1       -1   7849
 6006    223   224  1952    -1       -1   4001
 6007   3778  3777   818    -1       -1  12751
 6008    819  3300   818    -1       -1  14575
 6009   3300   141   818    -1       -1  15078
 6010   2698  1566  1110    -1       -1  16254
 6011   3199  1962  3599    -1       -1   7970
 6012   3560  1286  3561    -1       -1   1207
 6013   1560  2218  1108    -1       -1  16130
 6014   2218   791  1108    -1       -1  16130
 6015   3461  1980  3123    -1       -1  16404
 6016   2984  2607  3561    -1       -1  15783
 6017   2607  3377  3561    -1       -1   7787
 6018   3561  1286   347    -1       -1  15728
 6019    103  1612   342    -1       -1  18281
 6020   1440  3704  2897    -1       -1  12246
 6021   1799  1800  3012    -1       -1  21815
 6022   2896  1440  2897    -1       -1  11012
 6023   2565  2150  2897    -1       -1  10969
 6024   2564  2565  2897    -1       -1  12223
 6025   3704  2564  2897    -1       -1  12223
 6026   2155  3689  4125    -1       -1  16923
 6027   2157   490  4125    -1       -1  15842
 6028   1177  2511  2589    -1       -1  15981
 6029    693  2120   692    -1       -1   6329
 6030    105  2645  2126    -1       -1  17318
 6031   1114  3641  2126    -1       -1  17380
 6032   2245  3721   692    -1       -1   6385
 6033   2892  2591  2589    -1       -1  15841
 6034   3073  1123  3944    -1       -1   8742
 6035   1123  2810  3944    -1       -1   8220
 6036   2811  3676  3944    -1       -1    766
 6037   1566  2698  2733    -1       -1  16579
 6038   2810  2811  3944    -1       -1   6487
 6039   2495  2493   568    -1       -1   9611
 6040   3891  3890   783    -1       -1  18487
 6041    781  3891   783    -1       -1  18487
 6042   3531  3638  3639    -1       -1  17131
 6043   3641  1642  3639    -1       -1  17401
 6044   1642  2604  3639    -1       -1  17123
 6045    465  1296  1994    -1       -1   4483
 6046   1070   465  1994    -1       -1   4481
 6047   3116   755  4103    -1       -1  13509
 6048   2883  3847  3671    -1       -1   2220
 6049   2970  1255  3671    -1       -1  22661
 6050   3847  2970  3671    -1       -1   2038
 6051   1254  1905  3671    -1       -1   2165
 6052   3932  1217  1218    -1       -1   4500
 6053    793  2768  1218    -1       -1   4466
 6054    497  4080  4103    -1       -1  13404
 6055   2917  3625  4064    -1       -1   9017
 6056     96  3541  2933    -1       -1  21313
 6057     98    96  2933    -1       -1  21275
 6058   2239  1459  3837    -1       -1  19021
 6059   3869  3738  2622    -1       -1  17145
 6060   3924  2894  4064    -1       -1   8172
 6061   3702  2457  3703    -1       -1   8189
 6062   3625  4065  4064    -1       -1   8181
 6063   1168  3963  3980    -1       -1   3521
 6064   2482  2255  3980    -1       -1   4325
 6065   1685   463  3980    -1       -1    389
 6066    463  2482  3980    -1       -1   4493
 6067   3963  1685  3980    -1       -1    389
 6068    220  2805   222    -1       -1  13780
 6069   3092   221   222    -1       -1  13909
 6070   2323  3092   222    -1       -1  11123
 6071   3540   310  3521    -1       -1   2674
 6072   1719   734  3521    -1       -1   2287
 6073    847  2198  2169    -1       -1   2076
 6074    725  3540  3521    -1       -1   2674
 6075   2697  2698  2701    -1       -1  16625
 6076    207  1156  1157    -1       -1  22179
 6077   1553   219  1555    -1       -1   5963
 6078   3419  4048  3420    -1       -1  22903
 6079   4048  3807  3420    -1       -1  22903
 6080   2109  3728  3618    -1       -1    313
 6081   3057  2109  3618    -1       -1   8185
 6082   2729  4106  3301    -1       -1   5310
 6083   2263  3775  1056    -1       -1    185
 6084   2257  2258  4073    -1       -1    125
 6085   2332  2257  4073    -1       -1   3153
 6086     16  2332  4073    -1       -1   3553
 6087   1054  2263  1056    -1       -1  19835
 6088   1645  3945  2545    -1       -1   6590
 6089   3248  2544  2545    -1       -1   7888
 6090    801   802   907    -1       -1   7482
 6091   2908  3763  1100    -1       -1   4939
 6092   4106  3820  3249    -1       -1    767
 6093   3820  2414  3249    -1       -1   7890
 6094   3763  3586  1102    -1       -1    550
 6095   4002    51  2028    -1       -1  16853
 6096    802   906   907    -1       -1   7555
 6097    905  1311   907    -1       -1   7601
 6098   2728  2729  4097    -1       -1      8
 6099   3007  2728  4097    -1       -1   6720
 6100   2122   448  1732    -1       -1  16522
 6101   3594  1731  1732    -1       -1  16474
 6102   3367  3582  3317    -1       -1  18654
 6103   4020   632  2835    -1       -1   1430
 6104    630  2997  2675    -1       -1   1168
 6105    118  3035  2835    -1       -1  14706
 6106    194  2685  2686    -1       -1  16862
 6107   3747  3367  3317    -1       -1  20615
 6108   1260  3747  3317    -1       -1  18292
 6109   1953  1892  1893    -1       -1  11503
 6110   4097   294  3727    -1       -1   6791
 6111   1136  4120  4126    -1       -1   8378
 6112   1138  1136  4126    -1       -1   8408
 6113   3469  1138  4126    -1       -1   5874
 6114   4120  4082  4126    -1       -1   8378
 6115   4083  3469  4126    -1       -1   5874
 6116   4082  4083  4126    -1       -1    728
 6117    294  3328  3727    -1       -1   6927
 6118   1656    22  3614    -1       -1  11549
 6119   3698  3614  3293    -1       -1  10159
 6120   2825  3006  3727    -1       -1   4938
 6121   3328  2825  3727    -1       -1   4938
 6122   1469  1868  1471    -1       -1  15930
 6123   2125  3925  1471    -1       -1  15849
 6124   3925  2591  1471    -1       -1  15969
 6125   1868  2125  1471    -1       -1  15849
 6126    444  2518  2444    -1       -1  20207
 6127   2443   444  2444    -1       -1   1787
 6128    615  1577  2444    -1       -1  20637
 6129     46   615  2444    -1       -1  21810
 6130   3167  2260  3173    -1       -1  12657
 6131   1207  2074  1897    -1       -1  19732
 6132   2189  3167  3173    -1       -1  15021
 6133   1775  3172  3173    -1       -1  15090
 6134   2491  2492  1339    -1       -1   5387
 6135   3945  3830  3834    -1       -1   6481
 6136   3985  1338  1339    -1       -1   8227
 6137   1337  2724  2693    -1       -1   8297
 6138   3832  2545  3834    -1       -1   6587
 6139   1415  3832  3834    -1       -1   6294
 6140   3694  3695  2833    -1       -1   1555
 6141   2607  2984  2660    -1       -1   9341
 6142   2832  2715  3694    -1       -1  16341
 6143   2661  2606  2660    -1       -1   1489
 6144   1473  3673  1341    -1       -1   8358
 6145   3673  4082  1341    -1       -1   8375
 6146   2731  1340  1341    -1       -1   5805
 6147   4082  2731  1341    -1       -1   5805
 6148   1246  1247   462    -1       -1   1223
 6149   2427  2372  2227    -1       -1  18371
 6150   1247   129   462    -1       -1  15116
 6151    460  1246   462    -1       -1   1223
 6152   2224  2226  2227    -1       -1  18666
 6153   2372  3343  2227    -1       -1  18371
 6154   2225  2427  2227    -1       -1   6419
 6155   3226   115  3228    -1       -1   5507
 6156   1772  3143  3228    -1       -1   5503
 6157   3817  1614  1394    -1       -1  13883
 6158   3143  3227  3228    -1       -1   5503
 6159   1392  2868  1394    -1       -1   1179
 6160   1614  1393  1394    -1       -1  13821
 6161   4093  1917  4112    -1       -1  23072
 6162   3957  3631  4127    -1       -1   1579
 6163   3129  3510  4112    -1       -1  23075
 6164   1917  3129  4112    -1       -1  23075
 6165   3510  3674  4112    -1       -1  22583
 6166   1290  3105   890    -1       -1  22508
 6167   3937  1290   890    -1       -1  22508
 6168    848  3937   890    -1       -1  22703
 6169    133  1422   107    -1       -1  15662
 6170    132   133   107    -1       -1  17360
 6171    105  2421   107    -1       -1  17359
 6172   1098  1541  1542    -1       -1  20231
 6173   2779  3886  1738    -1       -1  20670
 6174   1736  2780  1738    -1       -1  20660
 6175    208   297   210    -1       -1  20455
 6176   1540   209  1542    -1       -1   5243
 6177     85  3068  1835    -1       -1    410
 6178   2989  1215  1216    -1       -1  22260
 6179   3783  4096  3875    -1       -1   7373
 6180   3562  3563  3875    -1       -1   7405
 6181   4096  3562  3875    -1       -1   7405
 6182   1421  4022  1216    -1       -1  22697
 6183    676  2285  2822    -1       -1  22430
 6184   3319  2989  1216    -1       -1  22785
 6185   4022  3319  1216    -1       -1  22785
 6186   2492  3985  1339    -1       -1   8227
 6187   2888  2294  3658    -1       -1  21659
 6188   1337  2693  1339    -1       -1   8290
 6189   2149    98  2933    -1       -1  21346
 6190   1836  2639  1622    -1       -1  13536
 6191   4111  3232  2441    -1       -1  10198
 6192   1620  1836  1622    -1       -1  13567
 6193   3232  2440  2441    -1       -1  10278
 6194    727  4111  2441    -1       -1  10198
 6195   2043  2041  2441    -1       -1   9691
 6196   1738  3886  3990    -1       -1  20658
 6197   2041   727  2441    -1       -1   9999
 6198   3215  1737  3990    -1       -1  20066
 6199   2923  2362  2363    -1       -1   2148
 6200   1737  1738  3990    -1       -1  20656
 6201   2217  1313  3990    -1       -1  21223
 6202    559  3064  2099    -1       -1  20830
 6203   2361   200  2363    -1       -1   1738
 6204   2397  2923  2363    -1       -1   2948
 6205    200  1191  2363    -1       -1   3142
 6206   3064  3482  2099    -1       -1  20834
 6207    586   559  2099    -1       -1  14802
 6208   2655  2098  2099    -1       -1  14834
 6209   3313  3312  3087    -1       -1  12486
 6210   1265  3313  3087    -1       -1  12240
 6211    726   199   728    -1       -1   7478
 6212   3038  1534   728    -1       -1  10467
 6213   1534  2526   728    -1       -1  10467
 6214   3952  3808  2806    -1       -1   8166
 6215    594   753   596    -1       -1   3893
 6216   3101   595   596    -1       -1   4163
 6217   3808  1939  2806    -1       -1   8166
 6218   2220  2219  2806    -1       -1   8691
 6219   1244  3513  1848    -1       -1  14989
 6220   2219  3952  2806    -1       -1   8196
 6221   1850  3878  1848    -1       -1  15223
 6222    300  1770   299    -1       -1  19495
 6223   3878  1244  1848    -1       -1  15041
 6224    260  1498  1770    -1       -1  19541
 6225   3357  1436  1437    -1       -1  11634
 6226    300  3858  1770    -1       -1  19495
 6227   1995  1543  4101    -1       -1  19636
 6228   2737  2321  1436    -1       -1  10516
 6229   1390  3420  2691    -1       -1  22916
 6230   3114  1445  2948    -1       -1  22075
 6231   3166  3164  3537    -1       -1  21454
 6232   4122  3554  3555    -1       -1  14367
 6233   2064  4096  3435    -1       -1   7366
 6234   1033  2168  1032    -1       -1  11427
 6235    562  2064  3435    -1       -1   7355
 6236   1275  2174  1281    -1       -1  10937
 6237   1114  1362  1113    -1       -1  17323
 6238    762  2156  1113    -1       -1   1464
 6239   2932  1560  1109    -1       -1  16046
 6240   1264  1280  1281    -1       -1   3207
 6241   3386  1264  1281    -1       -1  11086
 6242   2174  2175  1281    -1       -1  11084
 6243   3793  2932  1109    -1       -1  16030
 6244   1880  3793  1109    -1       -1  15403
 6245    879  2089  4128    -1       -1   6266
 6246    289   936  3245    -1       -1  14094
 6247   2342  1206    30    -1       -1  18518
 6248    800  1388  1389    -1       -1  18908
 6249   1898  2246  1900    -1       -1   5015
 6250   4050  2139  1899    -1       -1   6713
 6251   3833  3830  3831    -1       -1   6462
 6252   3098  2281  3652    -1       -1   1840
 6253   3918  3509  1154    -1       -1  18046
 6254   4040  1153  1154    -1       -1  20182
 6255   1387  1749  1389    -1       -1  18784
 6256   2346  4040  1154    -1       -1  19813
 6257   3509  2346  1154    -1       -1  19813
 6258   4080  2857  3117    -1       -1  13237
 6259   4103  4080  3117    -1       -1  13237
 6260   1667  1668  3117    -1       -1  13359
 6261   1668  2473  3117    -1       -1  13359
 6262   1206  1330    30    -1       -1  18518
 6263   2857  1667  3117    -1       -1  13199
 6264     28  2342    30    -1       -1  19745
 6265   2620  2412  2413    -1       -1   9724
 6266   2634   371  4077    -1       -1  15423
 6267   1808  2037  2038    -1       -1  17835
 6268    331  1369  2413    -1       -1    135
 6269   4000  2538  3080    -1       -1   6687
 6270   1080  4050  3257    -1       -1   1413
 6271   3831  1079  3257    -1       -1   5953
 6272   4050  1080   255    -1       -1   1413
 6273   3289  2758  1713    -1       -1   1755
 6274   3050   254   255    -1       -1   6117
 6275   1080  3051   255    -1       -1   6273
 6276    828   368   830    -1       -1   9852
 6277    368  2800   830    -1       -1   9852
 6278   3768   829   830    -1       -1   9832
 6279   2801  3768   830    -1       -1   9832
 6280   2800  2801   830    -1       -1   9858
 6281   2233  3930  1702    -1       -1  12718
 6282   2732  3653  3695    -1       -1  16382
 6283   1700  2233  1702    -1       -1  12969
 6284   1362  2860  2767    -1       -1  15694
 6285   3882   512  3940    -1       -1  11836
 6286   1113  1362  2767    -1       -1  13931
 6287   3223   762  2767    -1       -1  17251
 6288   2658  3223  2767    -1       -1   7788
 6289   1998   811   428    -1       -1  12339
 6290   3371  2060  4078    -1       -1   5300
 6291   3953  3529  3955    -1       -1   7856
 6292    512   510  3940    -1       -1  11837
 6293    415   413  1714    -1       -1  10649
 6294   3956  3954  3955    -1       -1   8975
 6295   3201  3956  3955    -1       -1   8975
 6296    413  2786  1714    -1       -1  10291
 6297    203   204  1714    -1       -1  10501
 6298   2786   203  1714    -1       -1  10501
 6299    969    97  1181    -1       -1  13900
 6300   2960  1059  4072    -1       -1  18010
 6301    777  2960  4072    -1       -1  18010
 6302   3775   532  3776    -1       -1  18925
 6303    533  3077  3776    -1       -1  18885
 6304    942  2245  1664    -1       -1   1505
 6305    532   533  3776    -1       -1  18925
 6306   2120  2118  1664    -1       -1   6379
 6307   1909  1974  3058    -1       -1   9169
 6308   2088  3220  1966    -1       -1  18355
 6309   3220   850  1966    -1       -1   1479
 6310   4128  2089  1966    -1       -1  15778
 6311    851  4128  1966    -1       -1   1570
 6312   2869  1973  3336    -1       -1  21784
 6313   2817   298  2819    -1       -1  20290
 6314   2017  2869  3336    -1       -1   3156
 6315    929  2016  3336    -1       -1  21549
 6316   3299   819  2752    -1       -1   1198
 6317   2436   778  2819    -1       -1  18273
 6318   3077   533  3079    -1       -1  18885
 6319    298  2436  2819    -1       -1  19419
 6320   2800   368  3626    -1       -1   8998
 6321   3626  3003  3004    -1       -1   9747
 6322    914   259  3079    -1       -1  19173
 6323    259  3078  3079    -1       -1  19504
 6324   2835   632  2675    -1       -1  14644
 6325   1278   160  3481    -1       -1  14090
 6326   4103   755  3262    -1       -1  13405
 6327    632   630  2675    -1       -1  14644
 6328   3279  1278  3481    -1       -1  14082
 6329    665  3278  3481    -1       -1  14003
 6330   2169  1033  1161    -1       -1   1073
 6331   2136  1161  4129    -1       -1   2004
 6332     16  4073    18    -1       -1   3553
 6333     74    17    18    -1       -1    113
 6334   1791   213   217    -1       -1   5408
 6335   1778  1792   217    -1       -1   5380
 6336   2387  1554  1555    -1       -1   6016
 6337   3409  2610  3211    -1       -1  12105
 6338   3118  3119  1375    -1       -1   9687
 6339   1891  3409  3211    -1       -1  12099
 6340   4027  3118  1375    -1       -1   8993
 6341   1373  4027  1375    -1       -1  10053
 6342   4114  1374  1375    -1       -1  10013
 6343   3119  4114  1375    -1       -1   9687
 6344   3853  3402  2795    -1       -1  16229
 6345   1499  3402  3853    -1       -1    428
 6346   2795  2996  3853    -1       -1  19594
 6347   1878  1876   648    -1       -1  17441
 6348   3947  1776  2852    -1       -1  15457
 6349   2617  2851  2852    -1       -1  15357
 6350   2852  1776  1777    -1       -1   5962
 6351   1589  3947  2852    -1       -1  15358
 6352   3042  1814  1601    -1       -1  13537
 6353   1544  3853  4101    -1       -1  19567
 6354   1859  3042  1601    -1       -1  13665
 6355   3319  1600  1601    -1       -1   1826
 6356   2996  1995  4101    -1       -1  19503
 6357   3853  2996  4101    -1       -1  19604
 6358   3920    15  1434    -1       -1   9472
 6359   3253  3459   570    -1       -1   9578
 6360     15  1401  1434    -1       -1   9472
 6361   2493  3687   570    -1       -1   2721
 6362     42  1276  3741    -1       -1  11127
 6363   3687  3253   570    -1       -1   6386
 6364   3740  4116  3741    -1       -1   3413
 6365   4116    42  3741    -1       -1  11127
 6366   1696  2951  2013    -1       -1   6904
 6367   2011  1695  2013    -1       -1   5037
 6368   3222  1549  3124    -1       -1   7412
 6369    145  1456  3124    -1       -1   7217
 6370   3888  3256  2022    -1       -1  13831
 6371   2885  3222  3124    -1       -1   8487
 6372   4006  2327  2022    -1       -1   1060
 6373   2327  3888  2022    -1       -1  13831
 6374   2020  4006  2022    -1       -1  13998
 6375   3653  3592  3593    -1       -1  16283
 6376   3591    82  3593    -1       -1  16251
 6377   1807  2039  1809    -1       -1   1408
 6378    369  3359   371    -1       -1  15348
 6379   2616  3026  4077    -1       -1  15298
 6380   1047  4074  1112    -1       -1  16253
 6381   4074  3444  1112    -1       -1  16545
 6382   2522  2523  2532    -1       -1   2987
 6383   3444  1111  1112    -1       -1  16545
 6384   2523  3368  2532    -1       -1   4974
 6385   4001  2531  4130    -1       -1   4983
 6386   3826  3959  1535    -1       -1   1851
 6387     71   174  3959    -1       -1  10383
 6388    863    71  3959    -1       -1   9768
 6389   3826   863  3959    -1       -1   9768
 6390   3209  3599  1963    -1       -1   7737
 6391   1102   700  2743    -1       -1   4978
 6392   3599  1962  1963    -1       -1    719
 6393   1606  1227  1228    -1       -1  19217
 6394   1925  1605  1228    -1       -1  17353
 6395   1226  1926  1228    -1       -1  17692
 6396   1605  1606  1228    -1       -1  19217
 6397   1998  3603  2000    -1       -1  11032
 6398   3940  2598  3942    -1       -1   1156
 6399   1975  3348  3559    -1       -1   7768
 6400   3806  2644  4131    -1       -1  15592
 6401   2039  1360  1631    -1       -1  15389
 6402   3056  3806  4131    -1       -1  15580
 6403   2645   106  4131    -1       -1  15339
 6404   2644  2645  4131    -1       -1  15339
 6405   2257  2332   322    -1       -1   3153
 6406   3372   151   322    -1       -1   3296
 6407    151  2257   322    -1       -1   3296
 6408   2489  2488  2505    -1       -1  16070
 6409   2383  1354  2505    -1       -1  15989
 6410   3311  3624  1936    -1       -1  10841
 6411   2488  2383  2505    -1       -1    691
 6412   3624  1935  1936    -1       -1  10822
 6413   3534  1490  2999    -1       -1  19435
 6414   3310  1515  1936    -1       -1  10534
 6415   3171   856  2999    -1       -1   5567
 6416    856  2998  2999    -1       -1   5567
 6417   2805  2307  2310    -1       -1  13950
 6418   1490  3171  2999    -1       -1  18997
 6419   2318  2930  3859    -1       -1  19626
 6420   2307  2306  2310    -1       -1  14292
 6421   2459  2460   957    -1       -1    641
 6422   3971  3078  4017    -1       -1  19186
 6423   3857   773  3859    -1       -1  18135
 6424   3823   956   957    -1       -1   7167
 6425    955  2459   957    -1       -1    641
 6426   3366  2820  2813    -1       -1  22516
 6427   1980  3515  4026    -1       -1  16445
 6428   4009  3122  3123    -1       -1   8397
 6429   3121  3461  3123    -1       -1   8367
 6430   2820  3360  2813    -1       -1  22516
 6431   4115  2465  2814    -1       -1  22858
 6432   3538  3366  2813    -1       -1  20227
 6433   3767  3636  4059    -1       -1  17924
 6434   1920  1925  4059    -1       -1  18133
 6435   1925  3767  4059    -1       -1  18133
 6436   3346  1920  4059    -1       -1  17708
 6437   1041  1711  1042    -1       -1  10895
 6438   2973  3493  1042    -1       -1  10899
 6439   1712  2599  2973    -1       -1  10872
 6440   3493   258  1042    -1       -1  10899
 6441   1712  2973  1042    -1       -1  11906
 6442   2461  3811   912    -1       -1  17485
 6443   2024   911   912    -1       -1  15667
 6444   3678  3648  4132    -1       -1  14626
 6445   3156  2044  2893    -1       -1   1445
 6446   1974    38  3058    -1       -1   9114
 6447   3410  3678  4132    -1       -1  14626
 6448     88  1160  4132    -1       -1  13804
 6449     87    88  4132    -1       -1  13804
 6450   1160  3410  4132    -1       -1  14628
 6451   3648    87  4132    -1       -1  14646
 6452   2374  4075  4068    -1       -1   2424
 6453   4075  2557  4068    -1       -1   2424
 6454   1893  2442  4133    -1       -1   1085
 6455   2880  2374  4068    -1       -1    923
 6456   1863  1953  4133    -1       -1  10055
 6457   1953  1893  4133    -1       -1  10055
 6458   1935  3623  4134    -1       -1   3657
 6459   3623  1863  4133    -1       -1    986
 6460   2881  4135  2882    -1       -1  16031
 6461   3632   197  4004    -1       -1  10296
 6462    323   324  2881    -1       -1  15745
 6463     11  1853  2882    -1       -1  15366
 6464   2766   335   336    -1       -1   9535
 6465   3576  3347  3575    -1       -1   8045
 6466   4025  2766   336    -1       -1     13
 6467   3275  2899   635    -1       -1   9388
 6468    334   920   336    -1       -1  10121
 6469   2680  3041  2682    -1       -1  17986
 6470   3272  3701  2899    -1       -1   1255
 6471   1013  3613  3275    -1       -1   9347
 6472   3988  3989  4002    -1       -1  16463
 6473   2554  2880  4069    -1       -1   2423
 6474   3871    51  4002    -1       -1  16853
 6475   2880  4068  4069    -1       -1   2425
 6476   4068  2561  4069    -1       -1   2425
 6477   2553  2554  4069    -1       -1   2422
 6478   3389  2553  4069    -1       -1   2336
 6479    814   164  1069    -1       -1  14620
 6480    989  1068  1069    -1       -1    193
 6481    165   989  1069    -1       -1    193
 6482   1067   814  1069    -1       -1  13531
 6483    109  2689   345    -1       -1   5579
 6484    891   109   345    -1       -1    565
 6485    611  3588  2980    -1       -1  13239
 6486   3543  1509  1592    -1       -1   9262
 6487    505  2272  1592    -1       -1   4863
 6488   3422     2     3    -1       -1   2857
 6489   3588   498  2980    -1       -1  13239
 6490    496  2979  2980    -1       -1  13098
 6491   3628  3417  3483    -1       -1  18074
 6492    498   496  2980    -1       -1  13288
 6493    388   386  1624    -1       -1   2337
 6494   4063  3628  3483    -1       -1   1628
 6495   2651  2593  3483    -1       -1  20095
 6496   2593  4063  3483    -1       -1  20095
 6497   2230  2096  1203    -1       -1   8334
 6498   2699  2353  1203    -1       -1    712
 6499   2353   780  1203    -1       -1    712
 6500   1174  2699  1203    -1       -1   8304
 6501   1701  1785  3976    -1       -1  12928
 6502   1785   947  3976    -1       -1  12928
 6503   3907  1701  3976    -1       -1   1729
 6504   4122  3907  3976    -1       -1  14388
 6505     18  3761   530    -1       -1   3609
 6506   1907  2785  1005    -1       -1  16999
 6507   3554  1049  3556    -1       -1  13244
 6508   1706  1004  1005    -1       -1   6351
 6509    756  3555  3556    -1       -1  12885
 6510   1015  2793  3842    -1       -1  20205
 6511   3582  3367  3842    -1       -1  20618
 6512   2793  3722  3842    -1       -1   5161
 6513   3861  3151   472    -1       -1  18963
 6514      8  3413  1546    -1       -1   4631
 6515   3413  1557  1545    -1       -1   4629
 6516   3368  2523  1545    -1       -1     19
 6517    470  1730   472    -1       -1  18985
 6518   2891   471   472    -1       -1  18961
 6519   1730  3861   472    -1       -1  18963
 6520   1834  1233  3866    -1       -1  18001
 6521   1411  3546  1234    -1       -1  18503
 6522   1391  1411  1234    -1       -1   6617
 6523   3102  2934  4129    -1       -1    936
 6524   2934  2135  4129    -1       -1   2008
 6525   2135  2136  4129    -1       -1   2008
 6526   2330  2331  3913    -1       -1   4558
 6527   2331  3912  3913    -1       -1   4558
 6528    850   783   852    -1       -1  18670
 6529   2581   851   852    -1       -1  18603
 6530   3765  2581   852    -1       -1  18792
 6531   3890  3765   852    -1       -1  16571
 6532   3694  1566  2733    -1       -1   9586
 6533    349  2316  1734    -1       -1  22723
 6534   2698  2696  2733    -1       -1  16579
 6535   2316  1733  1734    -1       -1  22512
 6536   2730   349  1734    -1       -1  22723
 6537   3457  1839  2097    -1       -1  10893
 6538   2596  2597  2097    -1       -1  11777
 6539   2597  2304  2097    -1       -1  12565
 6540   2321  2596  1435    -1       -1  11731
 6541   3642  3532  4034    -1       -1  16854
 6542   3532  3828  4034    -1       -1  18561
 6543   2652  4029  4034    -1       -1   1352
 6544   3829  2652  4034    -1       -1  18599
 6545   3828  3829  4034    -1       -1  18561
 6546   3361  3629  3362    -1       -1  20171
 6547   3909  3282  2140    -1       -1  12894
 6548   2433  3759  2140    -1       -1   1046
 6549   2141  2433  2140    -1       -1   1046
 6550   1176  1177  2590    -1       -1  15954
 6551   2591  3925  2590    -1       -1  15969
 6552   3407  1176  2590    -1       -1  15848
 6553   3925  3407  2590    -1       -1  15848
 6554   2512  2388  2955    -1       -1  12006
 6555   2256   626  2955    -1       -1  11436
 6556   2388  2256  2955    -1       -1  11436
 6557    409   407  3095    -1       -1  14276
 6558   2772   409  3095    -1       -1  13969
 6559   1594  1486  3095    -1       -1  14319
 6560    158  3100  3928    -1       -1  11243
 6561    407  1596  3095    -1       -1  14276
 6562     41  4116   686    -1       -1  11144
 6563   3089  3088  2464    -1       -1   7712
 6564   3088  1258  2464    -1       -1   7772
 6565   1258  2463  2464    -1       -1    837
 6566   2462  2575  2464    -1       -1    378
 6567   3706  2235  2926    -1       -1   3669
 6568   1195  3876  2926    -1       -1   3539
 6569   1955  1481  2628    -1       -1   6741
 6570   3187  3849  2628    -1       -1   6876
 6571   3849   178  2628    -1       -1    502
 6572   1425  2455  1427    -1       -1  14556
 6573   3041  1426  1427    -1       -1  18026
 6574   2455  1522  1427    -1       -1  17929
 6575   2853  2854  4136    -1       -1  20038
 6576   1522  2682  1427    -1       -1  17929
 6577   3867  1834  3866    -1       -1  18001
 6578   1233  1234  3866    -1       -1   6644
 6579   1693  2054  2055    -1       -1    600
 6580   1234  3546  3866    -1       -1    451
 6581   1065  1073  2055    -1       -1   2164
 6582   1073  1693  2055    -1       -1   2164
 6583   1741  1820  2649    -1       -1  18439
 6584   3059  1065  2055    -1       -1   2166
 6585   2648  1740  2649    -1       -1   1456
 6586   3046   686  1739    -1       -1  11093
 6587    687   999  1739    -1       -1  11138
 6588   1116  1117  3709    -1       -1   7289
 6589   3933  3524  3525    -1       -1   2368
 6590   3707  1116  3709    -1       -1      7
 6591   3826  3827  3525    -1       -1   4061
 6592   3827  3933  3525    -1       -1  10017
 6593    862   863  3525    -1       -1  10387
 6594   2628   178  2629    -1       -1    502
 6595   3655  3657  2003    -1       -1   1819
 6596    153  1346  2003    -1       -1  20973
 6597   3657   153  2003    -1       -1  20973
 6598   2535  2381   812    -1       -1  11890
 6599    810  2535   812    -1       -1  12397
 6600   1274   811   812    -1       -1    908
 6601   2380  1274   812    -1       -1  10934
 6602    487   457  3270    -1       -1    995
 6603    457  1597  3270    -1       -1  12773
 6604   3096  1812  4137    -1       -1  14933
 6605   3777  3096  4137    -1       -1  14933
 6606   3474  3321  4138    -1       -1  14961
 6607    818  3777   604    -1       -1  15143
 6608   1810   603  4137    -1       -1  14716
 6609   3777  4137   604    -1       -1  15143
 6610   1812  1810  4137    -1       -1  15239
 6611   2103  1288  1289    -1       -1   1404
 6612   1287  2861  1289    -1       -1   5641
 6613   4115  2814  2815    -1       -1  22714
 6614   2584  2585  2823    -1       -1  22548
 6615   1859  1621  4053    -1       -1  13690
 6616   3296  3294  3904    -1       -1   5710
 6617    269   785   271    -1       -1  21035
 6618   2578  3296  3790    -1       -1   7572
 6619   3791  3790  3904    -1       -1   7068
 6620    905  2659  3790    -1       -1   7545
 6621   2659  2578  3790    -1       -1   7244
 6622   3176  2676  2158    -1       -1  20542
 6623   2239  1458  1459    -1       -1  16467
 6624   2744  1955  2629    -1       -1   5348
 6625   3758  3598  1361    -1       -1  17424
 6626   2127  1360  1361    -1       -1  15410
 6627   3125  1590  2641    -1       -1  15582
 6628   3550   215   216    -1       -1    826
 6629   3956  3550   216    -1       -1   8152
 6630    214  1403   216    -1       -1   9020
 6631   3956   216  4018    -1       -1   8152
 6632   1190  2846  3794    -1       -1    281
 6633    928  3331   930    -1       -1   3347
 6634   2390  1907  1006    -1       -1   1459
 6635   2846  2275  3835    -1       -1   3258
 6636   2355  4009  2356    -1       -1   8322
 6637    446   447  2356    -1       -1  15821
 6638   3515  2144  4026    -1       -1   5857
 6639   1703     1  1586    -1       -1   2937
 6640    388  3597  4024    -1       -1   2870
 6641   2410  2164  1586    -1       -1   2941
 6642   2769  2343  4024    -1       -1   1907
 6643    387   388  4024    -1       -1   2329
 6644   2343   387  4024    -1       -1   1907
 6645   2676   500   501    -1       -1  20338
 6646    817  2159   501    -1       -1  20426
 6647    467   636   637    -1       -1  12329
 6648    916   768   637    -1       -1  12327
 6649    466   467   637    -1       -1  12336
 6650   1519  3135  1521    -1       -1  22861
 6651   3538  2813  2814    -1       -1  22857
 6652   2466  3538  2814    -1       -1  22875
 6653    320  1190  3794    -1       -1   3035
 6654   2465  2466  2814    -1       -1  22858
 6655   2846  3835  3794    -1       -1    281
 6656   3372   320  3794    -1       -1   1611
 6657   3835  3479  3794    -1       -1    632
 6658   2656  2404  4107    -1       -1  12596
 6659   3224  2656  4107    -1       -1  15641
 6660   2587  2714  4107    -1       -1  17430
 6661   2266  3034   136    -1       -1  14561
 6662   3014  3860  3974    -1       -1  20240
 6663   3035   135   136    -1       -1  14612
 6664   2261  2266   136    -1       -1  14573
 6665   3398  3399  3974    -1       -1  20378
 6666   3034  3035   136    -1       -1  14561
 6667   2418  3014  3974    -1       -1  20339
 6668   3399  2418  3974    -1       -1  20378
 6669   3544  3979  4139    -1       -1   5423
 6670   3221  3609  3885    -1       -1  14538
 6671   3609  3194  3885    -1       -1    158
 6672   2318   773  2319    -1       -1  19709
 6673   4070  3132  3885    -1       -1  22931
 6674   3132  3884  3885    -1       -1  14534
 6675   3194  4070  3885    -1       -1  22931
 6676   3560  2843  3938    -1       -1  15802
 6677   3829  3473  2654    -1       -1   1595
 6678   3967  1285  3938    -1       -1   9163
 6679   1961  3967  3938    -1       -1  16841
 6680   2843  2844  3938    -1       -1   9449
 6681   3634  2653  2654    -1       -1  18078
 6682   2652  3829  2654    -1       -1  18599
 6683   2520  3634  2654    -1       -1  18717
 6684   3473  2520  2654    -1       -1  18717
 6685   1099  1097  3863    -1       -1  20273
 6686   2740  1099  3863    -1       -1  20273
 6687   2817  2739  3863    -1       -1  20298
 6688   4086  1230  1231    -1       -1   1081
 6689   2739  2740  3863    -1       -1  18047
 6690   1097  3862  3863    -1       -1  20351
 6691   2439  4086  1231    -1       -1   1081
 6692   1439  2439  1231    -1       -1    991
 6693   1864  1438  1231    -1       -1  13140
 6694    894  3836   919    -1       -1  14536
 6695   1438  1439  1231    -1       -1  12945
 6696    893   894   919    -1       -1  14536
 6697    917  1736   919    -1       -1  23069
 6698    984  1478  3031    -1       -1   6303
 6699   1736   893   919    -1       -1  20654
 6700   1478  2877  3031    -1       -1   5922
 6701   3029   984  3031    -1       -1    720
 6702   3816  3756  3757    -1       -1  18178
 6703   2960  3636  3757    -1       -1  17984
 6704    843  3185  4140    -1       -1  22155
 6705   3636  3767  3757    -1       -1  17924
 6706   1663  2437  2438    -1       -1  19737
 6707   3231  1663  2438    -1       -1  19737
 6708   1897  2319  2438    -1       -1  16804
 6709   2716   127   128    -1       -1    292
 6710   3185  1816  4140    -1       -1  22155
 6711    126   843  4140    -1       -1  22334
 6712    983   126  4140    -1       -1  22350
 6713    579  1797  3308    -1       -1   3918
 6714   1404  3307  3308    -1       -1     99
 6715   3305   579  3308    -1       -1   3935
 6716   3199  3599  3353    -1       -1   7970
 6717   1353  1352  3864    -1       -1   1975
 6718   3599  3207  3353    -1       -1   6383
 6719   2540  3303  3353    -1       -1   7869
 6720   2180  3932  2181    -1       -1   4556
 6721   2768  1139  3254    -1       -1   4532
 6722   3932  1218  3254    -1       -1   4500
 6723   1139  2481  3254    -1       -1   4314
 6724   1365  2855   660    -1       -1   3423
 6725    820  1365   660    -1       -1   3423
 6726   3455   820   660    -1       -1   4192
 6727   1499  1544   299    -1       -1  19568
 6728   1498  1499   299    -1       -1  19392
 6729   2177  3069  4141    -1       -1   5221
 6730   3032  2600  4141    -1       -1   4964
 6731   2600  4119  4141    -1       -1   5219
 6732   4119  2177  4141    -1       -1   5221
 6733   3202  1999  2000    -1       -1  11037
 6734   3327  3203  2000    -1       -1   1828
 6735   3603  3327  2000    -1       -1  11025
 6736   3508  3009  2609    -1       -1   7318
 6737   3009  3045  2609    -1       -1   7395
 6738   2602  2603  2609    -1       -1   7456
 6739   3961  3737  3962    -1       -1  11601
 6740   3045  2608  2609    -1       -1   7395
 6741   2734  2737  2736    -1       -1  11450
 6742   3462  1675  3430    -1       -1  11210
 6743   3646  3926  3430    -1       -1  11206
 6744   3429  3646  3430    -1       -1  10169
 6745   3463  3462  3430    -1       -1   6836
 6746   3926  3463  3430    -1       -1    781
 6747   3949  3948  3972    -1       -1   5175
 6748   3996  3949  3972    -1       -1    455
 6749   3825   736   737    -1       -1   2693
 6750   3030  3031  4142    -1       -1   6168
 6751   3511  3512  2358    -1       -1  22514
 6752   3972  3030  4142    -1       -1   6168
 6753   2128  3285   737    -1       -1   2907
 6754   3285  3825   737    -1       -1   2907
 6755   2159  1014  2292    -1       -1  20587
 6756    735  2129   737    -1       -1   1946
 6757    871  2663  2292    -1       -1  20143
 6758   2158  2159  2292    -1       -1  18031
 6759   2485  1284  3542    -1       -1   8307
 6760   2001  3289  1713    -1       -1    138
 6761   3200  2485  3542    -1       -1  15714
 6762   1285  3967  3542    -1       -1   9165
 6763   2866  1739   649    -1       -1  11103
 6764   4128   851  2582    -1       -1   1570
 6765    581  2866   649    -1       -1   3218
 6766   1559   492   649    -1       -1   3438
 6767   2706  2722   468    -1       -1    760
 6768   2119   693  2582    -1       -1   1512
 6769    288   289  3245    -1       -1  14290
 6770   2432   304  3245    -1       -1  14265
 6771    349  2547   351    -1       -1   1209
 6772   2547  1517   351    -1       -1  13634
 6773   1254   175   176    -1       -1  22613
 6774   4067  1906   176    -1       -1  13514
 6775   3329  4067   176    -1       -1   2474
 6776   2016   929   930    -1       -1   2636
 6777   3495  2016   930    -1       -1   2992
 6778   3331  3349   930    -1       -1  21602
 6779   4140  1816  1058    -1       -1  21518
 6780    983  4140  1058    -1       -1  22350
 6781   2900  1057  1058    -1       -1  22238
 6782   1983  3869  1321    -1       -1  18584
 6783   3365  3590   760    -1       -1  10180
 6784   1319  2207  1321    -1       -1  18511
 6785   1321  3869  2646    -1       -1  17139
 6786    415  3485   760    -1       -1  10416
 6787   3846  3365   760    -1       -1   7534
 6788   3590   414   760    -1       -1  10180
 6789   3252  3687   619    -1       -1   9703
 6790   3954  3956  4018    -1       -1   8159
 6791   2569  2268  4079    -1       -1  11446
 6792   1762   618   619    -1       -1   9591
 6793   3687  1763   619    -1       -1   7500
 6794   2461  3975  2106    -1       -1  17147
 6795   4042  2179  4079    -1       -1    947
 6796   4085  4042  4079    -1       -1  10155
 6797   3811  2461  2106    -1       -1  17485
 6798   2268  3139  4079    -1       -1  13348
 6799    292  3917   841    -1       -1   4225
 6800   3975   877  2106    -1       -1  17147
 6801    839   291   841    -1       -1   3938
 6802   3307   839  3306    -1       -1   3922
 6803    291   292   841    -1       -1    382
 6804   1767   840   841    -1       -1    190
 6805   3305  3308  3306    -1       -1   3932
 6806    839  2904  3306    -1       -1   3922
 6807    872  3805  2210    -1       -1   4699
 6808   2904  3181  3306    -1       -1   3941
 6809   3051  1080  1081    -1       -1   6531
 6810   2807  2209  2210    -1       -1   4618
 6811   3805  2807  2210    -1       -1   4618
 6812   2101  2526  3864    -1       -1  10488
 6813   3902  1870  1081    -1       -1   6574
 6814   2025  3817  2027    -1       -1  21230
 6815   3149  2026  2027    -1       -1  21269
 6816   3631  3632  4127    -1       -1  10305
 6817   2823  2585  3426    -1       -1  22808
 6818    174   172  1353    -1       -1  10451
 6819   4048  3620  3427    -1       -1  20895
 6820   1751   798  3565    -1       -1  18976
 6821   1315  3425  3426    -1       -1  22812
 6822    173   174  3076    -1       -1   3978
 6823   2082  1751  3565    -1       -1  18987
 6824   1070  1993  2180    -1       -1   4513
 6825   2745   455  3076    -1       -1  10388
 6826     71    72  3076    -1       -1  10368
 6827    286   284  2180    -1       -1   4505
 6828   1993   286  2180    -1       -1   4505
 6829   2783  3272   910    -1       -1    629
 6830    908  2783   910    -1       -1    385
 6831   2898   909   910    -1       -1   3999
 6832   1243  3454  1245    -1       -1  15006
 6833   3454  1247  1245    -1       -1  15512
 6834   1893  1891  3726    -1       -1  12055
 6835   3208  3207  1665    -1       -1   8050
 6836   2042  2442  3726    -1       -1  10154
 6837   2035  2042  3726    -1       -1  10154
 6838   1914   942  1665    -1       -1   6417
 6839   3210  2035  3726    -1       -1   9949
 6840   1664  3208  1665    -1       -1   6395
 6841   3209  1914  1665    -1       -1   7861
 6842   3207  3209  1665    -1       -1   8050
 6843   2797  3732  1492    -1       -1  18892
 6844   1490  3534  1492    -1       -1  19377
 6845   2774  2773  3815    -1       -1     93
 6846   2328  3460  1809    -1       -1  16293
 6847   1536  1537  3663    -1       -1  14708
 6848    122  2774  3815    -1       -1    431
 6849   2773  2913  3815    -1       -1   1780
 6850   2915  2889  3815    -1       -1   2609
 6851    275  2517  3423    -1       -1   1062
 6852   1328  3225  1011    -1       -1  22685
 6853   1024   275  3423    -1       -1  12847
 6854   1597  2762  3423    -1       -1  12682
 6855   3270  1597  3423    -1       -1  12773
 6856   1255  1328  1011    -1       -1  22681
 6857    175  1255  1011    -1       -1  22681
 6858   2730  1010  1011    -1       -1  11474
 6859   2647  3882  1277    -1       -1  12485
 6860   1275  2647  1277    -1       -1  10903
 6861   3942  1276  1277    -1       -1  11030
 6862   3940  3942  1277    -1       -1   1013
 6863   3617  1975  3559    -1       -1   6373
 6864   4066  2470  3559    -1       -1   7789
 6865   2470  3617  3559    -1       -1   7782
 6866    194  1821   196    -1       -1  15873
 6867   3731  3730  3404    -1       -1  15816
 6868   3405  3731  3404    -1       -1  15812
 6869   2282  3609  3652    -1       -1  13097
 6870   3609    89  3652    -1       -1  13097
 6871   2281  2282  3652    -1       -1  13535
 6872     87  3098  3652    -1       -1   1840
 6873   2312  3881   943    -1       -1   2385
 6874    941  2312   943    -1       -1      5
 6875   2245   942   943    -1       -1   1505
 6876   3721  2245   943    -1       -1   6377
 6877   2905  1211   648    -1       -1  17872
 6878   1876   647   648    -1       -1  17441
 6879   1060  1878   648    -1       -1  17941
 6880    646  2905   648    -1       -1  17939
 6881   1761  3540  1292    -1       -1   2788
 6882   3540   725  1292    -1       -1   2790
 6883   2364  1761  1292    -1       -1   3024
 6884    723  1189  1292    -1       -1   2966
 6885   1634  1944  2950    -1       -1   1320
 6886   1944   113  2950    -1       -1   5837
 6887   1455  1634  2950    -1       -1   7594
 6888   2949  1455  2950    -1       -1   7594
 6889   2509  2556  2968    -1       -1   2297
 6890   3873  4143  3564    -1       -1   7249
 6891   3342  2457  2458    -1       -1   7248
 6892   1711  1041  3877    -1       -1    658
 6893    357  4089  3877    -1       -1  11757
 6894   1041   357  3877    -1       -1    658
 6895    312  2509  2968    -1       -1   2297
 6896   2884  2972  2968    -1       -1   2117
 6897   1391  3667  3080    -1       -1   3004
 6898   2972   312  2968    -1       -1   2275
 6899   3697  3292  4104    -1       -1  11551
 6900   3667  4000  3080    -1       -1   6687
 6901   3831  3257  1900    -1       -1   5382
 6902   2538  2536  3080    -1       -1   6647
 6903   3257  1899  1900    -1       -1     37
 6904   1324  4091  4104    -1       -1  10870
 6905   4091  3951  4104    -1       -1  10870
 6906   4061  1324  4104    -1       -1  11544
 6907   3292  4061  4104    -1       -1  11551
 6908   2194   458  2196    -1       -1  12743
 6909   1165  2826  2827    -1       -1   6952
 6910   4001  1334  2827    -1       -1   6944
 6911   2825  4001  2827    -1       -1   6947
 6912   1166  1165  2827    -1       -1    553
 6913   1334  1166  2827    -1       -1   6944
 6914   3989  2155  4003    -1       -1  17219
 6915   2421   105  3640    -1       -1   6366
 6916   3638  2421  3640    -1       -1  17276
 6917   3641  3639  3640    -1       -1  17377
 6918    864   671   866    -1       -1   8002
 6919   1913   865   866    -1       -1   6414
 6920   2311  1913   866    -1       -1   7863
 6921    671  2010   866    -1       -1   6347
 6922   3725  3749  3729    -1       -1  20001
 6923    342   340  3729    -1       -1   1192
 6924    681   342  3729    -1       -1  18279
 6925   3749  3748  3729    -1       -1  18461
 6926   4127  3160   659    -1       -1   1646
 6927   2855  3957   659    -1       -1   4124
 6928   3957  4127   659    -1       -1   1579
 6929    660  2855   659    -1       -1   4124
 6930    183  2938  1671    -1       -1   5202
 6931    878   693   694    -1       -1   6324
 6932   1669  2213  1671    -1       -1   3061
 6933   1581  1670  1671    -1       -1   5093
 6934   2938  1581  1671    -1       -1   5202
 6935   1562  1563  3960    -1       -1  12850
 6936   4122  3976  3960    -1       -1  14388
 6937   3554  4122  3960    -1       -1  12939
 6938   2573   953   954    -1       -1   7681
 6939   1434  2573   954    -1       -1    671
 6940   1976  3920   954    -1       -1   4668
 6941   3920  1434   954    -1       -1   4668
 6942   1556  1335  1336    -1       -1   7004
 6943    169  3608  4005    -1       -1   9674
 6944    618  1762  4005    -1       -1   9563
 6945   2054    25  2056    -1       -1   1952
 6946   1762   169  4005    -1       -1   9159
 6947     25    26  2056    -1       -1   2138
 6948   3183  2673  2674    -1       -1   1821
 6949   3059  2055  2056    -1       -1   2158
 6950    986  2973  2974    -1       -1  11874
 6951   3903  3059  2056    -1       -1    275
 6952    511   985  2974    -1       -1  10819
 6953   2979  3356  2981    -1       -1   7525
 6954   2599   510  2974    -1       -1  10312
 6955   3356  2982  2981    -1       -1   7525
 6956    611  2980  2981    -1       -1  13087
 6957   3235   611  2981    -1       -1  13087
 6958    958  3787  3809    -1       -1    494
 6959   2982  3235  2981    -1       -1  13088
 6960   3787  4051  3809    -1       -1    494
 6961   3707  3708  3809    -1       -1   4995
 6962   3708   958  3809    -1       -1   4602
 6963   2076  1946  1947    -1       -1   2758
 6964   3613  2898  3275    -1       -1   9369
 6965   1641  1947  3898    -1       -1   2408
 6966    412  1756  3022    -1       -1   5372
 6967   4075  2375  4144    -1       -1   2280
 6968   3437  1536  3140    -1       -1  14768
 6969   1901  3437  3140    -1       -1  14798
 6970   2329  2330  3500    -1       -1   5946
 6971   2330   110  3500    -1       -1    492
 6972    593  2329  3500    -1       -1   5906
 6973    537  3289   538    -1       -1   3150
 6974   3617  3728  1977    -1       -1   6453
 6975   3920  1976  1977    -1       -1   7732
 6976   1975  3617  1977    -1       -1   6373
 6977   3905  3920  1977    -1       -1    787
 6978   3728  3905  1977    -1       -1   6453
 6979   3876  3155  1419    -1       -1   3665
 6980   1418  3706  1419    -1       -1   3693
 6981   3463  3926  3672    -1       -1   8820
 6982   2820  2631  2822    -1       -1  11472
 6983    678   676  3946    -1       -1  20893
 6984   1352  2101  3864    -1       -1  10197
 6985   3926  3927  3672    -1       -1   3578
 6986   3672  3927  3677    -1       -1  10789
 6987    401  1602  3672    -1       -1  10752
 6988   3449   621   622    -1       -1  10737
 6989   2349   285  1529    -1       -1   4820
 6990   1055  1056  3970    -1       -1  19829
 6991   3711  1055  3970    -1       -1   1572
 6992   3077  3971  3970    -1       -1  19510
 6993   3776  3077  3970    -1       -1   1593
 6994   4011  3176  4145    -1       -1  18887
 6995   2158  2292  4145    -1       -1  18031
 6996   2292  2663  4145    -1       -1  20057
 6997   3176  2158  4145    -1       -1  18887
 6998    457  1849   459    -1       -1  10884
 6999   1230  4086   459    -1       -1    365
 7000   3440  3803  2667    -1       -1  18697
 7001   2665  3440  2667    -1       -1  18369
 7002    607   179   180    -1       -1   5262
 7003    178  2138   180    -1       -1   3144
 7004    253   254   180    -1       -1   6738
 7005   3855  3894  3852    -1       -1   1786
 7006    535  2935  3852    -1       -1   1977
 7007   3852  2935  2936    -1       -1   1997
 7008   3894  2095  3852    -1       -1   1894
 7009   2058  3412  4076    -1       -1  17949
 7010   2337  2681  4076    -1       -1  17956
 7011   3040  3612  4076    -1       -1  14559
 7012   2681  3040  4076    -1       -1  17713
 7013   3412  2337  4076    -1       -1  17956
 7014    657  3246  3571    -1       -1   1589
 7015    294  4097  3301    -1       -1   6714
 7016   3570  3213  3571    -1       -1   1193
 7017   3246  3396  3571    -1       -1  14525
 7018   3480   293  3301    -1       -1   6723
 7019   4106  3480  3301    -1       -1   5310
 7020   4097  2729  3301    -1       -1      8
 7021   3832  1416  3250    -1       -1   5347
 7022   3248  3832  3250    -1       -1   6504
 7023   4106  3249  3250    -1       -1    767
 7024   3480  4106  3250    -1       -1   6267
 7025   1877  3908  3982    -1       -1  18234
 7026   1876  1877  3982    -1       -1  18230
 7027   3795  3191  3982    -1       -1  17681
 7028     67  1192    69    -1       -1  11510
 7029   2528  1325    69    -1       -1  10839
 7030   3431  3774  3804    -1       -1   1634
 7031   1325    68    69    -1       -1  10839
 7032   2373  2428  3804    -1       -1    117
 7033     93  2373  3804    -1       -1  18342
 7034   3432  3431  3804    -1       -1  18299
 7035   2428  3432  3804    -1       -1  18299
 7036   3648  3678  3679    -1       -1  14690
 7037   2487   974  3770    -1       -1   5852
 7038   1543  4071   301    -1       -1  19624
 7039   4138  3321  3679    -1       -1  14964
 7040   3099  3648  3679    -1       -1  14690
 7041   3321  3099  3679    -1       -1  14631
 7042   2751  4138  3679    -1       -1  14964
 7043    115  3022  1771    -1       -1   4813
 7044   1756  1757  1771    -1       -1   5484
 7045   3022  1756  1771    -1       -1   5484
 7046   1772  3228  1771    -1       -1   5428
 7047   3237  3238  4019    -1       -1  17192
 7048   3228   115  1771    -1       -1   5507
 7049   4118  2967  4144    -1       -1   2087
 7050   2556  4075  4144    -1       -1   2280
 7051   2967  2556  4144    -1       -1   2124
 7052   3895  4118  4144    -1       -1   2087
 7053   2375  3895  4144    -1       -1   2282
 7054   3240  3237  4146    -1       -1  14172
 7055    971  1181  4041    -1       -1  13776
 7056   1585   971  4041    -1       -1  13776
 7057   3193  1068  3995    -1       -1  22939
 7058   1068  3844  3995    -1       -1  20613
 7059   3662  2765  3995    -1       -1  20750
 7060   3844  3662  3995    -1       -1  20750
 7061   3188  3219  1922    -1       -1   5361
 7062   3219  1921  1922    -1       -1   4954
 7063    115  3226  1922    -1       -1   4475
 7064   3226  3188  1922    -1       -1   4475
 7065   3996  3972  4142    -1       -1    455
 7066    114   115  1922    -1       -1   5323
 7067   1010  1734  1735    -1       -1   1902
 7068   1733  3742  1735    -1       -1  11413
 7069   2632  1382  3946    -1       -1  22592
 7070   3897  3381  3382    -1       -1   2458
 7071   2509   313  3382    -1       -1   2383
 7072   2234   158  3928    -1       -1  11052
 7073    412  3022   116    -1       -1   5372
 7074   3047  3048   116    -1       -1   5461
 7075   3422     3  1624    -1       -1   2791
 7076    386   514  1624    -1       -1   2337
 7077   3031  2877  4142    -1       -1   5922
 7078   2878  3996  4142    -1       -1   6254
 7079   2877  2878  4142    -1       -1   6254
 7080   3354  2559  2943    -1       -1  21151
 7081   2713  1299  1300    -1       -1  17517
 7082   3488  3234  2943    -1       -1  21298
 7083   1298  1587  1300    -1       -1  16921
 7084   2288  3354  2943    -1       -1  21980
 7085   3234  2288  2943    -1       -1  21298
 7086   1819  1741  2394    -1       -1  17750
 7087   2393  1819  2394    -1       -1  18538
 7088   3803  2392  1742    -1       -1  17125
 7089   4117  1625  1930    -1       -1   1864
 7090    599   597  2954    -1       -1   4432
 7091   3160  4117  1930    -1       -1   1864
 7092   2953   599  2954    -1       -1   4432
 7093   4107  2404  2405    -1       -1  12620
 7094   2587  4107  2405    -1       -1  12620
 7095   2052  1472  2694    -1       -1   8451
 7096   1341  1178  2694    -1       -1   8339
 7097   1473  1341  2694    -1       -1   8358
 7098   4133  2442  4134    -1       -1  11710
 7099   2440  1935  4134    -1       -1  10162
 7100   3623  4133  4134    -1       -1  11710
 7101   2043  2440  4134    -1       -1  10162
 7102   3379  4035  2031    -1       -1   8272
 7103   2723  3379  2031    -1       -1    710
 7104   2442  2043  4134    -1       -1  10165
 7105   2029  2723  2031    -1       -1    710
 7106   3689  2146  4125    -1       -1  16923
 7107    914  3079  1487    -1       -1  18845
 7108   2146  2157  4125    -1       -1  17267
 7109    931   873   874    -1       -1   4638
 7110   2210  2208   874    -1       -1    112
 7111   1578  1579  2721    -1       -1   2126
 7112   2301  2302  2721    -1       -1  21901
 7113   2582   693   878    -1       -1   6227
 7114   2302  1578  2721    -1       -1     23
 7115    879  4128   878    -1       -1   6266
 7116   4128  2582   878    -1       -1   6227
 7117   2991   990  2562    -1       -1   1737
 7118   3074  2308  4147    -1       -1  10232
 7119   4004   198  4147    -1       -1   1972
 7120    365  3074  4147    -1       -1   1930
 7121    198   365  4147    -1       -1    244
 7122   1639  4004  4147    -1       -1    768
 7123   2308  1639  4147    -1       -1    768
 7124   3536  1988  3063    -1       -1  21334
 7125   1988  2939  3063    -1       -1  21487
 7126   2319   773   774    -1       -1  19742
 7127    396  2991  2562    -1       -1    224
 7128   2939  1679  3063    -1       -1   2619
 7129   2710  2717  3537    -1       -1  21426
 7130   1727  1728  1297    -1       -1   4817
 7131    332   568   729    -1       -1   9575
 7132    568   569   729    -1       -1   9575
 7133   2683   187   729    -1       -1  10095
 7134   3651  3659  3762    -1       -1  21254
 7135    271  3651  3762    -1       -1  21100
 7136   1443  1296  1297    -1       -1   4816
 7137   4105  2295  3762    -1       -1  21250
 7138   3659  4105  3762    -1       -1  21250
 7139   3329   176   177    -1       -1  22564
 7140   2564   916   638    -1       -1  10771
 7141    636  3271   638    -1       -1  10715
 7142    178   179  2629    -1       -1   6485
 7143    175  1010   177    -1       -1  22655
 7144   2199  3548  2201    -1       -1  14757
 7145   3548  1459  2201    -1       -1  14757
 7146   1457  2563  2201    -1       -1  18983
 7147   1459  1457  2201    -1       -1   1538
 7148   1098  1099  2627    -1       -1  20246
 7149   2577  3839  2627    -1       -1   1629
 7150   1031  1860  1326    -1       -1  11487
 7151   2626  2577  2627    -1       -1  20294
 7152     68  1325  1326    -1       -1  10270
 7153   3594  1732  1929    -1       -1  16474
 7154   3595  3594  1929    -1       -1   8399
 7155   2145  3595  1929    -1       -1   8399
 7156   3821  2241  2453    -1       -1   7982
 7157   3983  3821  2453    -1       -1   7879
 7158   2452  3983  2453    -1       -1   7973
 7159   2909  2349  1529    -1       -1   4823
 7160   1807  1808  2038    -1       -1  15197
 7161   1527  2909  1529    -1       -1   4686
 7162   1551  2735  4015    -1       -1  11679
 7163    777  4072   779    -1       -1  20271
 7164   1655  2479  4015    -1       -1    978
 7165   2479  1551  4015    -1       -1    978
 7166   3445  1752  2045    -1       -1  16689
 7167   3962  3737  4015    -1       -1   1044
 7168   2735  3962  4015    -1       -1   1044
 7169   1111  3445  2045    -1       -1  16464
 7170   2044  2700  2045    -1       -1  16259
 7171   2701  1111  2045    -1       -1  16506
 7172    200  2361   201    -1       -1   2933
 7173     90    91   201    -1       -1   2962
 7174   2497  1209  1210    -1       -1   5668
 7175   2642  2687  2688    -1       -1   9161
 7176   3330  2642  2688    -1       -1   7247
 7177   2501  3010  2688    -1       -1   8823
 7178    383  3661   385    -1       -1  13807
 7179   1633   384   385    -1       -1  13986
 7180    372  1633   385    -1       -1  13840
 7181   3661  1585   385    -1       -1   1721
 7182   3900  3899  4148    -1       -1  18157
 7183   1332  3900  4148    -1       -1  18157
 7184   3265  3346  4148    -1       -1  19131
 7185   3346  1332  4148    -1       -1  20295
 7186   3269  3265  4148    -1       -1  19131
 7187   3899  3269  4148    -1       -1   1622
 7188   1037  1423  1832    -1       -1   1936
 7189   1423  1424  1832    -1       -1   2331
 7190   3903  2056   691    -1       -1   2096
 7191   1830  1037  1832    -1       -1   2289
 7192    689  3903   691    -1       -1   2269
 7193   1410  1411  3081    -1       -1   6626
 7194    690   691  4007    -1       -1   2390
 7195   1411  1391  3081    -1       -1   6617
 7196   2536  1680  3081    -1       -1   6625
 7197   3080  2536  3081    -1       -1   6656
 7198   2126  2645  1364    -1       -1  17318
 7199   1362  1114  1364    -1       -1  17323
 7200   3455   660   661    -1       -1   4036
 7201   3160  1930   661    -1       -1   4105
 7202    217   213   219    -1       -1   5955
 7203   1725  1461  2872    -1       -1   5274
 7204   1461  1462  2872    -1       -1    130
 7205   1462  2871  2872    -1       -1   5360
 7206   2870  2007  2872    -1       -1   5270
 7207    565  1728  1729    -1       -1   4865
 7208    567   565  1729    -1       -1   4958
 7209   3994  2300  1729    -1       -1   5043
 7210   1727  3994  1729    -1       -1   1762
 7211   2835  3035  3036    -1       -1  14557
 7212    397  3766  3036    -1       -1  14759
 7213   2917  4064  3703    -1       -1   8988
 7214   4020  2835  3036    -1       -1   1430
 7215   3281  2917  3703    -1       -1   5131
 7216   3766  4020  3036    -1       -1  14759
 7217   2457  3281  3703    -1       -1   8189
 7218   1542   209   210    -1       -1  19491
 7219   1097  1542   210    -1       -1  19491
 7220    297  3862   210    -1       -1  20455
 7221   1833    85  1835    -1       -1  18671
 7222   3862  1097   210    -1       -1  20351
 7223   3068  2177  1835    -1       -1    410
 7224   2176  1834  1835    -1       -1  16991
 7225   3604   162  1241    -1       -1  12675
 7226   1235  2431  1241    -1       -1  12914
 7227   3260  3144  3663    -1       -1  15146
 7228   2787  2100  3606    -1       -1  10503
 7229   3140  1536  3663    -1       -1  14723
 7230   3144  3140  3663    -1       -1  14723
 7231   3987  3259  3663    -1       -1  15174
 7232   1537  3987  3663    -1       -1  15176
 7233     66  3781  3075    -1       -1   8335
 7234   1569  2811  3075    -1       -1   8733
 7235   1622   696  4149    -1       -1  13266
 7236    155   423   156    -1       -1  20029
 7237   1621  1622  4149    -1       -1  13432
 7238    422   190   156    -1       -1  20045
 7239   2841   392  3910    -1       -1   7666
 7240   1323  1398  1349    -1       -1   1217
 7241   3555  1676  4123    -1       -1  11399
 7242    392   393  3910    -1       -1   7915
 7243   1869  1870  3910    -1       -1   8044
 7244   3089  1869  3910    -1       -1   7987
 7245   3585  3907  4123    -1       -1  11107
 7246   4122  3555  4123    -1       -1  14367
 7247   1677  3585  4123    -1       -1   1154
 7248   1676  1677  4123    -1       -1  11399
 7249    476  1956   478    -1       -1   9576
 7250   1959   477   478    -1       -1    621
 7251    281  1960   478    -1       -1   9643
 7252   2317  1588  4019    -1       -1  13864
 7253   1082  1657  4146    -1       -1  17068
 7254   1657  3240  4146    -1       -1  17156
 7255   1588  1082  4146    -1       -1  17068
 7256   2296  4105  3578    -1       -1  16995
 7257   2793  2549  2550    -1       -1   1660
 7258   1098  2627  3838    -1       -1  18112
 7259   3839  3993  3838    -1       -1  20206
 7260   4023  3941  4124    -1       -1  14582
 7261   2627  3839  3838    -1       -1   1629
 7262   1810  4023  4124    -1       -1  10989
 7263    603  1810  4124    -1       -1  10989
 7264    497  4103  3262    -1       -1  13404
 7265   1050   497  3262    -1       -1  13284
 7266   3474   603  4124    -1       -1  14988
 7267   1748  1749  3451    -1       -1  19349
 7268   1827  2478  3451    -1       -1  18141
 7269   3811   745  2184    -1       -1  17494
 7270    745  2183  2184    -1       -1  17491
 7271   2182  2024  2184    -1       -1  17357
 7272   1367   753  1951    -1       -1   4227
 7273   2953   223  1951    -1       -1   4166
 7274    752  2953  1951    -1       -1   4218
 7275    753   752  1951    -1       -1   4227
 7276    703  1309  3650    -1       -1  22065
 7277   3649  3277  3650    -1       -1  22069
 7278   1885   703  3650    -1       -1   2469
 7279   3277  1885  3650    -1       -1   2469
 7280   1894  1215  3845    -1       -1  22633
 7281   3701  3272  1483    -1       -1   1255
 7282    931   874  2993    -1       -1   4638
 7283      7   823  2993    -1       -1   7194
 7284    823   931  2993    -1       -1   7194
 7285   1764  1894  3845    -1       -1  22719
 7286   2014   717  3845    -1       -1   1654
 7287    717  1764  3845    -1       -1  13727
 7288    531  1684  1487    -1       -1  18853
 7289    405   914  1487    -1       -1  18939
 7290   1731  2082  3566    -1       -1  16174
 7291   1684   405  1487    -1       -1  18853
 7292   3079   533  1487    -1       -1  18845
 7293   2082  3565  3566    -1       -1  16527
 7294   2922  3567  3566    -1       -1  18998
 7295   3861  1731  3566    -1       -1   5168
 7296   3567  3861  3566    -1       -1   5168
 7297   3618  2470  2471    -1       -1   8180
 7298   3057  3618  2471    -1       -1   8185
 7299   1908  3058  2471    -1       -1   1384
 7300   4124  3941  3475    -1       -1  14951
 7301   3797  3320  3475    -1       -1  14894
 7302   3320  3321  3475    -1       -1  14894
 7303   3941  3797  3475    -1       -1  14938
 7304   3858  3859  4017    -1       -1  19645
 7305   2930  3971  4017    -1       -1  19259
 7306   3078  1843  4017    -1       -1  19186
 7307   3859  2930  4017    -1       -1  19645
 7308   1930  1017  3998    -1       -1   4107
 7309   1017  1018  3998    -1       -1   4107
 7310    661  1930  3998    -1       -1   4105
 7311   3180  3455  3998    -1       -1   4106
 7312   1334  4001  4130    -1       -1   6953
 7313   2532  3368  4130    -1       -1   4974
 7314    213  1794   219    -1       -1   5381
 7315   2531  2532  4130    -1       -1   4983
 7316   1336  1334  4130    -1       -1   7013
 7317   3368  1336  4130    -1       -1   6922
 7318   3770  2563  3977    -1       -1  16422
 7319   2563  3468  3977    -1       -1  16411
 7320   4083  3673  3977    -1       -1   8313
 7321   3468  4083  3977    -1       -1   8313
 7322   3673  2487  3977    -1       -1   5869
 7323   3235  2983  1651    -1       -1   1049
 7324   2241  2242  1882    -1       -1   7664
 7325    613  3235  1651    -1       -1  13077
 7326   3688  1881  1882    -1       -1   6756
 7327   2453  2241  1882    -1       -1   7982
 7328     80  2453  1882    -1       -1   6443
 7329   2152  1442  3244    -1       -1   4819
 7330   1091  2152  3244    -1       -1   4878
 7331   1297  1728  3244    -1       -1   4817
 7332   1728  1091  3244    -1       -1   4878
 7333   1443  1297  3244    -1       -1   2288
 7334   1669   879   880    -1       -1   6232
 7335   3821  3983  1263    -1       -1   7879
 7336    189  2853  4136    -1       -1  18218
 7337   3622  1689  3724    -1       -1   1760
 7338     31   189  4136    -1       -1   5099
 7339   1820    31  4136    -1       -1   5099
 7340   1619  1617   623    -1       -1   7467
 7341    621  3375   623    -1       -1  10076
 7342   1272   101  1448    -1       -1  12302
 7343    319  1272  1448    -1       -1  12449
 7344   1271  3337  1448    -1       -1  12220
 7345   1447  1271  1448    -1       -1  12242
 7346   1710   557    12    -1       -1  12889
 7347    556  2708    12    -1       -1  16094
 7348   2704   521  3218    -1       -1  19683
 7349   3848  4060  3798    -1       -1  13071
 7350   4060  2451  3798    -1       -1  12999
 7351    521  1449  3218    -1       -1   1552
 7352   1449  3217  3218    -1       -1  19544
 7353   3052  2704  3218    -1       -1  19683
 7354   1570  1879  2978    -1       -1  19799
 7355    422  1570  2978    -1       -1  18376
 7356   2977   834  2978    -1       -1  19797
 7357   2832  3694  2833    -1       -1   1555
 7358   3467  2637  2833    -1       -1  19169
 7359   3695  3467  2833    -1       -1  14710
 7360   2637  2638  2833    -1       -1  19169
 7361   2030  4035  3958    -1       -1   8398
 7362   2123  2911  3958    -1       -1  16406
 7363   4035  2355  3958    -1       -1   8398
 7364    447  2123  3958    -1       -1  16406
 7365   2355   447  3958    -1       -1  16414
 7366   3773  3668    63    -1       -1   5711
 7367   3937  1692  1074    -1       -1   2073
 7368   1290  3937  1074    -1       -1   2094
 7369   1066  1290  1074    -1       -1  22688
 7370   2127  2477   896    -1       -1  16344
 7371    219  1794  1555    -1       -1   5402
 7372    895  2127   896    -1       -1  15324
 7373   3822  2387  1555    -1       -1   6011
 7374    772  3857  3113    -1       -1  18143
 7375   3857   300  3113    -1       -1  19687
 7376   4071  1924  3113    -1       -1  19656
 7377   1089  3919  3175    -1       -1  19883
 7378    301  4071  3113    -1       -1  19624
 7379    300   301  3113    -1       -1  19687
 7380    231  1089  3175    -1       -1  19883
 7381   3269  1857  4150    -1       -1  16608
 7382    230   231  3175    -1       -1  19716
 7383    432  3264  4150    -1       -1  17097
 7384   1857  1855  4150    -1       -1  16608
 7385    431   432  4150    -1       -1  17705
 7386   1855   431  4150    -1       -1  17705
 7387   3264  3269  4150    -1       -1   1428
 7388   1081  1870  1871    -1       -1   6574
 7389   2280  3198  1871    -1       -1   8048
 7390   1530  1775  1532    -1       -1   1210
 7391   3173  2260  1532    -1       -1  12657
 7392   1775  3173  1532    -1       -1   1210
 7393   3531  2834  3441    -1       -1  18510
 7394   3828  3532  3441    -1       -1  17087
 7395   3439  3828  3441    -1       -1  18678
 7396   2834  3440  3441    -1       -1  18652
 7397   3948  1654  3973    -1       -1   5351
 7398   3637  3030  3973    -1       -1     11
 7399   1652  3637  3973    -1       -1   6057
 7400   1654  1652  3973    -1       -1   6057
 7401   3972  3948  3973    -1       -1   5035
 7402    336   920  2527    -1       -1  10060
 7403   3090  1373  2527    -1       -1   9673
 7404   4025   336  2527    -1       -1     13
 7405   1373  4025  2527    -1       -1   9673
 7406   3866  3546  3865    -1       -1    451
 7407   3546  3120  3865    -1       -1  18781
 7408    782  3867  3865    -1       -1  18381
 7409    781   782  3865    -1       -1  18668
 7410   3864  1534  1535    -1       -1  10423
 7411   3959  1353  1535    -1       -1   1851
 7412   1101  1102  2743    -1       -1   4941
 7413    700   698  2743    -1       -1   4978
 7414     51  1745  2028    -1       -1   9224
 7415     55  1101  2743    -1       -1   4968
 7416   3988  4002  2028    -1       -1  14176
 7417   2785  3988  2028    -1       -1  14176
 7418   2977   750   751    -1       -1   5108
 7419   2785  2028  1841    -1       -1  17202
 7420    834  2977   751    -1       -1  19901
 7421    771   835   751    -1       -1  19923
 7422    749   771   751    -1       -1   2749
 7423   3997  3141  2906    -1       -1   5401
 7424    758  1638  3723    -1       -1  10258
 7425   1638  2308  3723    -1       -1  10258
 7426   3874  3351  3352    -1       -1  21411
 7427   2012  2013  1417    -1       -1   6724
 7428   3505  3506  3004    -1       -1   7513
 7429     19  3505  3004    -1       -1   9946
 7430   1415  2012  1417    -1       -1   5082
 7431   2952  1416  1417    -1       -1   6522
 7432   2951  2952  1417    -1       -1    533
 7433   2537  2538  3216    -1       -1   6648
 7434   4048  3419  3620    -1       -1  22891
 7435   3619  2878  3216    -1       -1   6611
 7436   2465  4115  3620    -1       -1  20988
 7437   3419  3134  3620    -1       -1  22891
 7438   2879  1806  3216    -1       -1   6471
 7439    186   187  2684    -1       -1  12241
 7440   2154   186  2684    -1       -1  12134
 7441    503   502  2684    -1       -1  11978
 7442    502  2154  2684    -1       -1  12253
 7443   4041  2296  3578    -1       -1  18595
 7444    766  1265  1266    -1       -1   3424
 7445   1585  4041  3578    -1       -1  21167
 7446    374   372  3578    -1       -1  18368
 7447   4105   374  3578    -1       -1  16995
 7448   1782   766  1266    -1       -1  14045
 7449   3016  1782  1266    -1       -1  14031
 7450   1264  3017  1266    -1       -1   1189
 7451   1261  1395  1263    -1       -1   7963
 7452   1395  2804  1263    -1       -1   7990
 7453   3983  1262  1263    -1       -1   7875
 7454   2935   535   536    -1       -1   1977
 7455   1295  1686  1687    -1       -1    277
 7456   2135  2935   536    -1       -1   1007
 7457   1690  1691  1687    -1       -1   2914
 7458   1691  2887  1687    -1       -1     32
 7459   3792  1691  1697    -1       -1   3067
 7460   1691  1149  1697    -1       -1   2686
 7461   1695  3792  1697    -1       -1   4929
 7462   2941  1696  1697    -1       -1   4994
 7463   1311   905  3791    -1       -1   7323
 7464   1208  1209  3791    -1       -1   5829
 7465   1209  1311  3791    -1       -1   7323
 7466    382  2218  2320    -1       -1  15893
 7467   1648  2328  1632    -1       -1  15392
 7468    381   382  2320    -1       -1  15413
 7469   1709  1875  2320    -1       -1   8871
 7470   2218  1561  2320    -1       -1  15893
 7471   1078  1648  1632    -1       -1  16246
 7472    656   657  3214    -1       -1  20827
 7473   1809  2039  1632    -1       -1  16274
 7474    586   656  3214    -1       -1  20928
 7475    585   586  3214    -1       -1  20928
 7476   3571  3213  3214    -1       -1  20862
 7477   4108  3723  3572    -1       -1     82
 7478   2596  2097  1435    -1       -1  11777
 7479   3074  2298  3572    -1       -1  10236
 7480   1226  1227  3796    -1       -1  17962
 7481   2837  2836  2927    -1       -1  11174
 7482   2637  3465  3796    -1       -1  17864
 7483   3385  2926  2927    -1       -1  11257
 7484   3465  4012  3796    -1       -1  17710
 7485   1227  2637  3796    -1       -1  17864
 7486   2254  1698  4057    -1       -1   4283
 7487   4012  3795  3796    -1       -1  18142
 7488   2640  1357  1358    -1       -1  15461
 7489   4055  2254  4057    -1       -1   4285
 7490   2583  2640  1358    -1       -1  15551
 7491   1239   748  1358    -1       -1  15067
 7492   1356  1239  1358    -1       -1  15464
 7493    573   574  3950    -1       -1   5785
 7494   1698  3147  4057    -1       -1   4319
 7495    112  3736  3950    -1       -1   5770
 7496    111   112  3950    -1       -1   5799
 7497   3736  1197  3950    -1       -1   5770
 7498   3682  3048  3049    -1       -1   5059
 7499    574   111  3950    -1       -1   5785
 7500   3069  3682  3049    -1       -1   5133
 7501   3032  4141  3049    -1       -1   4964
 7502   4141  3069  3049    -1       -1   5133
 7503   3047  3032  3049    -1       -1    128
 7504   3807  2690  2691    -1       -1  22771
 7505   4032  3357  1437    -1       -1  11634
 7506   1838  4032  1437    -1       -1  11726
 7507   1435  1839  1437    -1       -1    989
 7508   3420  3807  2691    -1       -1  22771
 7509   3755  3754  2691    -1       -1  20977
 7510   3288  3251  4151    -1       -1   7283
 7511    617   378  4151    -1       -1   9373
 7512   3251  3252  4151    -1       -1   9573
 7513    378  3288  4151    -1       -1   7283
 7514   1880   968  4099    -1       -1  16103
 7515   2906  3141  3545    -1       -1   5673
 7516   1220  2046  4113    -1       -1   1444
 7517   2508  1220  4113    -1       -1  15385
 7518   3489  2508  4113    -1       -1  15385
 7519     63    61  3545    -1       -1   4664
 7520    718  2570  1765    -1       -1  11505
 7521     61  2906  3545    -1       -1   4745
 7522    717   718  1765    -1       -1  11505
 7523   2168  1764  1765    -1       -1    223
 7524   1032  2168  1765    -1       -1  11445
 7525   2570  1032  1765    -1       -1  11445
 7526   1198  1312  3145    -1       -1   5900
 7527    218  1553  3145    -1       -1   5964
 7528   3717   218  3145    -1       -1   6008
 7529   4137   603   604    -1       -1  14716
 7530    627  1367  1952    -1       -1   2528
 7531   1531  1532   137    -1       -1  14587
 7532   2261   136   137    -1       -1  14589
 7533    135  1531   137    -1       -1  14696
 7534   2260  2261   137    -1       -1  14580
 7535   1532  2260   137    -1       -1  14587
 7536    629   627  1952    -1       -1   4194
 7537    224   629  1952    -1       -1   4001
 7538   3401  1997  2856    -1       -1  18005
 7539   1367  1951  1952    -1       -1   2528
 7540    261   406  2856    -1       -1  19509
 7541   1968  1969  2856    -1       -1  19182
 7542   1997   261  2856    -1       -1  18005
 7543    755  3116  4152    -1       -1  13509
 7544   2813  3360  2815    -1       -1  22557
 7545   2823  4115  2815    -1       -1  22714
 7546    754   755  4152    -1       -1  13409
 7547   3182  3183  2959    -1       -1  11468
 7548   3360  2584  2815    -1       -1  22557
 7549   3033   266  2959    -1       -1  11618
 7550   2958  3182  2959    -1       -1  13203
 7551   1784  2109    39    -1       -1   1371
 7552   3934  1784    39    -1       -1   9063
 7553    819   604   605    -1       -1  14604
 7554   3474  4138   605    -1       -1  12770
 7555   3067   997   998    -1       -1  15703
 7556    603  3474   605    -1       -1  14988
 7557   2109  3057    39    -1       -1   1371
 7558   3199  3353   998    -1       -1   8246
 7559    996  3199   998    -1       -1  16866
 7560   3303  3067   998    -1       -1   8286
 7561   3353  3303   998    -1       -1   8246
 7562   2690  3486  2692    -1       -1  20967
 7563   3755  2691  2692    -1       -1  20977
 7564   2625  3755  2692    -1       -1  20979
 7565   3486  2625  2692    -1       -1  20665
 7566   2837  2927  2988    -1       -1  11174
 7567   2927  2235  2988    -1       -1  11304
 7568   3928  3203  2988    -1       -1  11290
 7569   2234  3928  2988    -1       -1  11052
 7570   4116  3740   688    -1       -1   3413
 7571    686  4116   688    -1       -1  11148
 7572   1201   687   688    -1       -1   7904
 7573   3533  1818  3255    -1       -1  14131
 7574   2902  3533  3255    -1       -1  13984
 7575   3256  3464  3255    -1       -1  13944
 7576   2294  2933  3658    -1       -1  21659
 7577    904  2888  3658    -1       -1  21295
 7578   3373  3156  2893    -1       -1  16106
 7579   2933  3541  3658    -1       -1  21313
 7580   2892  3373  2893    -1       -1  15950
 7581   1856  1857  2250    -1       -1  14685
 7582    541   539  2893    -1       -1    693
 7583   3742  3105  3106    -1       -1  11395
 7584   1857  3899  2250    -1       -1  14685
 7585   2203  2249  2250    -1       -1  20416
 7586   3899  2203  2250    -1       -1  20420
 7587   1291  3329  3106    -1       -1  22636
 7588   3329   177  3106    -1       -1  22636
 7589    177  1735  3106    -1       -1  13378
 7590   2797  2995  3037    -1       -1   4928
 7591   2995  1088  3037    -1       -1   4928
 7592   1089   231  3037    -1       -1   3046
 7593   2796  2797  3037    -1       -1  19404
 7594    404   473  1970    -1       -1   4847
 7595   4153  1969  1970    -1       -1  19183
 7596   2243  4153  1970    -1       -1  19044
 7597    473  2243  1970    -1       -1    716
 7598   2769   735  2770    -1       -1   3708
 7599    395  2385  2770    -1       -1   2147
 7600   3283  2991  2770    -1       -1   2620
 7601   2244  3774  1331    -1       -1   6290
 7602   1688    29  1331    -1       -1  18295
 7603   3660  1370  3887    -1       -1   3679
 7604   1370   994  3887    -1       -1  13358
 7605   4028  3093  3887    -1       -1  21430
 7606   1433  1402  1887    -1       -1   7761
 7607   2260  3167   143    -1       -1  15064
 7608    141  2267   143    -1       -1  15071
 7609   2267  2261   143    -1       -1  15076
 7610   2572  1433  1887    -1       -1   7806
 7611   1888  3236  1887    -1       -1   7783
 7612   3504  3147  3148    -1       -1   4220
 7613   1141  2366  3148    -1       -1     90
 7614   2367  3504  3148    -1       -1   4220
 7615    401  3672  3677    -1       -1  10789
 7616   2366  2367  3148    -1       -1   4318
 7617    102  2229   104    -1       -1  18306
 7618   1611   103   104    -1       -1  18653
 7619    775  1611   104    -1       -1  18653
 7620   3449  2845  3677    -1       -1  10793
 7621   2845   400  3677    -1       -1  10793
 7622   3927  3449  3677    -1       -1  10724
 7623   1372  2111  2668    -1       -1   1096
 7624    538  2001  2668    -1       -1   2017
 7625   4089  1372  2668    -1       -1  11779
 7626   3877  4089  2668    -1       -1  11809
 7627    742  3342  2458    -1       -1   8843
 7628    741   742  2458    -1       -1   6027
 7629   3593    82  4016    -1       -1  17686
 7630   3616  3720  4016    -1       -1  16294
 7631   3653  3593  4016    -1       -1  15398
 7632   3720  3653  4016    -1       -1  15398
 7633    981  2992  1546    -1       -1   3268
 7634     82  1874  4016    -1       -1  16277
 7635    614   215  2270    -1       -1   9189
 7636   2276  2468  2270    -1       -1   9310
 7637   1978  2818   779    -1       -1  17923
 7638   3413  1545  1546    -1       -1     91
 7639   2818  2819   779    -1       -1  17923
 7640   4138  2751  2752    -1       -1  14910
 7641    819   605  2752    -1       -1   1198
 7642   4072  1059  1979    -1       -1    496
 7643    605  4138  2752    -1       -1  12770
 7644   2998  2448  2449    -1       -1  19441
 7645   3273   185  1979    -1       -1   1605
 7646   1059  3274  1979    -1       -1    496
 7647   2519  3581  4154    -1       -1   5466
 7648   1978  4072  1979    -1       -1  20256
 7649     48  2519  4154    -1       -1   5466
 7650   3840    48  4154    -1       -1  19605
 7651   3722  3993  4154    -1       -1  20203
 7652   3993  3840  4154    -1       -1  20203
 7653   2105  1301  2067    -1       -1  15681
 7654   3581  3722  4154    -1       -1   1612
 7655    744  2105  2067    -1       -1  15335
 7656   3435  4096  3782    -1       -1   4032
 7657   4096  3783  3782    -1       -1   7373
 7658   3507  3498  3782    -1       -1   8856
 7659   3783  3507  3782    -1       -1   8856
 7660   3683  3168  3162    -1       -1   6141
 7661   3637  1652  3162    -1       -1   6132
 7662   3681  3683  3162    -1       -1   6184
 7663   3168  3637  3162    -1       -1   6141
 7664   3324  2053  4062    -1       -1   1842
 7665   3324  4062  2279    -1       -1  11587
 7666   4062  2673  1650    -1       -1  11622
 7667   3733  3323  2279    -1       -1  13258
 7668   1516  2672  4062    -1       -1  13235
 7669   2053  1516  4062    -1       -1  13235
 7670    527  3185   844    -1       -1  22192
 7671    526   527   844    -1       -1  22300
 7672   3255  1818   643    -1       -1  14078
 7673   2021  3256   643    -1       -1  14150
 7674   1584  1072  4135    -1       -1  15513
 7675   2881   324  4135    -1       -1  15745
 7676   3390  1584  4135    -1       -1  15766
 7677    324  3390  4135    -1       -1  15766
 7678   2622   555  2646    -1       -1  18418
 7679   3869  2622  2646    -1       -1  17145
 7680   3601  4153  3837    -1       -1   1560
 7681   1320  1321  2646    -1       -1  17139
 7682   3809  4051  3810    -1       -1   7171
 7683   4153  2243  3837    -1       -1  19044
 7684   2243  2239  3837    -1       -1  19021
 7685   4051  3873  3810    -1       -1   7171
 7686   2065  3707  3810    -1       -1   4084
 7687   1821  1822   196    -1       -1   8300
 7688   2871  3935  3666    -1       -1   5433
 7689   1793   950  3666    -1       -1   5377
 7690   3730   195   196    -1       -1  15829
 7691   3404  3730   196    -1       -1  16747
 7692   1170  4045   547    -1       -1   3845
 7693   4055   546   547    -1       -1   4297
 7694    545  2925   547    -1       -1   3897
 7695   2511   242   243    -1       -1  15977
 7696   3156  3373   243    -1       -1  16106
 7697    358  3157   243    -1       -1  16147
 7698   3373  2511   243    -1       -1  15977
 7699   2002  2289  2004    -1       -1  21105
 7700   3165  3166  2370    -1       -1  21453
 7701   3166  2369  2370    -1       -1  21462
 7702   2717  3166  3537    -1       -1  21578
 7703   3063  2710  3537    -1       -1  13824
 7704   2289  3714  2004    -1       -1  20195
 7705   3714  2259  2004    -1       -1  20195
 7706   3655  2003  2004    -1       -1  21933
 7707   2251   493  3066    -1       -1  21395
 7708   2252  2251  3066    -1       -1   1862
 7709   2716   128  3066    -1       -1  21506
 7710   2077  1947  1641    -1       -1   2408
 7711   4135  1072  2882    -1       -1  16031
 7712   1640  2077  1641    -1       -1   2451
 7713   2513  3082   987    -1       -1  11632
 7714    985  2513   987    -1       -1  11993
 7715   1638   758   759    -1       -1  10222
 7716   1626  1627   759    -1       -1   1905
 7717    507   986   987    -1       -1  10832
 7718   4054  1420  2753    -1       -1  14518
 7719   3082   509   987    -1       -1  11566
 7720   3723  4108  2529    -1       -1     82
 7721   4108  4092  2529    -1       -1  10553
 7722   4092  2528  2529    -1       -1  10553
 7723   2751  4054  2753    -1       -1  14518
 7724   3298  3299  2753    -1       -1  14913
 7725    997  3067  2778    -1       -1  16892
 7726   1420  3298  2753    -1       -1  14548
 7727   2514  2918  2875    -1       -1   5846
 7728   3339  2874  2875    -1       -1   8887
 7729   3873  2237  4143    -1       -1   7267
 7730   2237  2005  4143    -1       -1   8188
 7731   4098  3563  4143    -1       -1   7367
 7732   2005  4098  4143    -1       -1   5824
 7733   1842  3476  2778    -1       -1   8283
 7734   3476  2686  2778    -1       -1   8283
 7735   3027  1842  2778    -1       -1  16896
 7736   1758  2200  1760    -1       -1  18934
 7737   3770   974  1760    -1       -1   5184
 7738    972  1759  1760    -1       -1   5859
 7739    974   972  1760    -1       -1   5184
 7740   2200  3770  1760    -1       -1   5865
 7741    673   904  2901    -1       -1  21301
 7742   1347   673  2901    -1       -1  21195
 7743   3541  1349  2901    -1       -1  18375
 7744   3658  3541  2901    -1       -1   2503
 7745    618  4005  3456    -1       -1   9688
 7746    282   618  3456    -1       -1   9688
 7747    945  1960  3456    -1       -1   7747
 7748   3962  2735  2736    -1       -1  10230
 7749   2822  2631  3946    -1       -1  13573
 7750   2737  1436  2736    -1       -1  10516
 7751   1382   678  3946    -1       -1  20893
 7752   3712  1503  1504    -1       -1  22345
 7753   2631  2632  3946    -1       -1  13573
 7754   2094  1208  3904    -1       -1   7579
 7755   3802  3712  1504    -1       -1   1850
 7756   3790  3296  3904    -1       -1   7572
 7757   2195  1053  3812    -1       -1  11707
 7758   2092  2090  4030    -1       -1  17894
 7759   1208  3791  3904    -1       -1   5829
 7760   2090  3040  4030    -1       -1  17881
 7761    110  2330  1598    -1       -1   4750
 7762   3901  3675  4030    -1       -1  17831
 7763   2104  1124  1598    -1       -1   4683
 7764   3913  2104  1598    -1       -1   5666
 7765   2330  3913  1598    -1       -1   4750
 7766    169  2619   171    -1       -1   9608
 7767   2619    21   171    -1       -1   9608
 7768    367   170   171    -1       -1   9758
 7769   3003   367   171    -1       -1   9758
 7770   3011   684  3012    -1       -1   6710
 7771     21  3003   171    -1       -1   9985
 7772    684  1799  3012    -1       -1  15680
 7773   2341  1302  3012    -1       -1   1750
 7774    275  1024   739    -1       -1  12847
 7775   2422  1194  2423    -1       -1   3524
 7776    150   558  2423    -1       -1   3111
 7777    602   150  2423    -1       -1  11239
 7778   4042  3824   267    -1       -1  13198
 7779   4058  2480  3615    -1       -1   1070
 7780   3698  2048  3615    -1       -1  11404
 7781   3346  4059  1333    -1       -1  18090
 7782   2048  3136  3615    -1       -1  11404
 7783   3636   777  1333    -1       -1  17588
 7784   1332  3346  1333    -1       -1  20295
 7785   4027  3916  3364    -1       -1  10106
 7786   3314  3363  3364    -1       -1   7490
 7787   3118  4027  3364    -1       -1   8993
 7788   2142  3118  3364    -1       -1  10113
 7789   3178  3879  3789    -1       -1  12756
 7790   3096  3177  3789    -1       -1  14996
 7791   3097  3096  3789    -1       -1  14996
 7792   2519  2518  3318    -1       -1  18056
 7793   3878  3097  3789    -1       -1  15033
 7794   3317  3582  3318    -1       -1  18654
 7795   3812  1053  3753    -1       -1  11707
 7796   2191  2615  3753    -1       -1  12622
 7797   2615  3812  3753    -1       -1  12622
 7798   2190  2191  3753    -1       -1  14112
 7799   1053  2725  3753    -1       -1  12555
 7800   3889  3888  4043    -1       -1  13792
 7801   2327  2326  4043    -1       -1  13794
 7802   2326  3841  4043    -1       -1   1688
 7803   1545  2523   980    -1       -1     19
 7804   2523  1150   980    -1       -1   2958
 7805   1149  1690   982    -1       -1   2959
 7806    981  1546   980    -1       -1   3873
 7807   2394  1741  1742    -1       -1  17750
 7808   2392  2394  1742    -1       -1  17125
 7809   2667  3803  1742    -1       -1  18697
 7810   1740  2667  1742    -1       -1  18669
 7811   1169  3084  3915    -1       -1    171
 7812   3402  1499  1500    -1       -1    428
 7813    824     7  3915    -1       -1   3143
 7814   2992  1169  3915    -1       -1   4289
 7815      8  2992  3915    -1       -1   3892
 7816   2617  2852  1777    -1       -1   5962
 7817   3205  2617  1777    -1       -1  15134
 7818   1775  1530  1777    -1       -1   1216
 7819   1530  3205  1777    -1       -1   1216
 7820   2155  4125  4003    -1       -1  17219
 7821   4125   490  4003    -1       -1  15842
 7822    490  3871  4003    -1       -1  16932
 7823   4002  3989  4003    -1       -1  16463
 7824    758  2529  1193    -1       -1  10175
 7825   3400  1969  4155    -1       -1  19282
 7826   3601  3170  4155    -1       -1  19128
 7827   1491  3400  4155    -1       -1  19282
 7828   3170  1491  4155    -1       -1  19283
 7829   4153  3601  4155    -1       -1  19128
 7830   1969  4153  4155    -1       -1  19153
 7831   3993  3722  2550    -1       -1  20222
 7832    757   758  1193    -1       -1  10295
 7833   2528    69  1193    -1       -1   2071
 7834   2824  3709  4036    -1       -1   4833
 7835   3838  3993  2550    -1       -1  20206
 7836   2497  1210  4036    -1       -1    618
 7837   1117  2497  4036    -1       -1    618
 7838   3709  1117  4036    -1       -1   7289
 7839    963  2824  4036    -1       -1   4833
 7840    668  3954  4018    -1       -1   8159
 7841     13   668  4018    -1       -1   9359
 7842    216  1403  4018    -1       -1   9480
 7843   1020  3325  1904    -1       -1   1571
 7844   3798  2451  1904    -1       -1  12999
 7845   2451  1903  1904    -1       -1  13107
 7846   2995  2797  1492    -1       -1  18892
 7847    430  2328  4039    -1       -1  16295
 7848   1648  2046  4039    -1       -1  15147
 7849   2328  1648  4039    -1       -1  15392
 7850    429   430  4039    -1       -1  16295
 7851   1220   429  4039    -1       -1  14902
 7852    247  1582   249    -1       -1   5263
 7853   3534  2995  1492    -1       -1  19411
 7854   3023  3718   249    -1       -1   4873
 7855   3718   248   249    -1       -1    238
 7856    254  3050  2167    -1       -1   6117
 7857   1654  3948  3060    -1       -1   5351
 7858   3050  3197  2167    -1       -1   7972
 7859   3197  2166  2167    -1       -1   7972
 7860   2165   607  2167    -1       -1    448
 7861   2871  3666  3060    -1       -1   5433
 7862   2870  2871  3060    -1       -1   4849
 7863   3948  2870  3060    -1       -1   4849
 7864   1371   416   417    -1       -1  11812
 7865   3961  4032   417    -1       -1  11739
 7866   4032  4033   417    -1       -1  11723
 7867   3292  3697  3293    -1       -1  11570
 7868   3614    22  3293    -1       -1   3585
 7869    284  2946  3931    -1       -1   4707
 7870   3697  3698  3293    -1       -1  11570
 7871   2765  2910  1933    -1       -1  14862
 7872   3680  3773  4139    -1       -1   4755
 7873   3979  3680  4139    -1       -1   4710
 7874   3773    63  4139    -1       -1   4755
 7875   3545  3544  4139    -1       -1   5423
 7876   1931  1520  1933    -1       -1  22582
 7877     63  3545  4139    -1       -1   4664
 7878   2910  1932  1933    -1       -1  23032
 7879   1177  2702  2510    -1       -1  15943
 7880   3322  3323  3654    -1       -1  13162
 7881   2503  2511  2510    -1       -1  16049
 7882   2702  2489  2510    -1       -1  15589
 7883   3848  3798  3654    -1       -1  13204
 7884   3733  3848  3654    -1       -1    178
 7885   3798  3325  3654    -1       -1  13204
 7886   3323  3733  3654    -1       -1  13162
 7887   1947  1945  3898    -1       -1   2488
 7888   1366  1327  2336    -1       -1  22684
 7889   2969  3394  2336    -1       -1   1669
 7890   1327  2969  2336    -1       -1   1669
 7891    313  1641  3898    -1       -1   2449
 7892   3382   313  3898    -1       -1   2449
 7893   3748  3749  3750    -1       -1   6444
 7894   3897  3382  3898    -1       -1   2458
 7895   3799  3748  3750    -1       -1   1540
 7896    553   554  3750    -1       -1    159
 7897    155   553  3750    -1       -1   1289
 7898   2597  1575  3054    -1       -1   6987
 7899   2303  2597  3054    -1       -1  12563
 7900   3053  3312  3054    -1       -1  10967
 7901   3331   928  3332    -1       -1  21566
 7902   2130  3104  3332    -1       -1   1777
 7903    650  2130  3332    -1       -1  21153
 7904    928  2132  3332    -1       -1  21759
 7905   3681  3162  3163    -1       -1   6137
 7906   1652  1653  3163    -1       -1   5595
 7907   3266  3681  3163    -1       -1   5576
 7908   3268  3266  3163    -1       -1   5545
 7909   1363  3605  2777    -1       -1  15112
 7910   3605  3557  2777    -1       -1  15559
 7911   3557  2776  2777    -1       -1  15650
 7912   2657  2860  2777    -1       -1  15674
 7913   4149   754  4152    -1       -1  13409
 7914    464  1070  2181    -1       -1   4515
 7915   1621  4149  4152    -1       -1  13432
 7916   3116  2473  4053    -1       -1  13309
 7917   3254  2481  2181    -1       -1   3040
 7918   2958   266   267    -1       -1  13585
 7919   2481   464  2181    -1       -1   4504
 7920   3824  2958   267    -1       -1  13585
 7921   2178  4042   267    -1       -1  13081
 7922    265  2178   267    -1       -1  13081
 7923   2379   140   813    -1       -1   3154
 7924    138  3287   813    -1       -1   2977
 7925   3287  1094   813    -1       -1   1129
 7926   2023  3055  3745    -1       -1  15340
 7927   3056  4131  3745    -1       -1  15580
 7928   1422  2023  3745    -1       -1  15663
 7929   4131   106  3745    -1       -1  16513
 7930   2851  2617  2618    -1       -1  15357
 7931   3359  3436  2618    -1       -1   1402
 7932   3436  2851  2618    -1       -1   1402
 7933   3986  2156   763    -1       -1  17337
 7934    206   207  1157    -1       -1  22140
 7935   1406  1985   763    -1       -1  17363
 7936    761  1406   763    -1       -1  17384
 7937   1886   206  1157    -1       -1  22227
 7938   1724  1886  1157    -1       -1  22227
 7939   2169  1161  3558    -1       -1   1073
 7940    847  2169  3558    -1       -1   1001
 7941   1161  1694  3558    -1       -1   2062
 7942    849   847  3558    -1       -1   1001
 7943   2151   379  3705    -1       -1   7382
 7944   3704  2151  3705    -1       -1  12379
 7945    916  2564  3705    -1       -1  10771
 7946   3850  2623  2624    -1       -1   3097
 7947   1094  2858  2624    -1       -1   3198
 7948   2858  3850  2624    -1       -1   3198
 7949    813  1094  2624    -1       -1   1129
 7950   2379   813  2624    -1       -1     64
 7951   2863  1392  4156    -1       -1  14093
 7952   1392  1393  4156    -1       -1  14093
 7953    408  2863  4156    -1       -1  12936
 7954    407   408  4156    -1       -1  12629
 7955   3125  2641  3453    -1       -1   1345
 7956   2583   746  3453    -1       -1  15514
 7957   2641  2583  3453    -1       -1   1345
 7958   1369   331   730    -1       -1  10139
 7959    729   187   730    -1       -1  10095
 7960    477  2115  2116    -1       -1    652
 7961    187   188   730    -1       -1  10098
 7962   3854  2143  2116    -1       -1    425
 7963    949   354  1958    -1       -1  12942
 7964   2143   476  2116    -1       -1    425
 7965    948   949  1958    -1       -1  12942
 7966   3802  1504  2533    -1       -1   3337
 7967    808   809  2533    -1       -1  22347
 7968   2948  3802  2533    -1       -1    173
 7969   3114  2948  2533    -1       -1   1758
 7970    123  3070  3309    -1       -1   3957
 7971   3181  1018  3309    -1       -1   3503
 7972   3305  3181  3309    -1       -1   3503
 7973   1019   123  3309    -1       -1   3957
 7974   1018  1019  3309    -1       -1   1884
 7975   3620  4115  3427    -1       -1  20988
 7976   2803  4088  3406    -1       -1  16813
 7977   3404  1822  3406    -1       -1  16815
 7978   3425  4048  3427    -1       -1  20895
 7979   2823  3426  3427    -1       -1  22819
 7980   4088  3405  3406    -1       -1  16813
 7981   3403  2803  3406    -1       -1  16510
 7982   1524  2455  1213    -1       -1  14581
 7983   1211  2905  1213    -1       -1  17908
 7984    696   452   695    -1       -1  13533
 7985   3851  1748  4157    -1       -1   1580
 7986   2454  1212  1213    -1       -1  18180
 7987   1707  1677   695    -1       -1  13433
 7988   1748  3451  4157    -1       -1  19349
 7989   3451  2478  4157    -1       -1  19124
 7990   2449  3851  4157    -1       -1   1580
 7991   4049  3494  3600    -1       -1  11075
 7992   2478  2449  4157    -1       -1  19379
 7993    379   192   193    -1       -1   7699
 7994    601   602  3600    -1       -1   3527
 7995   1866   601  3600    -1       -1    906
 7996   3494  2830  3600    -1       -1   7892
 7997   3705   379   193    -1       -1   7974
 7998    916  3705   193    -1       -1   7974
 7999   3018  4109  3019    -1       -1   5636
 8000   1827  3451  3019    -1       -1   1531
 8001   1090  1279  3019    -1       -1  19361
 8002   1279  1827  3019    -1       -1  19397
 8003   4109  1090  3019    -1       -1  19361
 8004    692  1143   694    -1       -1    662
 8005   3739  3146  1182    -1       -1  21497
 8006   3146  1181  1182    -1       -1  21271
 8007   3819  3739  1182    -1       -1  21497
 8008     97    98  1182    -1       -1  20736
 8009   3530  3855  2936    -1       -1   1995
 8010   3855  3852  2936    -1       -1   1997
 8011   3643  3165  3352    -1       -1  21416
 8012   2370  3874  3352    -1       -1  21387
 8013   3793  1880  4099    -1       -1  16102
 8014   2705  2706   468    -1       -1   3629
 8015    466  3387   468    -1       -1  12342
 8016   3387  2705   468    -1       -1  12342
 8017   2334  3793  4099    -1       -1  16102
 8018    966  3489   968    -1       -1  15378
 8019   3135  4070  3195    -1       -1  22899
 8020   3193  3995  3195    -1       -1  22939
 8021    458   459  4087    -1       -1  12779
 8022   3135  3195  1521    -1       -1  22938
 8023   4070  3194  3195    -1       -1  20779
 8024   2196   458  4087    -1       -1  12752
 8025   1236  1237  4087    -1       -1  12836
 8026   1237  2196  4087    -1       -1  12752
 8027   4086  1236  4087    -1       -1  12948
 8028   3629  4011  3981    -1       -1  18120
 8029   2663  2664  3981    -1       -1  20234
 8030   4145  2663  3981    -1       -1  20057
 8031   4011  4145  3981    -1       -1  18120
 8032    323  2881   252    -1       -1  15923
 8033   2881  1853   252    -1       -1  15732
 8034   1853   251   252    -1       -1  15982
 8035    250   323   252    -1       -1  15923
 8036     79  3574  3575    -1       -1   7881
 8037   2166  3576  3575    -1       -1   7857
 8038   3552    79  3575    -1       -1   8016
 8039   3347  3552  3575    -1       -1   8016
 8040   1299  3516  2919    -1       -1  17562
 8041   2067  1301  2919    -1       -1  15681
 8042   1298  1299  2919    -1       -1  15644
 8043   2618  2616  4077    -1       -1  15052
 8044   3359  2618  4077    -1       -1  15421
 8045   2678  3418  2679    -1       -1  12310
 8046   3026  2634  4077    -1       -1  15298
 8047   1934  3232  2614    -1       -1   4007
 8048   2613  3310  2614    -1       -1  10056
 8049    927   334  2679    -1       -1  12324
 8050   2534   927  2679    -1       -1  10179
 8051   1660  1217  3931    -1       -1   4329
 8052   1217  3932  3931    -1       -1   4261
 8053   4009  3123  4026    -1       -1   8621
 8054   2384  2072  2073    -1       -1   1901
 8055   2343  2385  2073    -1       -1   1928
 8056   2144  2356  4026    -1       -1   5857
 8057   2356  4009  4026    -1       -1   8322
 8058   1690  3963   982    -1       -1   2779
 8059    980  1150   982    -1       -1   2958
 8060   4065  3625  1744    -1       -1   8177
 8061   1717  2376  3286    -1       -1   2904
 8062   1743  4065  1744    -1       -1   9045
 8063   3953   669  1744    -1       -1   9054
 8064   3528  3953  1744    -1       -1   8991
 8065   3625  3528  1744    -1       -1   8177
 8066   3814  3285  3286    -1       -1   2909
 8067   3284  1717  3286    -1       -1   3214
 8068   3743  3814  3286    -1       -1   2910
 8069   2376  3743  3286    -1       -1   2904
 8070   1134   518  3606    -1       -1    916
 8071    754  4149   697    -1       -1  13320
 8072    695  1677   697    -1       -1  13465
 8073   1676   754   697    -1       -1  10897
 8074   4149   696   697    -1       -1  13320
 8075    172  1134  3606    -1       -1    916
 8076   2100  1352  3606    -1       -1  10503
 8077   1352   172  3606    -1       -1  10464
 8078   1382  2632  4094    -1       -1  22592
 8079   3674   437  4094    -1       -1  22092
 8080    437  1382  4094    -1       -1  22092
 8081   4112  3674  4094    -1       -1  22584
 8082   2144  3515  3491    -1       -1  16151
 8083   3490  2145  3491    -1       -1  16465
 8084   2145  2144  3491    -1       -1  16466
 8085   3024  3261  2636    -1       -1  14899
 8086   3458  2635  2636    -1       -1  15156
 8087   3261  3458  2636    -1       -1  14899
 8088    821   822  1768    -1       -1   4104
 8089    864  1928  1468    -1       -1  17211
 8090   3393   821  1768    -1       -1   4316
 8091    671   864  1468    -1       -1   8002
 8092    710   670  1468    -1       -1  16946
 8093   1927   710  1468    -1       -1  16940
 8094    416   355   418    -1       -1  11640
 8095   3961   417   418    -1       -1   7818
 8096   3737  3961   418    -1       -1  11601
 8097   3535  3737   418    -1       -1  11895
 8098   3701   634   635    -1       -1   9430
 8099   2899  3701   635    -1       -1   9388
 8100   1012  3275   635    -1       -1   9450
 8101   3159   435   436    -1       -1  20310
 8102    434  1188   436    -1       -1  20309
 8103   2907  3159   436    -1       -1  16280
 8104   1186  2907   436    -1       -1  20141
 8105   1166  1335    57    -1       -1    628
 8106    698  1166    57    -1       -1   4660
 8107     55  2743    57    -1       -1   4968
 8108   4043  3841  1345    -1       -1   1688
 8109    674  3889  1345    -1       -1  21177
 8110   1344   674  1345    -1       -1  18570
 8111   1197  1198   965    -1       -1   4681
 8112    573  1197   965    -1       -1   5754
 8113   2406  2467  4158    -1       -1   9318
 8114    732   573   965    -1       -1   7065
 8115   1747   346   347    -1       -1  15540
 8116   1286  1747   347    -1       -1   9116
 8117   2984  3561   347    -1       -1  15783
 8118    534  2072  2671    -1       -1   1938
 8119   2140  3282  2117    -1       -1  12894
 8120   3152  2401   886    -1       -1  20305
 8121   2669  2134  2671    -1       -1   2024
 8122   3033  2959  2674    -1       -1  13564
 8123   2072  2670  2671    -1       -1   1938
 8124   2959  3183  2674    -1       -1  11468
 8125   3664  3033  2674    -1       -1  13564
 8126   2672  3664  2674    -1       -1  13347
 8127   2401   838   886    -1       -1  21067
 8128   1802   885   886    -1       -1  21054
 8129    838  1802   886    -1       -1  21067
 8130   2280  2575  2576    -1       -1   8075
 8131   2171  3421  2576    -1       -1    859
 8132   2170  2171  2576    -1       -1   7503
 8133   2070  2071  2162    -1       -1  20934
 8134   1588  4146  4019    -1       -1  13864
 8135   4121   305  2162    -1       -1  20921
 8136   2160  4121  2162    -1       -1  13390
 8137   3238  2555  4019    -1       -1  17192
 8138   2071  2161  2162    -1       -1  20775
 8139   4146  3237  4019    -1       -1  14172
 8140   3529  1789  4078    -1       -1   8973
 8141   3955  3529  4078    -1       -1   7856
 8142   2060  3201  4078    -1       -1   8941
 8143   3201  3955  4078    -1       -1   8939
 8144   4136  2854  3724    -1       -1  20038
 8145   1820  4136  3724    -1       -1  17136
 8146   1689  2649  3724    -1       -1  20016
 8147   3626  3004  4159    -1       -1   9860
 8148   3004  3506  4159    -1       -1   9860
 8149   2802  2800  4159    -1       -1   7557
 8150   3784  2802  4159    -1       -1   7557
 8151   3506  3784  4159    -1       -1   9895
 8152   2800  3626  4159    -1       -1   8998
 8153   3952   715  1722    -1       -1   1297
 8154   3644  2491  2354    -1       -1   8296
 8155   3880  2353  2354    -1       -1   8433
 8156   2693  3880  2354    -1       -1   8295
 8157    713  1721  1722    -1       -1   8722
 8158   2467  1376  4158    -1       -1   9088
 8159   1510  1514  4158    -1       -1   8824
 8160   1514  2406  4158    -1       -1   9318
 8161   1509  1510  4158    -1       -1    683
 8162   1376  1509  4158    -1       -1    683
 8163   1958  3923  2117    -1       -1  11116
 8164   2195  2196  1242    -1       -1  12706
 8165   3923  2141  2117    -1       -1  12921
 8166   1052  2195  1242    -1       -1  12698
 8167   1241   162  1242    -1       -1  12675
 8168    373  3150  3577    -1       -1  21098
 8169   3897  1945  1720    -1       -1   2438
 8170   3817  1394  3577    -1       -1  13869
 8171   2027  3817  3577    -1       -1  17593
 8172   3150  2027  3577    -1       -1  17593
 8173   2868   373  3577    -1       -1  13728
 8174   3186   144  4095    -1       -1    398
 8175   2567  2237  3580    -1       -1    514
 8176   3873  4051  3580    -1       -1   7118
 8177   3772  2566  3580    -1       -1   5680
 8178   4051  3772  3580    -1       -1   4790
 8179   4143  3563  3564    -1       -1   4064
 8180   3562  2065  3564    -1       -1   7300
 8181   2065  3810  3564    -1       -1   4084
 8182   3690  3186  4095    -1       -1    398
 8183   1549  3690  4095    -1       -1   7495
 8184    145  3124  4095    -1       -1   7497
 8185    144   145  4095    -1       -1   8476
 8186   3454  1243  3477    -1       -1  15006
 8187   2963  3454  3477    -1       -1  12715
 8188   2962  2963  3477    -1       -1  12715
 8189   2411  3964   333    -1       -1   9615
 8190   2315  3446  1773    -1       -1   2982
 8191   3446  1772  1773    -1       -1   5591
 8192   1474  2080  2081    -1       -1   5308
 8193   4098  4084  4008    -1       -1   7407
 8194   2802  3784  4008    -1       -1    166
 8195   4084  2802  4008    -1       -1   8728
 8196   3563  4098  4008    -1       -1   7407
 8197   3875  3563  4008    -1       -1   7376
 8198   1582  1474  2081    -1       -1   5222
 8199   3023   249  2081    -1       -1   5178
 8200   2079  3023  2081    -1       -1   4959
 8201   2845  3449  3450    -1       -1  10707
 8202    636   467  3450    -1       -1  12329
 8203   1379  1380  1658    -1       -1   7885
 8204   1380  3602  1658    -1       -1   7885
 8205   1477  2544  1658    -1       -1   7949
 8206    622   636  3450    -1       -1  10732
 8207   2722  2845  3450    -1       -1  10736
 8208    467  2722  3450    -1       -1  12325
 8209   3249  2414  1659    -1       -1   7901
 8210   2544  3248  1659    -1       -1   7888
 8211   1658  2544  1659    -1       -1   7949
 8212   2414  1379  1659    -1       -1   7951
 8213   3831  1900  2247    -1       -1   6301
 8214   2012  3833  2247    -1       -1    309
 8215   2011  2012  2247    -1       -1   6706
 8216   1900  2246  2247    -1       -1   5015
 8217   1589  2851  1591    -1       -1   1410
 8218   2765  1520  1521    -1       -1  20792
 8219   3195  3995  1521    -1       -1  22938
 8220   2641  1590  1591    -1       -1  12674
 8221   2640  2641  1591    -1       -1  12674
 8222   4037  2653  4038    -1       -1  17137
 8223    876  3975  4038    -1       -1  17365
 8224   2851  3436  1591    -1       -1   1410
 8225   3991  4037  4038    -1       -1  17427
 8226   3779   876  4038    -1       -1  17124
 8227    272   273  1774    -1       -1   2638
 8228   2653  3779  4038    -1       -1  17137
 8229   3278   665   666    -1       -1  14226
 8230    664   287   666    -1       -1  14216
 8231   2192  3278   666    -1       -1    638
 8232    287  1077   666    -1       -1  14212
 8233   1719  3521  1774    -1       -1   2287
 8234    310   272  1774    -1       -1   2675
 8235   3813  2585  2586    -1       -1  22547
 8236   1444  1445  2586    -1       -1  21149
 8237   2584  1444  2586    -1       -1  22596
 8238   3115  3813  2586    -1       -1  22087
 8239   1445  3115  2586    -1       -1  21149
 8240   3742  1733  2707    -1       -1  13757
 8241   1842  2784  1841    -1       -1    751
 8242   2784  2785  1841    -1       -1  17202
 8243   1628  3742  2707    -1       -1  22701
 8244   3868  4022  2707    -1       -1  22784
 8245   4022  1421  2707    -1       -1  22697
 8246   1733  3868  2707    -1       -1  22784
 8247   4151  3252   620    -1       -1   9554
 8248    283   617   620    -1       -1   8942
 8249   3252   619   620    -1       -1   9703
 8250    617  4151   620    -1       -1   9554
 8251   2473  3042  4053    -1       -1  13693
 8252   1621  4152  4053    -1       -1  13692
 8253   3715    23    24    -1       -1   2058
 8254   4152  3116  4053    -1       -1  13692
 8255    232  2961    24    -1       -1  11742
 8256    256  3715    24    -1       -1  11552
 8257   2961   256    24    -1       -1  11742
 8258   1887  1402  1484    -1       -1   7761
 8259   1402   214  1484    -1       -1   9417
 8260    214   614  1484    -1       -1   9417
 8261   1483  1888  1484    -1       -1   9401
 8262   1629  2726  4100    -1       -1  14472
 8263   2726  2725  4100    -1       -1  14463
 8264   2725  1051  4100    -1       -1  14463
 8265   1278  4013  4100    -1       -1  14091
 8266   4156  1393  3621    -1       -1  14098
 8267   1615  3094  3621    -1       -1  13822
 8268    407  4156  3621    -1       -1  12629
 8269   1596   407  3621    -1       -1   1958
 8270   2285  2283  1446    -1       -1  14115
 8271   2821  2285  1446    -1       -1  22831
 8272   1444  2821  1446    -1       -1  13617
 8273   2948  1445  1446    -1       -1  22075
 8274   3543  1592  1723    -1       -1   9127
 8275   2496  1722  1723    -1       -1   1143
 8276   2748  2746  3896    -1       -1    347
 8277   2272  2496  1723    -1       -1   8719
 8278   1945  1946  3896    -1       -1    336
 8279   1720  1945  3896    -1       -1    336
 8280   3641  1114  1115    -1       -1  17350
 8281   1719  1720  3896    -1       -1   2632
 8282   1113  2156  1115    -1       -1   1494
 8283   1642  3641  1115    -1       -1  17401
 8284    811  1274   428    -1       -1  12445
 8285   1483   614  3700    -1       -1   7807
 8286   3603  1998   428    -1       -1  12505
 8287    317  3603   428    -1       -1  12505
 8288    614  2270  3700    -1       -1   9189
 8289    634  3701  3700    -1       -1   9430
 8290   1032  2886  1034    -1       -1  10259
 8291   2270  2468  3700    -1       -1   9076
 8292   3102  4129  1034    -1       -1  11392
 8293   2886  3102  1034    -1       -1    968
 8294    968  4113  4099    -1       -1  16043
 8295   4129  1161  1034    -1       -1  11392
 8296   4113  2047  4099    -1       -1  16043
 8297   3160  4127  4160    -1       -1  10268
 8298   4127  3632  4160    -1       -1  10305
 8299   4004  1639  4160    -1       -1  10266
 8300   3632  4004  4160    -1       -1  10266
 8301   1639  4117  4160    -1       -1   1872
 8302   4117  3160  4160    -1       -1  10268
 8303   1604  2425  3428    -1       -1  19184
 8304   2425  3424  3428    -1       -1  16287
 8305   1606  1604  3428    -1       -1  18206
 8306   2638  1606  3428    -1       -1  18206
 8307   1240  3021  3969    -1       -1  15484
 8308   1847  1848  3969    -1       -1  12740
 8309   1848  3513  3969    -1       -1  12740
 8310    460  1240  3969    -1       -1  15484
 8311     26   396  4007    -1       -1   2281
 8312   2077  1640  4007    -1       -1   2359
 8313   1640   690  4007    -1       -1   2453
 8314   2562  2077  4007    -1       -1   2359
 8315   3445  3444  1003    -1       -1  16575
 8316   3520  1002  1003    -1       -1  16549
 8317   3444  3520  1003    -1       -1  16575
 8318   1754  3445  1003    -1       -1  16656
 8319    789  1754  1003    -1       -1  16338
 8320   2860  2658  2767    -1       -1   7788
# Generated by F:\Spel\Programming\C++\TetGen\out\build\x64-Debug\tetgen.exe -n hose.smesh -nn -e 
