4160  3  0  0
   1    -56.106999999999999  -61.813999000000003  -47.034100000000002
   2    -57.686101999999998  -70.405996999999999  -53.124099999999999
   3    -57.535998999999997  -70.877999000000003  -46.111099000000003
   4    37.957000999999998  61.167900000000003  -33.787998999999999
   5    37.299900999999998  67.441999999999993  -33.438001
   6    32.185003000000002  61.886001  -35.544998999999997
   7    -88.066101000000003  -1.7949999999999999  -30.939
   8    -80.232099000000005  -4.0521000000000003  -32.806001999999999
   9    -83.015001999999996  2.2200000000000002  -32.787996999999997
  10    51.316001  81.376902999999999  67.146002999999993
  11    54.914999999999999  74.758000999999993  67.749001000000007
  12    61.368000000000002  86.302004999999994  65.174006000000006
  13    -47.456100999999997  37.305000999999997  43.354899000000003
  14    -47.529001000000001  40.191001999999997  39.160899999999998
  15    -44.346102000000002  33.4589  36.520001000000001
  16    -31.496998000000001  -14.938000000000001  -16.323999000000001
  17    -32.693098999999997  -17.097999999999999  -15.422000000000001
  18    -31.048100000000002  -14.252000000000001  -8.9799989999999994
  19    -117.30109899999999  34.396901999999997  57.103000999999999
  20    -111.00909900000001  26.145  61.859000000000002
  21    -104.672  31.463999000000001  60.338002000000003
  22    -35.131101000000001  -87.044000999999994  45.568998999999998
  23    -36.903001000000003  -84.600002000000003  39.041001000000001
  24    -30.065999999999999  -80.051102  40.654901000000002
  25    -27.837001000000001  -93.692102000000006  -22.160999
  26    -23.379000000000001  -89.239001000000002  -29.594999000000001
  27    -30.414000000000001  -89.379996000000006  -25.483999000000001
  28    24.960999999999999  48.442002000000002  -38.687099000000003
  29    25.034001  42.868901000000001  -34.704000000000001
  30    28.460999999999999  49.631  -35.202998999999998
  31    21.270900999999999  23.263000000000002  -32.161999000000002
  32    23.395  20.656001  -33.200099999999999
  33    21.498999999999999  18.017900999999998  -25.247999
  34    -32.817098999999999  -46.999997999999998  53.249001999999997
  35    -29.026  -48.222098000000003  57.436999
  36    -23.955998999999998  -43.141998000000001  52.487898999999999
  37    -43.834001000000001  59.661898999999998  34.277000000000001
  38    -38.141998999999998  54.785899999999998  33.383898000000002
  39    -43.348998000000002  52.8889  34.124001999999997
  40    -7.1700999999999997  -27.355  10.395001000000001
  41    -8.141  -29.475999999999999  9.7769999999999992
  42    -10.384  -30.065999999999999  16.961001
  43    -1.4690000000000001  -45.384999000000001  29.850000999999999
  44    -3.9710000000000001  -47.069099000000001  27.721999
  45    -1.216  -42.215998999999996  23.010000999999999
  46    58.743901999999999  1.7819  -58.859099000000001
  47    59.291001000000001  5.8399999999999999  -54.543998000000002
  48    66.106007000000005  9.0059000000000005  -57.728101000000002
  49    25.353999999999999  47.633901000000002  33.182899999999997
  50    26.184000000000001  44.007900999999997  36.104000999999997
  51    21.590900000000001  41.388001000000003  31.694900000000001
  52    42.021900000000002  33.909902000000002  -50.994000999999997
  53    45.520000000000003  35.100999999999999  -47.512098999999999
  54    41.283999000000001  28.437901  -43.264001999999998
  55    -71.501002  18.523  -41.280999999999999
  56    -72.045997  14.465  -36.966000000000001
  57    -65.059996999999996  16.756902  -36.439999999999998
  58    -82.989000000000004  84.948897000000002  -4.5270000000000001
  59    -87.811999  82.616895  1.4018999999999999
  60    -80.775097000000002  75.983002999999997  -5.2779999999999996
  61    -85.138097000000002  68.037002999999999  -53.588099999999997
  62    -93.102001000000001  67.621998000000005  -49.158099999999997
  63    -95.027997999999997  75.571901999999994  -52.625
  64    -19.591998  117.550999  54.409001000000004
  65    -17.622  105.328001  54.848897999999998
  66    -13.544  112.313002  50.735999
  67    -66.587998999999996  -78.906000000000006  19.141002
  68    -61.147998999999999  -78.740001000000007  23.037001
  69    -65.765000999999998  -87.389998000000006  20.340900999999999
  70    -138.229996  -47.505099000000001  -5.3871000000000002
  71    -131.42000100000001  -49.153998000000001  7.8358990000000004
  72    -132.70199299999999  -41.765999000000001  -0.34499999999999997
  73    -32.905999999999999  -19.559999999999999  -14.525
  74    -31.649097999999999  -16.427999  -8.4049999999999994
  75    91.662004999999994  16.881900000000002  -26.490998999999999
  76    94.308897999999999  21.280999999999999  -23.317
  77    88.096998999999997  22.881001000000001  -30.476998999999999
  78    -32.106999000000002  21.946999999999999  13.769
  79    -30.177999  20.624001  7.3479999999999999
  80    -31.344000000000001  18.665001  7.8308999999999997
  81    94.822899000000007  55.161901  27.482001
  82    88.680901000000006  56.080002  20.617999000000001
  83    98.563001  52.448000999999998  22.576001000000002
  84    -2.5430000000000001  48.756  -37.127997999999998
  85    -2.0899999999999999  45.591898  -39.863999999999997
  86    -5.0940000000000003  52.257899000000002  -44.798099000000001
  87    99.900000000000006  -66.319101000000003  25.926000999999999
  88    94.372004000000004  -60.582101000000002  20.884001999999999
  89    98.151996999999994  -71.335003  19.8889
  90    -25.465999  -31.542998000000001  -46.749099999999999
  91    -26.007000000000001  -24.300000000000001  -40.787998999999999
  92    -23.108000000000001  -26.882000000000001  -39.706099999999999
  93    32.423000999999999  37.978999000000002  -27.256999
  94    36.088999000000001  36.311999  -27.314
  95    37.158999999999999  42.215001000000001  -30.173999999999999
  96    22.774000000000001  -10.023  -6.3040000000000003
  97    24.599001000000001  -8.7819990000000008  -5.7919999999999998
  98    25.436001000000001  -7.9191000000000003  -13.724
  99    -60.619999  -9.2370990000000006  62.0839
 100    -53.681001000000002  -15.391  56.553001999999999
 101    -51.972099  -10.363  57.610999999999997
 102    31.495999999999999  14.936999999999999  -16.323999000000001
 103    34.188899999999997  18.186999  -22.632999000000002
 104    32.692  17.097000000000001  -15.422000000000001
 105    30.847000000000001  18.978002  29.645
 106    36.263902000000002  20.256  36.048900000000003
 107    33.381  20.614000000000001  28.173901000000001
 108    -58.986998999999997  93.702003000000005  -29.170998999999998
 109    -51.479998999999999  91.502897000000004  -33.25
 110    -59.916100999999998  98.706000000000003  -35.758000000000003
 111    -93.295000000000002  98.573901000000006  -10.782
 112    -85.496098000000003  100.497  -18.056000000000001
 113    -99.817097000000004  101.15789599999999  -16.836998999999999
 114    -41.902099  58.865003000000002  -64.000003000000007
 115    -49.641997000000003  63.867002999999997  -65.387100000000004
 116    -37.82  63.527003000000001  -66.634103999999994
 117    123.08590100000001  -11.472999  28.752001
 118    116.90589799999999  -12.104998999999999  22.635901
 119    112.35089600000001  -6.1360999999999999  27.649000000000001
 120    -22.941001  -34.618098000000003  -44.520099000000002
 121    -21.416999000000001  -29.983999000000001  -37.759996999999998
 122    -21.972999000000002  -37.848998000000002  -41.446998999999998
 123    -90.740994000000001  -68.227001000000001  -10.403
 124    -89.232101999999998  -60.332101000000002  -5.3230000000000004
 125    -87.967105000000004  -71.329102000000006  -5.093
 126    7.4089  -52.32  -31.486999000000001
 127    7.1900000000000004  -47.570999999999998  -25.998000000000001
 128    3.9700000000000002  -47.069099000000001  -27.722999000000002
 129    60.618899999999996  9.2360000000000007  62.0839
 130    62.755004  14.520001000000001  60.506000999999998
 131    53.679999000000002  15.390000000000001  56.553001999999999
 132    31.336002000000001  20.263000999999999  20.603999000000002
 133    36.221001000000001  21.009  26.433
 134    33.936999999999998  19.908999999999999  19.385000999999999
 135    106.126897  -9.8059999999999992  23.309000000000001
 136    99.790998000000002  -15.124000000000001  21.787998999999999
 137    96.496999000000002  -10.539  25.374998999999999
 138    -47.456100999999997  -37.305999999999997  -43.355998
 139    -50.937100999999998  -44.863000999999997  -45.668996999999997
 140    -47.529001000000001  -40.192101000000001  -39.161999000000002
 141    83.083004000000003  -22.893999000000001  38.640900999999999
 142    79.263902999999999  -18.292000999999999  39.847000999999999
 143    85.080005  -18.402999000000001  32.753999999999998
 144    -107.92610000000001  70.184900999999996  29.02
 145    -105.943099  76.346002999999996  21.974999
 146    -115.079105  78.905895000000001  21.631001000000001
 147    -92.671998000000002  -50.3521  -3.7509999999999999
 148    -91.195002000000002  -53.283099  0.75
 149    -26.719000000000001  -9.7539990000000003  -2.2829999999999999
 150    -24.531099999999999  -9.8179999999999996  -2.0920999999999998
 151    -25.302999  -11.065  -9.9190000000000005
 152    29.006001000000001  -16.347999000000002  -30.618099000000001
 153    30.847000000000001  -18.979099000000001  -29.646000000000001
 154    26.6599  -17.719999000000001  -22.583099000000001
 155    26.381900999999999  18.826000000000001  -33.507001000000002
 156    26.006  24.298901000000001  -40.787998999999999
 157    -23.768999000000001  -22.313001  -7.0359999999999996
 158    -25.024999000000001  -20.680999  -0.1351
 159    -26.079999000000001  -22.597999999999999  -6.9169999999999998
 160    33.546999  -22.135099  39.868001
 161    29.672001000000002  -22.632999000000002  40.846001000000001
 162    33.463999999999999  -27.646000000000001  47.499999000000003
 163    136.901006  -70.138998000000001  8.3019999999999996
 164    131.83200400000001  -75.546994999999995  14.231999999999999
 165    132.893011  -78.514002000000005  -1.665
 166    -115.297996  -31.188998000000002  -2.5760000000000001
 167    -115.37700100000001  -36.486998  3.4239999999999999
 168    -106.31610499999999  -33.436101000000001  -3.5920999999999998
 169    -89.038104000000004  30.728999999999999  52.006900000000002
 170    -93.281001000000003  36.595999999999997  49.499001
 171    -98.446995000000001  35.132899999999999  55.997002999999999
 172    -109.80310299999999  -50.737000999999999  21.922999999999998
 173    -112.637103  -46.369999999999997  15.781000000000001
 174    -121.321  -49.986998999999997  17.172001000000002
 175    5.8390000000000004  -138.102993  -27.042999999999999
 176    2.6869999999999998  -126.883104  -33.541097999999998
 177    8.9179999999999993  -129.168004  -26.702000000000002
 178    -36.222099999999998  21.009  -26.434099
 179    -33.937998  19.908999999999999  -19.385999000000002
 180    -31.337  20.263000999999999  -20.605
 181    -19.608999000000001  54.549899000000003  -30.937999000000001
 182    -14.873999  50.709899999999998  -28.361999999999998
 183    -15.568  56.789003000000001  -31.954999999999998
 184    86.346998999999997  27.617999999999999  -36.727100999999998
 185    90.514898000000002  27.34  -27.664000000000001
 186    -75.023099999999999  -16.763999999999999  59
 187    -82.587995000000006  -9.7070000000000007  64.557902999999996
 188    -85.014000999999993  -13.884  59.707999000000001
 189    23.106999999999999  26.881  -39.706099999999999
 190    25.465  31.541899000000001  -46.749099999999999
 191    -65.499999000000003  5.8758999999999997  38.813899999999997
 192    -62.946998000000001  8.0550010000000007  43.694901999999999
 193    -57.778998999999999  4.6699999999999999  40.950000000000003
 194    15.567  56.789003000000001  31.954001999999999
 195    16.300999999999998  63.006900000000002  36.055900000000001
 196    20.562899999999999  61.214998000000001  33.549900999999998
 197    -122.115999  -84.569997999999998  26.850902000000001
 198    -113.561995  -88.973999000000006  35.719003999999998
 199    -113.865994  -80.338999999999999  39.041001000000001
 200    -29.673100000000002  -22.632999000000002  -40.847099999999998
 201    -29.16  -29.093999  -47.794998
 202    -89.236096000000003  -55.933996999999998  5.2439
 203    -86.792000000000002  -58.299000999999997  9.6750000000000007
 204    -84.268995000000004  -65.377994999999999  4.0499999999999998
 205    26.489899999999999  -61.840097999999998  -64.385101000000006
 206    20.416001000000001  -54.776099000000002  -60.725000000000001
 207    30.711001  -57.250999  -63.988
 208    122.14600299999999  43.212000000000003  -51.159999999999997
 209    117.300004  34.396901999999997  -57.104100000000003
 210    110.080004  39.145000000000003  -56.077998000000001
 211    -75.950995000000006  62.332000999999998  -50.439
 212    -68.708099000000004  61.312001000000002  -52.631999999999998
 213    -67.529999000000004  59.656999999999996  -44.930998000000002
 214    -42.022998999999999  33.909902000000002  50.992998999999998
 215    -41.472099999999998  41.43  58.004002999999997
 216    -46.173099000000001  41.567999999999998  54.993000000000002
 217    -59.416998  60.228999999999999  -39.124999000000003
 218    -62.099997000000002  64.787998999999999  -31.298998999999998
 219    -65.209999999999994  60.875900000000001  -37.439998000000003
 220    4.2430000000000003  -32.756999  4.4649999999999999
 221    4.8330000000000002  -30.632000000000001  4.7169999999999996
 222    3.625  -32.715998999999996  11.800000000000001
 223    -120.83999799999999  -5.6399999999999997  -41.813999000000003
 224    -110.983104  1.5209999999999999  -38.680098999999998
 225    -113.34310499999999  1.167  -46.402099999999997
 226    -1.214  -36.467001000000003  35.389899999999997
 227    0.024  -39.648000000000003  34.000002000000002
 228    1.401  -34.659098999999998  27.353999999999999
 229    30.319901000000002  81.262  -65.566100000000006
 230    25.378900000000002  72.529897000000005  -60.203999000000003
 231    24.693999000000002  80.949894999999998  -60.659098999999998
 232    -27.784998999999999  -81.487998000000005  46.840899
 233    -96.650101000000006  42.686999  46.097901
 234    -89.959002999999996  35.629001000000002  41.832998000000003
 235    44.345002999999998  33.4589  -36.520999000000003
 236    43.609999000000002  30.562000000000001  -39.966999999999999
 237    47.455002  37.305000999999997  -43.355998
 238    43.347898999999998  -52.889999000000003  34.124001999999997
 239    42.339001000000003  -46.209000000000003  33.117998
 240    47.609000999999999  -50.340100999999997  36.716901
 241    67.528903  59.656999999999996  44.93
 242    61.112898999999999  58.568998999999998  46.302999999999997
 243    59.415999999999997  60.228999999999999  39.124999000000003
 244    111.651003  -71.373097999999999  -39.793998000000002
 245    118.57090100000001  -67.330100000000002  -32.306001000000002
 246    121.757001  -76.029003000000003  -30.743099999999998
 247    -10.0861  62.014899999999997  -44.249099000000001
 248    -9.077  59.381000999999998  -48.687998
 249    -14.073  66.692002000000002  -51.459997999999999
 250    35.006898999999997  53.554001999999997  61.319001
 251    45.344003000000001  55.562001000000002  59.227998999999997
 252    41.901000000000003  58.865003000000002  64.000003000000007
 253    -28.781099000000001  19.495000999999998  -21.726998999999999
 254    -27.542998999999998  19.628  -14.088998999999999
 255    -25.338000000000001  18.585999999999999  -14.698
 256    -27.388998999999998  -72.653002999999998  36.817003
 257    -31.684998  -68.955100999999999  34.1479
 258    -25.972999999999999  -65.305999999999997  34.265898
 259    56.221998999999997  98.319001  -37.270099000000002
 260    57.100999999999999  100.9169  -44.993099000000001
 261    54.549899000000003  110.66000200000001  -40.050998
 262    -22.469999000000001  -35.856999000000002  -32.561101000000001
 263    -25.053000000000001  -37.734099000000001  -30.094999999999999
 264    -25.034998999999999  -42.869999999999997  -34.704000000000001
 265    -0.45000000000000001  -145.57500200000001  24.909001
 266    7.5919999999999996  -142.09599800000001  33.576000000000001
 267    1.3959999999999999  -135.20398700000001  34.860998000000002
 268    -59.213101999999999  -3.5110000000000001  61.505999000000003
 269    47.435001  -9.8249999999999993  -26.018999999999998
 270    41.790998999999999  -8.5630000000000006  -22.146999999999998
 271    42.658999999999999  -11.785  -21.819998999999999
 272    -43.919998999999997  -70.565104000000005  -67.508100999999996
 273    -37.375998000000003  -81.431000999999995  -67.960002000000003
 274    -44.787998999999999  -81.431000999999995  -67.481100999999995
 275    53.867998999999998  -53.085997999999996  46.890900000000002
 276    56.105901000000003  -61.813999000000003  47.033000999999999
 277    52.444000000000003  -55.290098999999998  41.368901999999999
 278    -18.864999999999998  103.165999  10.081001000000001
 279    -22.962999  109.55589999999999  1.883
 280    -15.596  105.139904  5.5808999999999997
 281    -81.500000999999997  13.984  34.427999999999997
 282    -79.264998000000006  18.291  39.847000999999999
 283    -74.987002000000004  13.882999999999999  40.290999999999997
 284    -99.301100000000005  -5.7060000000000004  -66.651098000000005
 285    -92.747100000000003  5.5570000000000004  -64.524099000000007
 286    -89.655995000000004  -0.23710000000000001  -67.652099000000007
 287    21.498999999999999  -18.018998  25.246901000000001
 288    20.088999999999999  -20.552098999999998  24.326000000000001
 289    21.270900999999999  -23.263999999999999  32.160901000000003
 290    -97.782999000000004  -29.855  -15.773
 291    -93.512102999999996  -35.916100999999998  -20.726998999999999
 292    -92.320003  -31.708099000000001  -24.386997999999998
 293    -37.417999999999999  4.2960000000000003  -24.590098999999999
 294    -39.951999000000001  5.9329999999999998  -23.118998999999999
 295    -43.814  3.6400000000000001  -28.434999000000001
 296    116.771005  55.513002  -44.432997999999998
 297    114.165999  47.237898999999999  -50.729100000000003
 298    106.05  49.221001999999999  -47.481999000000002
 299    56.215901000000002  91.933898999999997  -56.251998999999998
 300    58.612898000000001  80.543897999999999  -51.569997999999998
 301    56.282001999999999  80.949894999999998  -58.610100000000003
 302    22.402000000000001  -31.559999999999999  26.645001000000001
 303    22.468900000000001  -35.856999000000002  32.560001999999997
 304    20.736000000000001  -29.163999  28.613999
 305    113.04490300000001  -59.792000999999999  -31.303000000000001
 306    117.771007  -55.257998000000001  -24.350999000000002
 307    124.274001  -62.153998999999999  -24.351998999999999
 308    -48.140999000000001  -59.764001999999998  -63.806995999999998
 309    -45.111998999999997  -50.097099999999998  -61.548999999999999
 310    -42.029001000000001  -60.273997000000001  -66.097095999999993
 311    -16.993998999999999  -94.737001000000006  -51.277999000000001
 312    -17.622  -105.329104  -54.849997000000002
 313    -20.857099000000002  -97.609103000000005  -57.933996999999998
 314    -136.95000099999999  -41.388097999999999  -36.001001000000002
 315    -132.43699100000001  -47.371000000000002  -41.222099
 316    -138.94599700000001  -51.244999999999997  -27.369
 317    -33.994  -17.594000000000001  37.670999999999999
 318    -32.645099000000002  -14.071999  38.465001000000001
 319    -38.454000000000001  -14.932999000000001  45.369900999999999
 320    -26.674001000000001  -15.08  -25.611098999999999
 321    -29.652999999999999  -15.119999999999999  -24.997
 322    -27.013999999999999  -12.7371  -17.611999000000001
 323    30.711001  57.250000999999997  63.986896999999999
 324    26.489899999999999  61.838999000000001  64.384005999999999
 325    20.416001000000001  54.775002999999998  60.723900999999998
 326    -127.254993  13.218000999999999  36.187001000000002
 327    -128.775001  17.072901000000002  43.811999
 328    -134.30999199999999  25.951000000000001  37.048000999999999
 329    78.225896000000006  -20.452998999999998  46.730898000000003
 330    73.323898  -15.946999  46.622000999999997
 331    -102.63509999999999  -0.2021  63.069001
 332    -99.301100000000005  5.7049000000000003  66.650002999999998
 333    -108.35809999999999  12.324001000000001  64.194902999999996
 334    -70.0261  -20.725999000000002  46.603999999999999
 335    -77.204100999999994  -18.843999  53.346998999999997
 336    -78.695998000000003  -18.587999  47.104000999999997
 337    -104.414098  24.395  13.324
 338    -114.291102  25.787001  8.3309999999999995
 339    -105.70999999999999  28.968001000000001  8.5809999999999995
 340    37.041001000000001  22.878001000000001  -38.006999
 341    39.624001999999997  24.753900000000002  -35.542000000000002
 342    35.755999000000003  19.965  -30.160999
 343    -49.569997999999998  76.613895999999997  -29.344999999999999
 344    -43.585996999999999  74.647002000000001  -31.629000000000001
 345    -46.377997999999998  83.094999000000001  -31.667002
 346    16.908000999999999  59.109001999999997  59.323002000000002
 347    12.005000000000001  51.777898999999998  54.9739
 348    -77.413104000000004  9.7059999999999995  35.441004
 349    25.360001  -144.60699299999999  2.407
 350    34.591898  -133.25199499999999  5.6500000000000004
 351    33.000900999999999  -140.602991  11.218
 352    32.853997999999997  -43.665100000000002  30.465900999999999
 353    37.865001999999997  -48.423997999999997  32.188899999999997
 354    32.991  -49.625002000000002  32.921999999999997
 355    -17.827000000000002  -69.260097999999999  41.082002000000003
 356    -21.619  -68.038099000000003  36.893003
 357    -16.302098999999998  -63.008003000000002  36.055900000000001
 358    65.208896999999993  60.875900000000001  37.438898999999999
 359    38.180000999999997  -6.4001000000000001  -44.470101999999997
 360    37.727001999999999  -10.621999000000001  -45.536999000000002
 361    32.417901000000001  -10.226000000000001  -38.313001
 362    13.817  -101.151101  48.4589
 363    10.031000000000001  -106.859103  44.7849
 364    13.542999999999999  -112.314105  50.735999
 365    -103.934996  -91.745101000000005  43.825999000000003
 366    -104.91110399999999  -83.162098999999998  46.611901000000003
 367    -102.830105  42.055  52.213999999999999
 368    -106.051102  49.221001999999999  47.480899999999998
 369    94.980001000000001  9.8620000000000001  59.103999000000002
 370    102.634005  0.20100000000000001  63.069001
 371    104.629897  4.6909000000000001  57.181899000000001
 372    30.395001000000001  -12.002000000000001  2.1709999999999998
 373    31.321999000000002  -13.973000000000001  1.8838999999999999
 374    32.105899999999998  -11.928099  -4.7370000000000001
 375    -46.173099000000001  -41.569099000000001  -54.993997999999998
 376    -45.520999000000003  -35.102099000000003  -47.512098999999999
 377    -42.022998999999999  -33.911000999999999  -50.994000999999997
 378    -60.766998999999998  8.0429999999999993  49.219000999999999
 379    -55.110101  4.9909999999999997  45.667901999999998
 380    30.065000000000001  80.050006999999994  40.654901000000002
 381    27.784001  81.486902999999998  46.840899
 382    35.130001999999998  87.042897999999994  45.568998999999998
 383    29.503001000000001  -13.404999999999999  17.090900000000001
 384    31.495999999999999  -14.938000000000001  16.322901000000002
 385    29.628001000000001  -12.468999999999999  9.4700000000000006
 386    -57.645999000000003  -89.316100000000006  -41.189
 387    -53.945000999999998  -87.721102000000002  -34.438997999999998
 388    -54.729998000000002  -79.700001  -37.479999999999997
 389    -6.9671000000000003  -43.076999000000001  20.673000999999999
 390    -3.8690000000000002  -39.745998  15.614000000000001
 391    -3.9249999999999998  -43.213099  21.638000000000002
 392    -20.039000000000001  14.996001  9.0030000000000001
 393    -19.594999000000001  18.582999999999998  16.376999999999999
 394    -20.392999  16.194900000000001  17.131900000000002
 395    -32.699100999999999  -84.540098999999998  -28.340098999999999
 396    -25.847999000000002  -84.555998000000002  -32.058999
 397    104.413003  -24.396000000000001  13.324
 398    105.70889699999999  -28.968999  8.5809999999999995
 399    97.781897000000001  -29.855  15.772
 400    -52.785001999999999  -16.021999000000001  30.381
 401    -46.723998999999999  -17.254999000000002  27.249001
 402    -51.220100000000002  -19.512  32.521900000000002
 403    38.936999  20.100000999999999  24.683001000000001
 404    45.882899000000002  127.955005  -27.222999999999999
 405    50.351999999999997  114.918903  -26.774999000000001
 406    50.796002000000001  119.761005  -34.097098000000003
 407    36.887999999999998  -28.261998999999999  24.645001000000001
 408    37.820901999999997  -25.274999000000001  26.253900999999999
 409    40.675901000000003  -30.629000000000001  30.340001000000001
 410    -30.227  74.000000999999997  -64.261100999999996
 411    -22.986999000000001  66.620000000000005  -62.450099999999999
 412    -33.720101999999997  68.843000000000004  -66.724001999999999
 413    -77.429101000000003  -68.930097000000004  12.978999999999999
 414    -76.454103000000003  -77.513098999999997  10.194000000000001
 415    -80.775097000000002  -75.984098000000003  5.2769000000000004
 416    -12.622  -63.291103  39.811999
 417    -10.0861  -62.015999000000001  44.247999999999998
 418    -15.179  -68.788104000000004  46.195898
 419    -32.423999000000002  -37.979998000000002  -27.256999
 420    -36.090097999999998  -36.313001  -27.314
 421    -37.160001999999999  -42.215998999999996  -30.173999999999999
 422    29.158999999999999  29.093001000000001  -47.794998
 423    29.672001000000002  22.631900000000002  -40.847099999999998
 424    -30.675000000000001  -18.153998999999999  -1.0629999999999999
 425    -31.344000000000001  -18.666999000000001  -7.8319999999999999
 426    -30.177999  -20.625001000000001  -7.3490000000000002
 427    -40.250998000000003  -18.680098999999998  43.993000000000002
 428    -36.265000999999998  -20.257000000000001  36.048900000000003
 429    119.593002  91.648004999999998  21.225000000000001
 430    122.114897  84.569000000000003  26.850902000000001
 431    127.05300699999999  85.765898000000007  11.59
 432    121.930003  90.597898000000001  5.2508999999999997
 433    -31.777999999999999  -32.699100999999999  -23.300000000000001
 434    70.358998999999997  9.7320010000000003  -39.951999000000001
 435    72.892897000000005  5.6360000000000001  -35.749099999999999
 436    77.412002000000001  9.7059999999999995  -35.442098999999999
 437    45.069001999999998  -91.143996000000001  -57.970098999999998
 438    36.026001000000001  -85.060998999999995  -59.452001000000003
 439    47.859001999999997  -87.133101999999994  -63.713104000000001
 440    8.2180009999999992  -31.844000999999999  -9.3149999999999995
 441    7.3879999999999999  -34.097999000000002  -9.0749999999999993
 442    10.276  -35.223998000000002  -15.343999
 443    53.679999000000002  -15.391  -56.554101000000003
 444    51.970999999999997  -10.363  -57.611998
 445    60.618899999999996  -9.2370990000000006  -62.084999000000003
 446    14.435001  120.760001  17.84
 447    6.6970000000000001  112.36099900000001  19.172001999999999
 448    10.933999999999999  112.833001  13.936999999999999
 449    27.541899999999998  -19.629000000000001  -14.088998999999999
 450    28.780000000000001  -19.496099999999998  -21.726998999999999
 451    31.336002000000001  -20.263999999999999  -20.605
 452    53.789000999999999  -106.920995  32.442
 453    54.549899000000003  -110.66110399999999  40.049899000000003
 454    50.796002000000001  -119.7621  34.095998999999999
 455    -114.496104  -41.583098  9.5779999999999994
 456    -105.40299899999999  -41.862997999999997  6.859
 457    48.139899999999997  -59.764001999999998  63.805900999999999
 458    45.111001000000002  -50.097099999999998  61.548001999999997
 459    42.027901999999997  -60.273997000000001  66.096000000000004
 460    79.767898000000002  4.0510000000000002  67.194000000000003
 461    72.485997999999995  12.668001  63.201897000000002
 462    69.982997999999995  7.1788999999999996  65.315999000000005
 463    -72.680100999999993  -15.583999  -53.466000000000001
 464    -80.167002999999994  -17.409099000000001  -60.644100999999999
 465    -73.149100000000004  -12.847999  -59.783101000000002
 466    -62.945000999999998  -1.6399999999999999  34.133899999999997
 467    -57.728101000000002  -4.7569999999999997  32.186999999999998
 468    -64.653002000000001  -6.6669999999999998  33.075999000000003
 469    38.560003000000002  -80.936998000000003  -64.693100999999999
 470    -1.6391  105.554998  2.2530000000000001
 471    -8.7939989999999995  107.313007  -3.75
 472    1.6379999999999999  105.554998  -2.254
 473    39.903902000000002  134.98100600000001  -19.548099000000001
 474    33.000900999999999  140.60200800000001  -11.218999999999999
 475    40.665000999999997  128.28300899999999  -13.268000000000001
 476    -92.575997000000001  6.0720000000000001  28.446999999999999
 477    -96.498102000000003  10.538  25.374998999999999
 478    -88.415101000000007  12.496  29.173901000000001
 479    -23.029  46.236001000000002  42.840000000000003
 480    -21.972999000000002  37.847898999999998  41.445900000000002
 481    -22.708998999999999  40.747002000000002  37.999999000000003
 482    2.4569999999999999  -24.702000000000002  -3.6099999999999999
 483    0.29599999999999999  -24.466000000000001  -4.0640999999999998
 484    -0.29699999999999999  -24.466000000000001  4.0629999999999997
 485    44.786900000000003  -81.431000999999995  67.480005000000006
 486    51.424897999999999  -81.263103000000001  64.194902999999996
 487    50.316001999999997  -70.236996000000005  64.704001000000005
 488    25.408999999999999  41.008901000000002  39.686999999999998
 489    23.145900999999999  39.097000000000001  43.386001
 490    19.270900999999999  35.861902000000001  37.374001
 491    -0.93200000000000005  -36.389001  -10.504
 492    -2.6520000000000001  -34.838099  -11.182999000000001
 493    -0.93100000000000005  -38.049000999999997  -17.441998999999999
 494    25.298000999999999  -15.209  -23.039000000000001
 495    23.658999999999999  -16.7531  -15.071999
 496    20.811001000000001  -80.107100000000003  46.567
 497    20.936001000000001  -85.180998000000002  38.077897999999998
 498    18.7089  -86.319997999999998  45.480899999999998
 499    116.488896  19.988  -60.331099000000002
 500    120.281897  13.928001  -55.985101
 501    111.91990199999999  6.3259999999999996  -60.210999000000001
 502    -62.756098999999999  -14.521000000000001  60.506000999999998
 503    -69.984100999999995  -7.1799999999999997  65.315999000000005
 504    -35.556998  61.327900999999997  65.899997999999997
 505    -30.424001000000001  71.805000000000007  65.070897000000002
 506    -36.936101000000001  71.114897999999997  67.637004000000005
 507    -35.905000000000001  -64.365998000000005  33.751900999999997
 508    -37.590998999999996  -72.084001999999998  33.25
 509    -41.689999  -66.768996000000001  33.158999000000001
 510    -26.184999999999999  -44.009  36.104000999999997
 511    -31.181000000000001  -46.770099999999999  39.859000999999999
 512    -25.41  -41.009999999999998  39.686999999999998
 513    -57.102099000000003  -100.918002  -44.993099000000001
 514    -58.444097999999997  -90.794995  -48.848998000000002
 515    -33.355001000000001  -6.6430999999999996  37.234999000000002
 516    -38.180999  -6.4001000000000001  44.469003000000001
 517    -32.418999999999997  -10.226000000000001  38.311999
 518    -91.810993999999994  -53.758997000000001  16.180900999999999
 519    -94.360097999999994  -51.103099999999998  11.583
 520    42.027901999999997  60.272899000000002  -66.097095999999993
 521    35.555898999999997  61.327900999999997  -65.901100999999997
 522    36.935001999999997  71.114897999999997  -67.638098999999997
 523    -90.961001999999993  37.084899999999998  31.037998999999999
 524    -92.249996999999993  41.653900999999998  27.436001000000001
 525    -94.190098000000006  46.198003  34.875002000000002
 526    21.617999000000001  -68.038099000000003  -36.894101999999997
 527    17.826000000000001  -69.260097999999999  -41.083100999999999
 528    23.672999999999998  -74.894993999999997  -41.350000000000001
 529    -31.420998000000001  -16.132999000000002  -1.4961
 530    -31.323001000000001  -13.973000000000001  -1.885
 531    43.715000000000003  98.760999999999996  -21.855
 532    38.389899  90.609998000000004  -24.233999000000001
 533    46.096998999999997  92.738896999999994  -26.035
 534    -46.840097999999998  -109.464996  -20.824000000000002
 535    -45.954000000000001  -122.1091  -20.350100000000001
 536    -42.960997999999996  -115.47210099999999  -15
 537    -9.8770000000000007  -41.833098999999997  20.259
 538    -10.638999999999999  -46.819097999999997  24.936001999999998
 539    45.181899999999999  61.610999999999997  35.623002999999997
 540    41.688899999999997  66.767900999999995  33.158999000000001
 541    47.476998999999999  68.652004000000005  31.8719
 542    21.103000000000002  75.344003999999998  47.056897999999997
 543    15.178001  68.787001000000004  46.195898
 544    20.068999000000002  73.927999  53.070898999999997
 545    -96.349001000000001  -25.625  -19.719999000000001
 546    -90.516001000000003  -27.340999  -27.664000000000001
 547    -94.310001  -21.282  -23.317
 548    -116.77209999999999  -55.514000000000003  -44.432997999999998
 549    -126.783997  -61.473000999999996  -36.347099
 550    -125.35099700000001  -52.332099999999997  -44.181998999999998
 551    20.562899999999999  -61.216000000000001  -33.551000000000002
 552    25.971999  -65.305999999999997  -34.266997000000003
 553    23.811001000000001  16.097000000000001  -25.698001000000001
 554    24.408999999999999  13.031000000000001  -17.802098999999998
 555    22.082999000000001  14.246  -17.632999000000002
 556    71.955003000000005  89.977897999999996  61.770901000000002
 557    57.942003  92.306897000000006  61.318002999999997
 558    -23.053000000000001  -11.657999999999999  -9.8100989999999992
 559    114.495002  -41.583098  -9.5791000000000004
 560    123.629898  -44.144100999999999  -9.9220000000000006
 561    112.636  -46.369999999999997  -15.782
 562    -131.42000100000001  49.152900000000002  -7.8369999999999997
 563    -123.630993  44.143002000000003  -9.9220000000000006
 564    -132.70199299999999  41.764899999999997  0.34399999999999997
 565    -45.513100999999999  15.454001  -51.459000000000003
 566    -40.250998000000003  18.678999999999998  -43.993997999999998
 567    -38.454000000000001  14.932  -45.371000000000002
 568    -95.138997000000003  12.130000000000001  67.375898000000007
 569    -86.180999999999997  6.6329000000000002  68.011999000000003
 570    -82.847998000000004  12.663  65.551005000000004
 571    46.171999999999997  41.567999999999998  -54.993997999999998
 572    41.471001000000001  41.43  -58.005102000000001
 573    -77.643000000000001  86.525998999999999  -10.180999999999999
 574    -87.387100000000004  92.883005999999995  -6.4591000000000003
 575    37.491999999999997  33.916902  -53.276099000000002
 576    37.721001000000001  27.415002000000001  -45.910001000000001
 577    -86.990996999999993  -63.036002000000003  -0.61199999999999999
 578    -98.594099  -41.492100999999998  -2.5070000000000001
 579    -93.665101000000007  -47.145097999999997  -8.2111000000000001
 580    -2.3681000000000001  -35.949100000000001  -18.5
 581    -3.625  -32.715998999999996  -11.801
 582    -2.8359999999999999  -33.398997000000001  -19.437999999999999
 583    121.319897  -49.986998999999997  -17.173100000000002
 584    109.80200000000001  -50.737000999999999  -21.923999999999999
 585    103.860997  -45.7271  -12.173999999999999
 586    105.402  -41.862997999999997  -6.8601000000000001
 587    -4.3559999999999999  -25.763999999999999  3.1579000000000002
 588    -5.7020999999999997  -27.489100000000001  2.7789999999999999
 589    110.982001  -1.522  -38.680098999999998
 590    103.650004  -7.0110999999999999  -42.284998999999999
 591    113.34200199999999  -1.1679999999999999  -46.402099999999997
 592    -90.962000000000003  103.32800400000001  -24.746998999999999
 593    -77.191100000000006  101.135001  -24.712
 594    -138.19999999999999  -35.292000000000002  -29.316998999999999
 595    -140.27298999999999  -44.819999000000003  -20.774999999999999
 596    -135.99899400000001  -30.011997999999998  -22.187099
 597    -123.388097  -28.535999  -55.132002
 598    -128.77699699999999  -37.751998999999998  -48.713099
 599    -133.04899599999999  -31.690999999999999  -43.756999
 600    -26.771000000000001  -8.3529999999999998  5.3150000000000004
 601    -27.659998999999999  -7.0450999999999997  12.936999999999999
 602    -24.600100000000001  -8.7819990000000008  5.7908999999999997
 603    102.829002  -42.055998000000002  52.213999999999999
 604    93.279898000000003  -36.597099  49.499001
 605    96.648999000000003  -42.688001  46.097901
 606    -32.161000999999999  18.846001000000001  -12.547000000000001
 607    -29.939  19.718900000000001  -13.332000000000001
 608    27.395001000000001  61.706003000000003  -39.280999000000001
 609    31.187901  67.952006999999995  -35.727099000000003
 610    26.367000999999998  67.836895999999996  -40.153001000000003
 611    20.857001  -97.609103000000005  57.932898000000002
 612    17.620999000000001  -105.329104  54.847900000000003
 613    23.888901000000001  -109.308995  59.047001999999999
 614    -37.493099000000001  33.916902  53.274999999999999
 615    51.562902000000001  -0.27100000000000002  -54.249099999999999
 616    -106.21810000000001  -37.749997999999998  1.5800000000000001
 617    -68.179101000000003  11.81  45.603000000000002
 618    -78.226997999999995  20.451899999999998  46.730898000000003
 619    -78.543000000000006  20.141999999999999  54.034002000000001
 620    -73.324993000000006  15.946001000000001  46.622000999999997
 621    -41.792001999999997  -8.5630000000000006  22.145900999999999
 622    -46.085000000000001  -6.3029999999999999  26.812899999999999
 623    -39.951999000000001  -5.9340999999999999  23.117999999999999
 624    -54.694101000000003  -56.909098999999998  46.796000999999997
 625    -54.384999000000001  -57.069997999999998  53.963002000000003
 626    -47.625002000000002  -54.125  53.040999999999997
 627    -112.35199900000001  -6.1360999999999999  -27.650001
 628    -101.865999  -4.8140999999999998  -27.302098999999998
 629    -106.954105  -0.57809999999999995  -31.973001
 630    135.997996  -30.011997999999998  22.186
 631    137.988001  -38.798101000000003  14.057
 632    130.682006  -26.350999000000002  15.692000999999999
 633    -24.753098999999999  40.226000999999997  50.629998999999998
 634    -28.146000999999998  37.333902000000002  53.076900999999999
 635    -25.465999  31.541899000000001  46.748001000000002
 636    -50.715997999999999  -3.7431000000000001  30.856999999999999
 637    -55.564999999999998  -0.86509999999999998  34.232999999999997
 638    -48.120998  -1.1339999999999999  33.233001999999999
 639    -25.531099999999999  -9.5579999999999998  22.552
 640    -29.684999999999999  -6.8819999999999997  29.572001
 641    -28.378999  -9.8031000000000006  30.579001000000002
 642    25.086001  -33.071998999999998  24.943999999999999
 643    22.565000000000001  -27.847100000000001  20.367999999999999
 644    -55.151100999999997  -70.180997000000005  -59.652999000000001
 645    -56.283101000000002  -80.950997999999998  -58.610100000000003
 646    115.375899  36.485999999999997  3.4239999999999999
 647    106.217004  37.749000000000002  1.5800000000000001
 648    106.31500200000001  33.435001999999997  -3.5920999999999998
 649    -4.2439999999999998  -32.756999  -4.4661
 650    13.409001  -31.576999000000001  -32.993997999999998
 651    15.911  -33.259000999999998  -30.865998999999999
 652    19.270900999999999  -35.862997  -37.374999000000003
 653    -33.507998999999998  76.747  -35.882998000000001
 654    -30.065999999999999  80.050006999999994  -40.655996999999999
 655    -36.903001000000003  84.598899000000003  -39.042000000000002
 656    97.738899000000004  -44.944099999999999  -2.1789999999999998
 657    91.194004000000007  -53.283099  -0.751
 658    92.670895000000002  -50.3521  3.75
 659    -124.16999800000001  -78.625998999999993  -18.913999
 660    -117.224999  -71.598000999999996  -29.695999
 661    -115.079105  -78.906998000000002  -21.632000999999999
 662    19.739899999999999  38.557898000000002  46.638001000000003
 663    27.635000999999999  42.860000999999997  48.733002999999997
 664    23.395  -20.656998999999999  33.199998999999998
 665    26.381900999999999  -18.826999000000001  33.506002000000002
 666    23.811001000000001  -16.097999999999999  25.696999999999999
 667    -50.272996999999997  47.520000000000003  40.770899999999997
 668    -50.936098999999999  44.861902000000001  45.667901999999998
 669    -53.868997999999998  53.084899  46.890900000000002
 670    -1.798  25.09  4.4470000000000001
 671    -3.5099999999999998  26.482001  4.7080000000000002
 672    -4.3559999999999999  25.763000999999999  -3.1589999999999998
 673    21.666  -16.295998999999998  -7.3179999999999996
 674    22.937901  -18.167998999999998  -7.3099999999999996
 675    21.349001999999999  -18.431000000000001  0.246
 676    36.901999000000004  -84.600002000000003  -39.042000000000002
 677    30.065000000000001  -80.051102  -40.655996999999999
 678    35.130001999999998  -87.044000999999994  -45.570000999999998
 679    5.7169999999999996  -111.70899900000001  40.366999999999997
 680    8.7100000000000009  -118.34710099999999  45.715000000000003
 681    32.290998999999999  16.2089  -23.952000000000002
 682    -28.146000999999998  -37.335000999999998  -53.078000000000003
 683    35.306901000000003  -3.8660000000000001  -35.397998999999999
 684    37.980899000000001  -2.3220999999999998  -33.081099000000002
 685    42.185001  -0.68410000000000004  -39.442100000000003
 686    -8.2189999999999994  -31.844000999999999  9.3140000000000001
 687    -7.3890000000000002  -34.097999000000002  9.0740010000000009
 688    -10.277100000000001  -35.223998000000002  15.343
 689    -13.055999999999999  -97.412102000000004  -40.8521
 690    -16.114999999999998  -92.138097000000002  -43.555100000000003
 691    -18.358000000000001  -90.208098000000007  -35.939999
 692    -6.4981  39.082999999999998  -15.124000000000001
 693    -3.8690000000000002  39.744898999999997  -15.614998999999999
 694    -6.9671000000000003  43.076000999999998  -20.673999999999999
 695    52.360002000000001  -95.446995999999999  30.611001000000002
 696    49.984000999999999  -102.74299999999999  26.052
 697    46.096998999999997  -92.739998999999997  26.034001
 698    -58.055098999999998  18.437000000000001  -34.971099000000002
 699    -51.220100000000002  19.510901  -32.522998999999999
 700    -56.055098999999998  21.34  -38.396000999999998
 701    45.344003000000001  -55.562998999999998  -59.229098
 702    38.722000999999999  -51.311101999999998  -56.786999000000002
 703    47.623998999999998  -54.125  -53.041998
 704    -113.670997  -1.589  -53.963099
 705    -104.988001  7.0830000000000002  -49.883999000000003
 706    -104.630999  4.6909000000000001  -57.182997
 707    98.623998  -33.930101000000001  11.542999999999999
 708    94.152004000000005  -43.661999999999999  12.567
 709    94.111896999999999  -39.911999999999999  16.763000000000002
 710    0.88700000000000001  25.231999999999999  12.204001
 711    3.2429999999999999  25.059000000000001  11.708
 712    4.1468999999999996  26.266999999999999  19.843900999999999
 713    -19.507999000000002  87.801001999999997  53.140900999999999
 714    -16.993998999999999  94.736001999999999  51.277000000000001
 715    -20.857099000000002  97.608000000000004  57.932898000000002
 716    1.845  -105.949  17.680900000000001
 717    -1.734  -107.047997  13.130000000000001
 718    -6.6980000000000004  -112.361997  19.172001999999999
 719    12.621  63.289999999999999  39.811999
 720    17.826000000000001  69.259003000000007  41.082002000000003
 721    -96.349001000000001  25.624001  19.718900000000001
 722    -102.435999  19.760901  17.746901000000001
 723    -30.901  -44.278998000000001  -58.493997999999998
 724    -28.375  -54.384000999999998  -60.153998000000001
 725    -33.463101999999999  -52.32  -62.817104
 726    -103.721097  -74.149101999999999  46.624999000000003
 727    -100.544997  -66.078103999999996  43.866000999999997
 728    -111.65209900000001  -71.373097999999999  39.792898999999998
 729    -89.655995000000004  0.2339  67.651004
 730    -92.747100000000003  -5.5580999999999996  64.523004
 731    -73.333099000000004  70.096001000000001  -17.122
 732    -76.454103000000003  77.512003000000007  -10.195
 733    -77.429101000000003  68.929001999999997  -12.979998999999999
 734    -29.711998999999999  -62.770097999999997  -63.248097999999999
 735    -36.186098999999999  -73.492996000000005  -32.375999
 736    -31.188998000000002  -67.953102000000001  -35.727099000000003
 737    -37.301000000000002  -67.443102999999994  -33.438001
 738    45.730899999999998  -43.318100000000001  35.567000999999998
 739    50.271898999999998  -47.520999000000003  40.770899999999997
 740    -50.353099  114.918903  26.774000000000001
 741    -49.985100000000003  102.74189699999999  26.052
 742    -53.790100000000002  106.9199  32.442
 743    53.236902000000001  11.800000000000001  29.312901
 744    47.659002000000001  13.67  26.172001000000002
 745    52.783999999999999  16.020902  30.381
 746    61.512999000000001  22.020001000000001  45.019001000000003
 747    58.844000000000001  21.699999999999999  49.736902000000001
 748    67.845001999999994  20.738  52.126899000000002
 749    23.427  58.894998999999999  -50.202001000000003
 750    24.850000000000001  56.693002999999997  -55.723998999999999
 751    23.975901  49.647900999999997  -51.847099999999998
 752    -134.30999199999999  -25.952000000000002  -37.048999000000002
 753    -132.37199200000001  -21.409099999999999  -29.608000000000001
 754    38.389899  -90.611099999999993  24.232900000000001
 755    30.413  -89.379996000000006  25.482900000000001
 756    32.698002000000002  -84.540098999999998  28.338999999999999
 757    -80.819100000000006  -94.598003000000006  12.9399
 758    -85.496098000000003  -100.498103  18.054998999999999
 759    -93.295000000000002  -98.574995999999999  10.781000000000001
 760    -82.989000000000004  -84.950000000000003  4.5259999999999998
 761    31.861000000000001  4.8090000000000002  28.079901
 762    29.684000000000001  6.8810000000000002  29.572001
 763    27.089002000000001  7.2800000000000002  21.680900999999999
 764    -3.589  -33.721100999999997  36.014899999999997
 765    -0.0089999999999999993  -31.900998000000001  28.138000999999999
 766    -2.3460000000000001  -29.7361  28.340001000000001
 767    -68.038099000000003  1.8380000000000001  35.319000000000003
 768    -60.529998999999997  2.3420000000000001  36.897900999999997
 769    24.753900000000002  54.395001000000001  -41.954000000000001
 770    24.319900000000001  60.654901000000002  -44.429101000000003
 771    23.315000999999999  52.305002000000002  -46.950097999999997
 772    56.105901000000003  61.812899999999999  -47.034100000000002
 773    53.950999000000003  63.340001000000001  -40.993098000000003
 774    52.444000000000003  55.289000000000001  -41.370001000000002
 775    32.904901000000002  19.559000000000001  -14.525
 776    31.648002999999999  16.426998999999999  -8.4049999999999994
 777    95.060900000000004  51.286898999999998  -30.577998999999998
 778    100.376897  54.948999999999998  -37.071001000000003
 779    94.189003  46.198003  -34.875999999999998
 780    -26.604998999999999  107.02500499999999  6.9409000000000001
 781    3.7008999999999999  30.349001000000001  -12.266
 782    2.835  33.397897999999998  -19.437999999999999
 783    3.625  32.715000000000003  -11.801
 784    53.236902000000001  -11.801  -29.313998000000002
 785    47.659002000000001  -13.670999999999999  -26.173100000000002
 786    -50.956099999999999  63.174903  -34.841000999999999
 787    -47.478098000000003  68.652004000000005  -31.872999
 788    -53.168996999999997  69.994003000000006  -29.948
 789    44.077899000000002  88.444902999999996  36.555900999999999
 790    36.901999000000004  84.598899000000003  39.041001000000001
 791    43.021898999999998  91.855003999999994  43.271898999999998
 792    -122.14710599999999  -43.213099  -51.159999999999997
 793    -117.30109899999999  -34.397996999999997  -57.104100000000003
 794    -115.297996  31.187901  2.5750000000000002
 795    24.850000000000001  -56.694999000000003  55.722900000000003
 796    28.374001  -54.384000999999998  60.152898999999998
 797    26.640999999999998  -46.832099999999997  55.899999999999999
 798    30.006001000000001  103.829004  -11.775
 799    25.02  97.435899000000006  -18.438998999999999
 800    33.130001  100.001901  -16.312999999999999
 801    -115.37700100000001  36.485999999999997  -3.4249999999999998
 802    -106.31610499999999  33.435001999999997  3.5910000000000002
 803    -20.667000000000002  -25.868998999999999  -21.687100000000001
 804    -22.565999999999999  -27.847100000000001  -20.368998999999999
 805    -22.402999999999999  -31.559999999999999  -26.645999
 806    37.360999999999997  109.052002  -11.99
 807    36.568998999999998  -49.567100000000003  -42.870998
 808    35.963003  -52.965100999999997  -38.263100999999999
 809    41.665002999999999  -55.340997999999999  -39.659998999999999
 810    -42.098000999999996  -21.576098999999999  31.402901
 811    -39.1111  -21.656099999999999  33.847901999999998
 812    -45.840099000000002  -22.361999000000001  38.603999000000002
 813    -44.346102000000002  -33.459999000000003  -36.520999000000003
 814    124.168903  -78.625998999999993  18.913001000000001
 815    126.385003  -70.335001000000005  27.850000000000001
 816    117.223904  -71.598000999999996  29.694900000000001
 817    108.357005  12.324001000000001  -64.195998000000003
 818    86.677000000000007  -30.375  44.285901000000003
 819    89.957997000000006  -35.630099000000001  41.832998000000003
 820    -108.626999  -63.487000999999999  -35.729098999999998
 821    -108.001001  -56.431998  -41.937097999999999
 822    -100.377999  -54.950099000000002  -37.071001000000003
 823    -96.933000000000007  -0.109  -30.684999999999999
 824    -92.575997000000001  -6.0730000000000004  -28.448001000000001
 825    -32.292000999999999  -16.209999  -23.952000000000002
 826    -35.757001000000002  -19.965999  -30.160999
 827    -34.189999  -18.187999999999999  -22.632999000000002
 828    -99.036105000000006  48.854000999999997  41.914999000000002
 829    -100.377999  54.948999999999998  37.069901999999999
 830    -108.001001  56.430902000000003  41.936002999999999
 831    63.695900000000002  -20.285999  -40.348998999999999
 832    65.058902000000003  -16.757999000000002  -36.439999999999998
 833    58.054000000000002  -18.437999999999999  -34.971099000000002
 834    24.751999999999999  40.226000999999997  -50.631098000000001
 835    22.954000000000001  43.351002000000001  -47.035001000000001
 836    58.958001000000003  -9.4639989999999994  -31.6111
 837    65.393895000000001  -11.976000000000001  -33.887098999999999
 838    64.652002999999993  -6.6669999999999998  -33.076998000000003
 839    -92.862003000000001  -46.007998000000001  -23.448
 840    -95.061994999999996  -51.287998000000002  -30.577998999999998
 841    -92.249996999999993  -41.653998000000001  -27.437100000000001
 842    15.567  -56.790098999999998  -31.954999999999998
 843    11.538  -57.709001000000001  -34.263998000000001
 844    16.300999999999998  -63.008003000000002  -36.056998999999998
 845    -37.958100000000002  61.167900000000003  33.786900000000003
 846    -43.772998999999999  66.386998000000006  33.631901999999997
 847    -12.234999999999999  -106.526099  -0.95099999999999996
 848    -4.915  -104.99999699999999  -6.7320000000000002
 849    -15.596  -105.14099899999999  -5.5819999999999999
 850    2.367  35.948000999999998  -18.5
 851    0.93000000000000005  38.047998999999997  -17.441998999999999
 852    2.6509999999999998  34.837000000000003  -11.182999000000001
 853    95.189004999999995  84.418899999999994  53.263001000000003
 854    85.017897000000005  84.110997999999995  58.825999000000003
 855    85.842005999999998  75.625001999999995  57.624999000000003
 856    8.7100000000000009  118.34599799999999  -45.715998999999996
 857    3.246  123.247005  -39.931998
 858    8.1839999999999993  130.71200300000001  -42.153001000000003
 859    -47.610100000000003  -50.340100999999997  -36.718000000000004
 860    -50.272996999999997  -47.520999000000003  -40.771998000000004
 861    -52.444997999999998  -55.290098999999998  -41.370001000000002
 862    -140.420005  -54.237000999999999  -11.608000000000001
 863    -136.67799500000001  -55.854998999999999  3.641
 864    -2.8719999999999999  28.093900999999999  12.505000000000001
 865    -3.702  30.349001000000001  12.265000000000001
 866    -4.5739999999999998  28.426998999999999  4.8019999999999996
 867    101.581  -49.277999000000001  -17.441001
 868    -24.753098999999999  -40.2271  -50.631098000000001
 869    77.203006000000002  -18.843999  -53.348000999999996
 870    75.022004999999993  -16.763999999999999  -59
 871    85.013002  -13.884  -59.709001000000001
 872    -95.703102999999999  11.712999999999999  -44.916998999999997
 873    -103.651099  7.0099999999999998  -42.284998999999999
 874    -94.080098000000007  8.9789999999999992  -38.307997999999998
 875    34.832999000000001  12.359  11.121
 876    34.810003000000002  14.862  11.35
 877    38.375000999999997  13.4209  16.908000999999999
 878    -3.9249999999999998  43.212000000000003  -21.639001
 879    -3.9710000000000001  47.067999999999998  -27.722999000000002
 880    -7.1909999999999998  47.569901000000002  -25.998000000000001
 881    -42.422100999999998  15.109  -22.184999999999999
 882    -38.375000999999997  13.4209  -16.909099999999999
 883    -37.748102000000003  16.204901  -17.386001
 884    75.398005999999995  0.14799999999999999  -33.634998000000003
 885    68.037002999999999  1.8380000000000001  -35.319999000000003
 886    70.170901999999998  -3.4470999999999998  -33.741101999999998
 887    -26.368098  -67.837997999999999  -40.153001000000003
 888    -27.395999  -61.707101999999999  -39.280999000000001
 889    5.2889999999999997  -107.495099  -8.4640000000000004
 890    1.7330000000000001  -107.047997  -13.130998999999999
 891    -52.926000000000002  85.250899000000004  -28.5
 892    68.560897999999995  -65.593101000000004  -59.368997999999998
 893    76.878898000000007  -67.336999000000006  -57.027999000000001
 894    76.445899999999995  -74.348003000000006  -61.494
 895    73.801002999999994  60.097000999999999  42.734999000000002
 896    70.757999999999996  60.970001000000003  35.083900999999997
 897    46.083900999999997  -6.3029999999999999  -26.813998999999999
 898    52.512000999999998  -7.4880000000000004  -29.479998999999999
 899    -105.70999999999999  -28.968999  -8.5820000000000007
 900    -104.414098  -24.396000000000001  -13.324999999999999
 901    5.4478999999999997  25.803999999999998  11.074
 902    2.4569999999999999  24.701001000000002  3.6089000000000002
 903    4.3550000000000004  25.763000999999999  3.1579000000000002
 904    22.763000999999999  -14.404999999999999  -15.149998999999999
 905    -97.739994999999993  44.943001000000002  -2.1789999999999998
 906    -98.594099  41.491002000000002  2.5059999999999998
 907    -106.21810000000001  37.749000000000002  -1.581
 908    -26.674001000000001  15.079000000000001  25.609999999999999
 909    -23.812100000000001  16.097000000000001  25.696999999999999
 910    -26.382999000000002  18.826000000000001  33.506002000000002
 911    42.096998999999997  21.574999999999999  31.402901
 912    44.769998999999999  20.030000999999999  29.086001
 913    93.510999999999996  -35.916100999999998  20.725899999999999
 914    53.789000999999999  106.9199  -32.443098999999997
 915    -39.874099000000001  80.247  -34.146998000000004
 916    -52.804101000000003  1.621  37.432898000000002
 917    95.027000000000001  -75.572997000000001  -52.625
 918    95.189004999999995  -84.419995999999998  -53.264000000000003
 919    85.842005999999998  -75.626001000000002  -57.625998000000003
 920    -71.501002  -18.524099  41.279901000000002
 921    -72.045997  -14.465999999999999  36.965001000000001
 922    -65.059996999999996  -16.757999000000002  36.438901000000001
 923    -36.570000999999998  -49.567100000000003  42.869898999999997
 924    -35.466000000000001  -47.472101000000002  48.132899999999999
 925    -30.173999999999999  -44.133997999999998  44.298000999999999
 926    -58.055098999999998  -18.437999999999999  34.969999999999999
 927    -63.696995000000001  -20.285999  40.347900000000003
 928    5.2560000000000002  -28.489999000000001  -27.925000000000001
 929    2.3450000000000002  -29.7361  -28.340999
 930    1.5189999999999999  -26.930999  -20.337999
 931    -100.822002  4.4850000000000003  -35.542997999999997
 932    -39.745998  -2.9089999999999998  42.326900999999999
 933    -59.075097999999997  -14.268000000000001  32.587003000000003
 934    22.940000999999999  -34.618098000000003  44.518999999999998
 935    23.106999999999999  -26.882000000000001  39.705001000000003
 936    21.416001000000001  -29.983999000000001  37.758898000000002
 937    134.85600099999999  -71.463994999999997  -7.7389999999999999
 938    129.298002  -78.666098000000005  -17.448001000000001
 939    128.32200499999999  -70.374100999999996  -21.927999
 940    34.591898  133.25101100000001  -5.6510999999999996
 941    -6.0311000000000003  31.815901  -2.4409999999999998
 942    -4.9661  33.762999000000001  -2.5369999999999999
 943    -7.3890000000000002  34.097000999999999  -9.0749999999999993
 944    -90.516001000000003  27.34  27.663
 945    -88.097997000000007  22.881001000000001  30.475901
 946    -94.310001  21.280999999999999  23.315901
 947    32.185003000000002  -61.887099999999997  35.543900000000001
 948    28.079001000000002  -55.603098000000003  37.622999
 949    32.777901999999997  -55.738996999999998  34.612901999999998
 950    -47.536999000000002  57.397897999999998  -40.266998000000001
 951    -45.182999000000002  61.610999999999997  -35.624097999999996
 952    -34.765999999999998  23.506001000000001  19.992000999999998
 953    -35.058998000000003  20.749001  21.242999999999999
 954    -37.821997000000003  25.274000999999998  26.253900999999999
 955    -101.346098  57.747002999999999  -33.537998999999999
 956    -95.867998999999998  60.175899000000001  -38.750999
 957    -90.402096999999998  57.346001000000001  -32.062097999999999
 958    -107.25399899999999  63.437900999999997  -37.861998999999997
 959    -100.544997  66.077000999999996  -43.867100000000001
 960    -121.81099500000001  -8.8909990000000008  -49.481999000000002
 961    -88.681995999999998  56.080002  -20.618998999999999
 962    -91.810993999999994  53.757899000000002  -16.181999999999999
 963    -98.564103000000003  52.448000999999998  -22.576999000000001
 964    -68.815105000000003  70.817001000000005  -20.962
 965    -71.709000000000003  78.490898000000001  -14.837
 966    81.537998999999999  103.983998  31.899899000000001
 967    71.819000000000003  103.16200600000001  38.173000999999999
 968    86.176000999999999  103.40289799999999  39.416902
 969    24.530000999999999  -9.8179999999999996  2.0910000000000002
 970    25.302  -11.065  9.9180010000000003
 971    26.718  -9.7539990000000003  2.282
 972    -8.9190000000000005  129.16700499999999  -26.702000000000002
 973    -15.263  130.06700599999999  -19.579999000000001
 974    -13.289  139.339  -18.889001
 975    32.643999999999998  -14.071999  -38.465998999999996
 976    28.1389  -13.127000000000001  -30.944998999999999
 977    62.944001999999998  1.639  34.133899999999997
 978    64.652002999999993  6.6658999999999997  33.075999000000003
 979    70.170901999999998  3.4460000000000002  33.740003000000002
 980    -65.499999000000003  -5.8769999999999998  -38.814999
 981    -70.360101999999998  -9.7330000000000005  -39.951999000000001
 982    -62.946998000000001  -8.0559999999999992  -43.695996999999998
 983    4.4099000000000004  -51.119  -34.187100999999998
 984    -18.201999000000001  48.145000000000003  -28.410001000000001
 985    -35.964101999999997  -52.965100999999997  38.262002000000003
 986    -33.736099000000003  -57.148997000000001  35.006898999999997
 987    -39.409998999999999  -59.585999999999999  35.686999999999998
 988    122.114897  -84.569997999999998  -26.851998999999999
 989    127.05300699999999  -85.767000999999993  -11.590999999999999
 990    -24.955000999999999  -73.876998999999998  -40.229998999999999
 991    -23.569998999999999  -67.117997000000003  -46.043000999999997
 992    8.9440000000000008  -27.965098999999999  -18.018000000000001
 993    5.4478999999999997  -25.805098999999998  -11.074999
 994    7.1689999999999996  -27.355  -10.396000000000001
 995    -29.198  -19.729099999999999  -0.65300000000000002
 996    3.9700000000000002  47.067999999999998  27.721999
 997    7.1900000000000004  47.569901000000002  25.996901000000001
 998    3.9239999999999999  43.212000000000003  21.638000000000002
 999    -4.9661  -33.764001  2.536
1000    -3.254  -35.154000000000003  2.7949999999999999
1001    -5.7770000000000001  -35.895097999999997  9.0950000000000006
1002    51.333900999999997  95.781899999999993  39.985999
1003    51.479000999999997  91.502897000000004  33.249001999999997
1004    7.3879999999999999  34.097000999999999  9.0740010000000009
1005    10.276  35.222898999999998  15.343
1006    8.2180009999999992  31.842998999999999  9.3140000000000001
1007    -27.395999  61.706003000000003  39.279899999999998
1008    -24.320999  60.654901000000002  44.428001999999999
1009    -24.754999000000002  54.395001000000001  41.952900999999997
1010    13.288  -139.33999800000001  -18.889001
1011    8.8119999999999994  -147.16298900000001  -15.874000000000001
1012    -22.941001  34.616999  44.518999999999998
1013    -21.416999000000001  29.982900000000001  37.758898000000002
1014    92.746003999999999  -5.5580999999999996  -64.524099000000007
1015    89.654899999999998  0.2339  -67.652099000000007
1016    99.300004999999999  5.7049000000000003  -66.651098000000005
1017    -102.76600000000001  -81.808001000000004  -14.756
1018    -98.153002999999998  -71.335003  -19.889999
1019    -95.492996000000005  -75.769000000000005  -13.715999
1020    58.069001999999998  -80.107100000000003  44.150002000000001
1021    57.645001000000001  -89.316100000000006  41.187900999999997
1022    54.728999999999999  -79.700001  37.478997999999997
1023    47.527901999999997  -40.192101000000001  39.160899999999998
1024    50.936002000000002  -44.863000999999997  45.667901999999998
1025    -9.2210000000000001  120.126903  -23.937999999999999
1026    -35.007998000000001  -53.555101000000001  61.319001
1027    -30.711998999999999  -57.250999  63.986896999999999
1028    -24.673099000000001  -50.951999000000001  60.062899999999999
1029    -47.478098000000003  -68.653002000000001  31.8719
1030    -49.569997999999998  -76.614998  29.343900999999999
1031    -53.168996999999997  -69.995104999999995  29.946999999999999
1032    -19.563998999999999  -120.321997  11.645
1033    -24.503098999999999  -118.864  5.4640000000000004
1034    -27.583100000000002  -127.80110500000001  5.1230000000000002
1035    -48.104998000000002  -123.25099899999999  -41.673999000000002
1036    -42.763098999999997  -132.11999800000001  -34.571998000000001
1037    -50.797100999999998  -119.7621  -34.097098000000003
1038    45.111001000000002  50.096001000000001  -61.548999999999999
1039    39.339002000000001  50.811999  -63.305996
1040    -27.213000000000001  -20.614999999999998  -0.32700000000000001
1041    -20.563998999999999  -61.216000000000001  33.549900999999998
1042    -24.760999000000002  -58.181997000000003  32.678001000000002
1043    -34.811101999999998  14.862  -11.351000000000001
1044    -34.834001000000001  12.359  -11.121999000000001
1045    85.495002999999997  100.497  18.054998999999999
1046    73.793903  95.289997999999997  18.944001
1047    77.190004000000002  101.135001  24.710999999999999
1048    22.420000000000002  -73.652997999999997  46.758901000000002
1049    24.954000000000001  -73.876998999999998  40.228999999999999
1050    23.142900000000001  -79.700001  39.526999000000004
1051    37.041001000000001  -22.878999  38.006
1052    37.721001000000001  -27.416098999999999  45.908999000000001
1053    41.283999000000001  -28.438998000000002  43.262999999999998
1054    29.788001000000001  73.820896000000005  -35.180098999999998
1055    36.185000000000002  73.491900999999999  -32.375999
1056    34.637999000000001  79.221002999999996  -30.656998999999999
1057    2.5419999999999998  -48.757002  -37.127997999999998
1058    5.8689  -55.256999999999998  -41.215099000000002
1059    93.510999999999996  35.915002000000001  -20.726998999999999
1060    98.623998  33.929001999999997  -11.543998999999999
1061    94.111896999999999  39.910901000000003  -16.763999999999999
1062    33.719003000000001  -68.844102000000007  -66.724001999999999
1063    37.819001999999998  -63.528001000000003  -66.634103999999994
1064    -1.7470000000000001  -108.88410399999999  -29.052098999999998
1065    -8.9099989999999991  -101.697996  -26.146000000000001
1066    -5.4100000000000001  -104.171999  -22.048099000000001
1067    120.224901  -86.070001000000005  9.7550000000000008
1068    121.930003  -90.599000000000004  -5.2519999999999998
1069    127.753899  -83.641998000000001  4.4790000000000001
1070    -82.847998000000004  -12.664  -65.552100999999993
1071    -36.710999999999999  -91.982104000000007  -66.847100999999995
1072    42.036898000000001  75.459897999999995  67.660004000000001
1073    -14.607999  -99.849001000000001  -19.437099
1074    -11.420999999999999  -102.165103  -15.385999
1075    23.052  -11.657999999999999  9.8089999999999993
1076    21.204000000000001  -13.038999  9.4870000000000001
1077    22.082999000000001  -14.246999000000001  17.631900999999999
1078    95.027000000000001  75.571901999999994  52.624001999999997
1079    -22.763998999999998  14.404000999999999  -15.149998999999999
1080    -23.66  16.752001  -15.071999
1081    -21.667000000000002  16.295000999999999  -7.3179999999999996
1082    33.936999999999998  10.012  11.199
1083    37.978999000000002  10.555  16.895900999999999
1084    36.616000999999997  8.0429999999999993  17.353999999999999
1085    8.8089999999999993  36.270000000000003  43.199002999999998
1086    6.7409999999999997  31.826001000000002  35.778899000000003
1087    12.597901  34.805  42.118001999999997
1088    19.506902  87.801001999999997  -53.142000000000003
1089    21.356000999999999  80.543897999999999  -53.987000000000002
1090    20.811001000000001  80.106004999999996  -46.568098999999997
1091    -53.681001000000002  15.390000000000001  -56.554101000000003
1092    -47.673999999999999  19.347000999999999  -49.415100000000002
1093    38.140900000000002  -54.786999000000002  33.383898000000002
1094    -40.902101000000002  -27.475999999999999  -32.849997000000002
1095    -37.424999999999997  -22.361999000000001  -28.191998999999999
1096    -39.625  -24.754999000000002  -35.542000000000002
1097    98.445899999999995  35.132899999999999  -55.998102000000003
1098    93.065999000000005  28.628900999999999  -58.715998999999996
1099    89.037001000000004  30.728999999999999  -52.007998999999998
1100    -67.846097  20.738  -52.127997999999998
1101    -70.0261  20.725000999999999  -46.604998000000002
1102    -61.514001  22.020001000000001  -45.020099999999999
1103    6.0300000000000002  31.815901  2.4399999999999999
1104    -28.181999999999999  -28.976998999999999  -18.709
1105    -28.091999000000001  -25.111999000000001  -13.100999
1106    -31.045100000000001  -27.959  -18.622
1107    62.062900999999997  100.942001  43.462001000000001
1108    52.512000999999998  97.439006000000006  47.687002
1109    65.107003000000006  100.068003  51.111001999999999
1110    65.763897999999998  87.388902999999999  20.340900999999999
1111    59.417900000000003  86.690000999999995  24.704000000000001
1112    66.470005  94.980001000000001  24.378900999999999
1113    28.378  9.8019999999999996  30.579001000000002
1114    28.1389  13.126001  30.944001
1115    24.902000999999998  12.34  23.027000999999998
1116    -128.593996  56.026001000000001  -16.132000999999999
1117    -121.321  49.986001000000002  -17.170998999999998
1118    39.872999999999998  80.247  34.145899
1119    37.590001000000001  72.083004000000003  33.25
1120    33.506900000000002  76.747  35.881898999999997
1121    -23.143999000000001  79.698898  39.526999000000004
1122    -25.847999000000002  84.555000000000007  32.057899999999997
1123    -20.937100000000001  85.179998999999995  38.077897999999998
1124    -52.513100000000001  97.439006000000006  -47.688000000000002
1125    -51.335000000000001  95.781899999999993  -39.986998
1126    -43.022998000000001  91.855003999999994  -43.272998000000001
1127    43.375902000000004  36.692999  -33.450100999999997
1128    47.527901999999997  40.191001999999997  -39.161999000000002
1129    31.861000000000001  -4.8099999999999996  -28.081
1130    45.185000000000002  -1.7741  -48.676997
1131    39.744898999999997  -2.9089999999999998  -42.328000000000003
1132    -124.67809800000001  37.896901  -2.75
1133    -114.496104  41.582000000000001  -9.5791000000000004
1134    -101.58210200000001  -49.277999000000001  17.440000999999999
1135    -103.862002  -45.7271  12.173000999999999
1136    -15.045999999999999  136.84099900000001  41.654899999999998
1137    -8.1851000000000003  130.71200300000001  42.151999000000004
1138    -7.593  142.095  33.576000000000001
1139    -93.067102000000006  -28.629999999999999  -58.715998999999996
1140    -84.065101999999996  -25.211998999999999  -53.541097999999998
1141    -89.038104000000004  -30.73  -52.007998999999998
1142    -10.638999999999999  46.817999  -24.937099
1143    -9.8770000000000007  41.832000000000001  -20.260099
1144    -6.4981  -39.083998999999999  15.122999999999999
1145    -105.95899799999999  100.24090099999999  -23.701999000000001
1146    -1.2749999999999999  -37.133001  9.8690010000000008
1147    -3.6311  -36.959997999999999  9.3729999999999993
1148    -1.1599999999999999  -35.778998999999999  3.1800000000000002
1149    -55.110101  -4.9920999999999998  -45.668996999999997
1150    -57.778998999999999  -4.6711  -40.951098999999999
1151    -96.333100999999999  -48.152997999999997  6.8940000000000001
1152    62.945901999999997  8.0550010000000007  -43.695996999999998
1153    60.765900000000002  8.0429999999999993  -49.220100000000002
1154    55.109001999999997  4.9909999999999997  -45.668996999999997
1155    29.024901  -48.222098000000003  -57.438001
1156    35.006898999999997  -53.555101000000001  -61.319999000000003
1157    24.672001999999999  -50.951999000000001  -60.063999000000003
1158    10.383001  -30.065999999999999  -16.961998999999999
1159    12.970001  -31.326998  -24.021000000000001
1160    92.824899000000002  -50.088099999999997  19.162001
1161    -29.16  -116.449997  -0.59799999999999998
1162    -17.209999  -146.82899399999999  6.6928999999999998
1163    -13.289  -139.33999800000001  18.888000000000002
1164    -20.711998999999999  -138.901994  10.597
1165    -52.785001999999999  16.020902  -30.382000000000001
1166    -59.075097999999997  14.266999999999999  -32.588101999999999
1167    -79.264998000000006  -18.292000999999999  -39.847999999999999
1168    -74.987002000000004  -13.884  -40.291998999999997
1169    -81.500000999999997  -13.984999999999999  -34.429099000000001
1170    -99.791995999999997  -15.124000000000001  -21.788999
1171    -96.498102000000003  -10.539  -25.376000000000001
1172    -106.128  -9.8059999999999992  -23.309999999999999
1173    -21.538999  129.59299999999999  -12.337
1174    -27.583100000000002  127.800003  -5.1241000000000003
1175    -27.882999000000002  136.83900199999999  -2.359
1176    38.722000999999999  51.310003000000002  56.785899999999998
1177    47.623998999999998  54.124001  53.040999999999997
1178    -39.905000000000001  134.98100600000001  19.547001000000002
1179    -45.954000000000001  122.109003  20.349001999999999
1180    -45.883997999999998  127.955005  27.222000000000001
1181    26.770001000000001  -8.3529999999999998  -5.3159999999999998
1182    27.659001  -7.0450999999999997  -12.937999
1183    124.47199999999999  -31.420998000000001  4.2080000000000002
1184    132.43800400000001  -34.091000000000001  8.2390000000000008
1185    132.70101  -41.765999000000001  0.34399999999999997
1186    81.499003000000002  13.984  -34.429099000000001
1187    79.263902999999999  18.291  -39.847999999999999
1188    74.986002999999997  13.882999999999999  -40.291998999999997
1189    -32.618999000000002  -35.119999  -54.007001000000002
1190    -26.382999000000002  -18.826999000000001  -33.507001000000002
1191    -29.781998999999999  -18.055099999999999  -33.036999000000002
1192    -71.871101999999993  -87.338001000000006  15.477
1193    -73.794998000000007  -95.2911  18.944001
1194    -21.069099999999999  -12.278  -1.3540000000000001
1195    -20.323001000000001  -14.300998999999999  -0.92200000000000004
1196    -20.039000000000001  -14.997  -9.0039999999999996
1197    -71.871101999999993  87.336898000000005  -15.478
1198    -66.587998999999996  78.904897000000005  -19.142099000000002
1199    -65.765000999999998  87.388902999999999  -20.341999999999999
1200    -12.215999999999999  -39.666998999999997  20.457999999999998
1201    -8.7469990000000006  -37.494998000000002  15.027001
1202    -19.563998999999999  120.32090100000001  -11.646000000000001
1203    -29.16  116.448902  0.59699999999999998
1204    -25.486999999999998  -25.409099000000001  -13.292
1205    -36.222099999999998  -21.010099  26.433
1206    32.777901999999997  55.737901000000001  -34.613996999999998
1207    38.140900000000002  54.785899999999998  -33.384996999999998
1208    -94.360097999999994  51.102001000000001  -11.584
1209    -103.862002  45.726000999999997  -12.173999999999999
1210    -101.58210200000001  49.277000000000001  -17.441001
1211    105.70889699999999  28.968001000000001  -8.5820000000000007
1212    104.413003  24.395  -13.324999999999999
1213    114.28999899999999  25.787001  -8.3320000000000007
1214    8.7929999999999993  -107.31410200000001  -3.75
1215    12.234  -106.526099  0.94989999999999997
1216    19.111000000000001  -111.393996  -3.3321000000000001
1217    -116.489999  -19.989099  -60.331099000000002
1218    -111.00909900000001  -26.146000000000001  -61.860098999999998
1219    114.572898  96.188999999999993  14.720000000000001
1220    110.785  95.961899000000003  30.332001000000002
1221    84.626897999999997  -73.918000000000006  -0.159
1222    87.810896  -82.617998  1.4018999999999999
1223    87.966003000000001  -71.329102000000006  5.0919999999999996
1224    -2.5430000000000001  -48.757002  37.126899000000002
1225    -4.4109999999999996  -51.119  34.186002000000002
1226    90.739897999999997  68.225898000000001  -10.403
1227    92.013001000000003  79.545900000000003  -7.516
1228    95.491900999999999  75.767897000000005  -13.715999
1229    37.374999000000003  -81.431000999999995  67.958899000000002
1230    36.935001999999997  -71.116  67.637004000000005
1231    30.422999999999998  -71.805999  65.070897000000002
1232    -6.7420999999999998  31.826001000000002  -35.779997999999999
1233    -3.589  33.720999999999997  -36.015999000000001
1234    -2.3460000000000001  29.735001  -28.340999
1235    30.899901  -44.278998000000001  58.493000000000002
1236    33.462003000000003  -52.32  62.816001
1237    36.108001999999999  -42.383000000000003  59.230901000000003
1238    -114.16699699999999  -47.238998000000002  -50.729100000000003
1239    75.022004999999993  16.763000000000002  59
1240    82.586899000000003  9.7059999999999995  64.557902999999996
1241    32.618001  -35.119999  54.005999000000003
1242    37.491999999999997  -33.918000999999997  53.274999999999999
1243    73.148004999999998  -12.847999  59.782001999999999
1244    82.846998999999997  -12.664  65.551005000000004
1245    74.661001999999996  -8.1549990000000001  64.608998999999997
1246    76.985001999999994  -2.2210000000000001  67.210898
1247    67.889899  1.133  65.015896999999995
1248    5.4089  104.170896  -22.048099000000001
1249    1.746  108.88300099999999  -29.052098999999998
1250    8.9090000000000007  101.696901  -26.146000000000001
1251    12.005000000000001  -51.778998000000001  -54.974998999999997
1252    9.7509999999999994  -55.786997  -52.453000000000003
1253    5.9229000000000003  -48.631999999999998  -47.716997999999997
1254    -1.397  -135.20398700000001  -34.862000000000002
1255    0.44900000000000001  -145.57500200000001  -24.909998999999999
1256    -22.469999000000001  35.855899999999998  32.560001999999997
1257    -21.195  33.136003000000002  35.250000999999997
1258    -20.736999999999998  29.162998999999999  28.613999
1259    56.091901  -19.371998999999999  -53.787998999999999
1260    62.755004  -14.521000000000001  -60.506999
1261    -32.292000999999999  16.2089  23.951000000000001
1262    -34.189999  18.186999  22.631900000000002
1263    -31.496998000000001  14.936999999999999  16.322901000000002
1264    -4.1479999999999997  -26.268000000000001  19.843900999999999
1265    -5.2569999999999997  -28.489999000000001  27.923901000000001
1266    -1.52  -26.930999  20.3369
1267    -97.739994999999993  -44.944099999999999  2.1779000000000002
1268    -41.902099  -58.866098999999998  64.000003000000007
1269    -45.345101999999997  -55.562998999999998  59.227998999999997
1270    -45.186098999999999  -1.7741  48.675897999999997
1271    -44.166099000000003  -5.944  51.060001999999997
1272    -45.513100999999999  -15.455  51.458001000000003
1273    -47.673999999999999  -19.347999000000002  49.414000999999999
1274    -42.845100000000002  -21.288098999999999  41.618001
1275    -11.007  -29.350999999999999  25.586901000000001
1276    -12.971  -31.326998  24.020001000000001
1277    -15.912000000000001  -33.259000999999998  30.864899999999999
1278    33.073000999999998  -18.455000999999999  31.861000000000001
1279    18.7089  86.319000000000003  -45.481997999999997
1280    -8.2989999999999995  -28.354998999999999  26.957999999999998
1281    -6.7569999999999997  -26.629999000000002  19.030999000000001
1282    5.0929000000000002  52.257899000000002  44.796999999999997
1283    9.0760000000000005  59.381000999999998  48.686999999999998
1284    5.8689  55.256002000000002  41.213999999999999
1285    2.0889000000000002  45.591898  39.862901000000001
1286    5.9229000000000003  48.631000999999998  47.715899
1287    -34.821998000000001  87.205999000000006  -52.737000999999999
1288    -45.07  91.142899999999997  -57.970098999999998
1289    -43.370998999999998  92.802002999999999  -50.792000999999999
1290    -1.8460000000000001  -105.949  -17.681999000000001
1291    2.444  -111.05110500000001  -24.243099999999998
1292    -36.109101000000003  -42.383000000000003  -59.231999999999999
1293    0.29599999999999999  24.465  4.0629999999999997
1294    92.893897999999993  -64.636104000000003  15.694000000000001
1295    -58.745001000000002  -1.7829999999999999  -58.859099000000001
1296    -66.528998000000001  -4.5521000000000003  -62.353101000000002
1297    -59.213101999999999  3.5099  -61.507002
1298    39.951000000000001  5.9329999999999998  23.117999999999999
1299    43.812900999999997  3.6400000000000001  28.434000999999999
1300    37.416901000000003  4.2960000000000003  24.588999999999999
1301    41.790998999999999  8.5619999999999994  22.145900999999999
1302    37.416901000000003  -4.2969999999999997  -24.590098999999999
1303    34.494898999999997  -6.2690999999999999  -18.208998999999999
1304    39.951000000000001  -5.9340999999999999  -23.118998999999999
1305    92.574894  6.0720000000000001  -28.448001000000001
1306    96.496999000000002  10.538  -25.376000000000001
1307    88.413998000000007  12.496  -29.174997999999999
1308    59.415999999999997  -60.229998000000002  -39.124999000000003
1309    54.693002  -56.909098999999998  -46.7971
1310    53.487901000000001  -59.051997999999998  -40.083098999999997
1311    -105.40299899999999  41.861899000000001  -6.8601000000000001
1312    -61.147998999999999  78.738898000000006  -23.038098999999999
1313    65.208896999999993  -60.876998999999998  -37.439998000000003
1314    62.098897999999998  -64.789101000000002  -31.298998999999998
1315    67.285000999999994  -64.819998999999996  -28.657001000000001
1316    -13.792  44.923000000000002  -24.7011
1317    28.378  -33.472999999999999  23.767900000000001
1318    28.547999999999998  -38.479101  28.232001
1319    20.322001  14.300000000000001  -0.92200000000000004
1320    20.037998999999999  14.996001  -9.0039999999999996
1321    21.068000999999999  12.277001  -1.3540000000000001
1322    22.545000999999999  -10.705  1.764
1323    21.068000999999999  -12.278  1.353
1324    -52.926000000000002  -85.252002000000005  28.498999999999999
1325    -59.418998999999999  -86.691103999999996  24.704000000000001
1326    -55.451999999999998  -77.978998000000004  26.4589
1327    -4.6390000000000002  -154.10699  -4.9920999999999998
1328    2.5169000000000001  -152.348995  -10.994999999999999
1329    4.6379999999999999  -154.10699  4.9909999999999997
1330    32.991  49.625002000000002  -32.923099000000001
1331    28.597000999999999  43.893999999999998  -32.057997
1332    108.62590400000001  63.486001999999999  -35.729098999999998
1333    100.660004  60.816001  -31.695999
1334    -58.959000000000003  9.4629999999999992  -31.6111
1335    -65.394998000000001  11.975001000000001  -33.887098999999999
1336    -64.653002000000001  6.6658999999999997  -33.076998000000003
1337    -27.837001000000001  93.690999000000005  22.159901000000001
1338    -30.414000000000001  89.378900999999999  25.482900000000001
1339    -35.939000999999998  95.582999000000001  20.488001000000001
1340    -36.242100999999998  139.694005  26.551000999999999
1341    -28.712001000000001  145.703003  17.777901
1342    22.569001  -73.180102000000005  53.7729
1343    23.221999  -65.903001000000003  52.499997999999998
1344    25.336901000000001  -18.587001000000001  -14.698
1345    24.812000000000001  -19.423998999999998  -7.1059999999999999
1346    33.381  -20.614999999999998  -28.175000000000001
1347    20.420000000000002  -16.460000000000001  0.53200000000000003
1348    19.732900000000001  -17.236098999999999  8.4299999999999997
1349    20.322001  -14.300998999999999  0.92100000000000004
1350    9.0760000000000005  -59.381999  -48.687998
1351    14.68  -63.293002999999999  -56.07
1352    -106.01999600000001  -54.568100999999999  27.885000999999999
1353    -117.772102  -55.257998000000001  24.350000999999999
1354    76.878898000000007  67.335896000000005  57.027000999999998
1355    85.137001999999995  68.037002999999999  53.587001000000001
1356    85.013002  13.882999999999999  59.707999000000001
1357    86.675003000000004  15.946001000000001  53.376897999999997
1358    77.203006000000002  18.843001000000001  53.346998999999997
1359    95.866895999999997  60.175899000000001  38.75
1360    89.707002000000003  61.776999000000004  43.388002
1361    85.358999999999995  58.928001999999999  36.200001999999998
1362    32.417901000000001  10.225001000000001  38.311999
1363    37.727001999999999  10.621  45.535899999999998
1364    32.643999999999998  14.071  38.465001000000001
1365    -117.802098  -63.717998999999999  -37.361998
1366    -2.5179999999999998  -152.348995  10.993
1367    -123.086996  -11.472999  -28.7531
1368    -116.90700099999999  -12.104998999999999  -22.636997999999998
1369    -94.981104000000002  -9.8629999999999995  59.103999000000002
1370    4.3550000000000004  -25.763999999999999  -3.1589999999999998
1371    -8.1319999999999997  -57.172100999999998  37.514899
1372    -7.4100000000000001  -52.32  31.486001000000002
1373    -86.851999000000006  -12.847999  40.216900000000003
1374    -95.703102999999999  -11.713998999999999  44.915999999999997
1375    -94.080098000000007  -8.9799989999999994  38.306899000000001
1376    -25.379000000000001  64.374998000000005  58.540999999999997
1377    -29.711998999999999  62.769002999999998  63.247002999999999
1378    -27.013999999999999  12.736000000000001  17.611001000000002
1379    -25.302999  11.064  9.9180010000000003
1380    -24.41  13.031000000000001  17.800999999999998
1381    34.820898999999997  -87.207100999999994  -52.737000999999999
1382    43.369900000000001  -92.803098000000006  -50.792000999999999
1383    -50.797100999999998  119.761005  34.095998999999999
1384    0.98599999999999999  115.582004  -35.332098999999999
1385    5.7869999999999999  105.861001  -33.494998000000002
1386    26.006  -24.300000000000001  40.786900000000003
1387    30.413  89.378900999999999  -25.483999000000001
1388    35.937902000000001  95.582999000000001  -20.489100000000001
1389    27.836001  93.690999000000005  -22.160999
1390    80.774001999999996  -75.984098000000003  -5.2779999999999996
1391    -5.2569999999999997  28.489000999999998  -27.925000000000001
1392    32.904901000000002  -19.559999999999999  14.523999999999999
1393    32.105899999999998  -21.948  13.769
1394    31.343001999999998  -18.666999000000001  7.8308999999999997
1395    -29.503999  13.404000999999999  17.090900000000001
1396    -27.614100000000001  11.35  9.7980009999999993
1397    20.392001  -16.195999  17.131900000000002
1398    20.037998999999999  -14.997  9.0030000000000001
1399    19.593900000000001  -18.584  16.376999999999999
1400    6.0300000000000002  -31.817  -2.4409999999999998
1401    -43.611097999999998  30.562000000000001  39.965902
1402    -41.285001000000001  28.437901  43.262999999999998
1403    -45.520999000000003  35.100999999999999  47.511000000000003
1404    -98.624996999999993  -33.930101000000001  -11.543998999999999
1405    31.940002  5.5  19.332001000000002
1406    29.340001000000001  5.8550000000000004  20.550999999999998
1407    27.659001  7.0439999999999996  12.936999999999999
1408    -0.29699999999999999  24.465  -4.0640999999999998
1409    1.2588999999999999  26.297999999999998  -12.483000000000001
1410    -0.8881  25.231999999999999  -12.205
1411    -1.52  26.930001000000001  -20.337999
1412    3.5089999999999999  26.482001  -4.7091000000000003
1413    4.5728999999999997  28.426998999999999  -4.8029999999999999
1414    5.7009999999999996  27.488001000000001  2.7789999999999999
1415    -27.090098999999999  7.2800000000000002  -21.681999999999999
1416    -29.340999  5.8550000000000004  -20.552098999999998
1417    -31.861998  4.8090000000000002  -28.081
1418    -21.003999  -23.208098  -14.5791
1419    -19.809999000000001  -21.045999999999999  -15.48
1420    92.318996999999996  -31.708099000000001  24.385901
1421    15.087999999999999  -112.49910300000001  -8.6309989999999992
1422    39.110000999999997  21.655000999999999  33.847901999999998
1423    -54.550998  -110.66110399999999  -40.050998
1424    -56.223000999999996  -98.319999999999993  -37.270099000000002
1425    120.509006  18.385000999999999  -17.0031
1426    127.52400299999999  18.750001000000001  -22.569998999999999
1427    130.682006  26.350000999999999  -15.693
1428    61.112898999999999  -58.570000999999998  -46.304099000000001
1429    68.707003999999998  -61.313000000000002  -52.631999999999998
1430    61.462000000000003  -59.519100999999999  -53.822000000000003
1431    -7.1700999999999997  27.353999999999999  -10.396000000000001
1432    -5.4489999999999998  25.803999999999998  -11.074999
1433    -39.625  24.753900000000002  35.541001999999999
1434    -40.902101000000002  27.475000999999999  32.848897999999998
1435    -12.006  -51.778998000000001  54.9739
1436    -16.909099999999999  -59.110101  59.323002000000002
1437    -9.7520000000000007  -55.785998999999997  52.451900999999999
1438    25.378900000000002  -72.531000000000006  60.2029
1439    25.378  -64.374998000000005  58.540999999999997
1440    -35.308  -3.8660000000000001  35.396900000000002
1441    -76.986097000000001  -2.2210000000000001  -67.212000000000003
1442    -69.984100999999995  7.1788999999999996  -65.317102000000006
1443    -67.891002  1.133  -65.016999999999996
1444    49.569000000000003  -76.614998  -29.344999999999999
1445    47.476998999999999  -68.653002000000001  -31.872999
1446    43.584898000000003  -74.648105000000001  -31.629000000000001
1447    -51.229101  -5.0529999999999999  56.800897999999997
1448    -44.280000000000001  -10.748999  52.035902
1449    30.422999999999998  71.805000000000007  -65.072000000000003
1450    37.374999000000003  81.430002999999999  -67.960002000000003
1451    -82.791999000000004  -92.198998000000003  57.006000999999998
1452    -85.019000000000005  -84.111996000000005  58.825999000000003
1453    -93.565099000000004  -92.817098000000001  50.978999999999999
1454    -98.517000999999993  86.442999999999998  7.5138999999999996
1455    -106.486998  90.962902  5.0869
1456    -102.76600000000001  81.806898000000004  14.755000000000001
1457    4.6379999999999999  154.10600600000001  -4.9920999999999998
1458    11.564000999999999  152.16700700000001  1.22
1459    13.747999999999999  151.96800200000001  -14.847999
1460    127.416  22.451899999999998  -50.4651
1461    -23.955998999999998  43.140898999999997  -52.488998000000002
1462    -32.817098999999999  46.999000000000002  -53.25
1463    -29.026  48.220999999999997  -57.438001
1464    106.953003  0.57699999999999996  -31.973001
1465    117.51789599999999  4.6718999999999999  -34.148000000000003
1466    112.35089600000001  6.1349999999999998  -27.650001
1467    51.970999999999997  10.362  57.610999999999997
1468    -1.26  26.297999999999998  12.482001
1469    35.962000000000003  52.964002000000001  38.262002000000003
1470    41.665002999999999  55.339998999999999  39.659001000000004
1471    36.568998999999998  49.566001  42.869898999999997
1472    -34.592996999999997  133.25101100000001  5.6500000000000004
1473    -25.361097999999998  144.606009  2.407
1474    -21.104099000000001  75.344003999999998  -47.057997
1475    -27.784998999999999  81.486902999999998  -46.841997999999997
1476    -23.673999999999999  74.893899000000005  -41.350000000000001
1477    -21.205000999999999  13.038  9.4870000000000001
1478    -16.167000000000002  42.178001000000002  -25.326098999999999
1479    21.138901000000001  -38.2271  -34.431998
1480    21.103000000000002  -75.345099000000005  -47.057997
1481    -48.779997999999999  21.738  -35.409998000000002
1482    16.908000999999999  -59.110101  -59.324100999999999
1483    -33.465099000000002  27.645001000000001  47.499999000000003
1484    -37.722099999999998  27.415002000000001  45.908999000000001
1485    37.158999999999999  -42.215998999999996  30.172999999999998
1486    40.853999999999999  -39.766997000000003  31.218900999999999
1487    49.984000999999999  102.74189699999999  -26.053000000000001
1488    83.083004000000003  22.892900000000001  -38.641997000000003
1489    85.080005  18.402000999999998  -32.755099000000001
1490    19.590900999999999  117.550999  -54.409998999999999
1491    27.253  121.775001  -55.248100000000001
1492    23.888901000000001  109.3079  -59.048101000000003
1493    104.91000099999999  -83.162098999999998  -46.613
1494    103.72000199999999  -74.149101999999999  -46.625998000000003
1495    113.86489899999999  -80.338999999999999  -39.042000000000002
1496    100.54390100000001  -66.078103999999996  -43.867100000000001
1497    25.465  -31.542998000000001  46.748001000000002
1498    54.859000999999999  102.847002  -52.605998
1499    49.838003  103.81600299999999  -58.951999999999998
1500    46.964001000000003  114.695899  -54.285001000000001
1501    25.052  -37.734099000000001  30.093900999999999
1502    30.506  -50.363999  -36.091997999999997
1503    28.25  -54.370998999999998  -33.570996999999998
1504    33.734999999999999  -57.148997000000001  -35.007998000000001
1505    -29.939  -19.719999000000001  13.331001000000001
1506    -32.161000999999999  -18.847099  12.5459
1507    -29.173999999999999  -19.440999000000001  6.2610000000000001
1508    -23.569998999999999  67.116900999999999  46.041902
1509    -23.222999999999999  65.902001999999996  52.499997999999998
1510    -23.427999  58.894998999999999  50.200999000000003
1511    -28.079999999999998  55.602003000000003  37.622999
1512    -22.954999999999998  43.351002000000001  47.033999000000001
1513    -23.315999999999999  52.305002000000002  46.949002999999998
1514    -23.976997999999998  49.647900999999997  51.846001000000001
1515    -73.333099000000004  -70.097095999999993  17.120999999999999
1516    36.241002000000002  -139.69509300000001  26.551000999999999
1517    39.903902000000002  -134.98199  19.547001000000002
1518    45.882899000000002  -127.956107  27.222000000000001
1519    85.495002999999997  -100.498103  -18.056000000000001
1520    90.960898  -103.3291  -24.746998999999999
1521    99.816001999999997  -101.1611  -16.836998999999999
1522    132.43800400000001  34.090001000000001  -8.2399989999999992
1523    132.70101  41.764899999999997  -0.34499999999999997
1524    124.47199999999999  31.420000000000002  -4.2091000000000003
1525    6.7560000000000002  26.628900000000002  19.030999000000001
1526    -77.204100999999994  18.843001000000001  -53.348000999999996
1527    -72.486997000000002  12.668001  -63.203000000000003
1528    -79.769000000000005  4.0510000000000002  -67.194997999999998
1529    -82.587995000000006  9.7059999999999995  -64.558998000000003
1530    96.931897000000006  -0.109  30.684000000000001
1531    101.864897  -4.8140999999999998  27.300999999999998
1532    92.574894  -6.0730000000000004  28.446999999999999
1533    -128.323004  -70.374100999999996  21.927001000000001
1534    -118.571997  -67.330100000000002  32.304997999999998
1535    -124.275103  -62.153998999999999  24.350899999999999
1536    138.94501299999999  -51.244999999999997  27.367999999999999
1537    132.43600699999999  -47.371000000000002  41.220999999999997
1538    134.20790400000001  -57.091999999999999  32.837003000000003
1539    133.34500800000001  -63.569099000000001  -12.82
1540    111.008003  26.145  -61.860098999999998
1541    98.151996999999994  24.392900999999998  -63.388102000000003
1542    104.670897  31.463999000000001  -60.339100999999999
1543    51.424897999999999  81.262  -64.195998000000003
1544    51.305  92.558897999999999  -62.272001000000003
1545    -68.038099000000003  -1.839  -35.319999000000003
1546    -72.894000000000005  -5.6371000000000002  -35.749099999999999
1547    -92.825993999999994  50.087001000000001  19.162001
1548    -92.181995999999998  53.847000000000001  14.663
1549    -94.373099999999994  60.581001999999998  20.884001999999999
1550    -47.860101  -87.133101999999994  63.712001000000001
1551    -38.561098000000001  -80.936998000000003  64.691997999999998
1552    -51.317098999999999  -81.377998000000005  67.146002999999993
1553    -67.286103999999995  64.819001  -28.657001000000001
1554    -72.106100999999995  64.355998999999997  -25.524999999999999
1555    -70.759102999999996  60.970001000000003  -35.085000000000001
1556    -71.581102999999999  9.1699999999999999  -34.319099000000001
1557    -70.171997000000005  3.4460000000000002  -33.741101999999998
1558    -1.002  -35.542997999999997  -3.633
1559    -2.899  -34.481999000000002  -4.0850999999999997
1560    54.832000000000001  96.218005000000005  55.178001999999999
1561    45.069001999999998  91.142899999999997  57.969000000000001
1562    27.395001000000001  -61.707101999999999  39.279899999999998
1563    26.367000999999998  -67.837997999999999  40.152002000000003
1564    24.319900000000001  -60.655999999999999  44.428001999999999
1565    131.419003  -49.153998000000001  -7.8369999999999997
1566    71.869999000000007  87.336898000000005  15.477
1567    -5.7881  105.861001  33.493898999999999
1568    -5.718  111.708  40.366999999999997
1569    -9.5869999999999997  102.01589800000001  37.463999999999999
1570    32.618001  35.118899999999996  -54.007001000000002
1571    33.463999999999999  27.645001000000001  -47.499999000000003
1572    17.700002000000001  96.916899000000001  -23.205998999999998
1573    22.016999999999999  100.597002  -14.390999000000001
1574    14.606999999999999  99.847898000000001  -19.437099
1575    -19.694998999999999  -44.937100000000001  54.993000000000002
1576    -58.745001000000002  1.7819  58.858002999999997
1577    44.164999999999999  -5.944  -51.061101000000001
1578    52.611001000000002  -59.514001  -60.492097999999999
1579    49.640900999999999  -63.868098000000003  -65.387100000000004
1580    -20.711998999999999  138.90099499999999  -10.597999
1581    -12.622  63.289999999999999  -39.813001
1582    -15.179  68.787001000000004  -46.196997000000003
1583    38.560003000000002  80.935895000000002  64.691997999999998
1584    30.225901  74.000000999999997  64.259998999999993
1585    28.777000000000001  -10.520099999999999  2.3109999999999999
1586    -55.759999999999998  -60.598000999999996  -53.491101
1587    34.494898999999997  6.2679999999999998  18.208000999999999
1588    32.258898000000002  8.1780000000000008  11.571
1589    78.850894999999994  11.583  36.596998999999997
1590    72.044901999999993  14.465  36.965001000000001
1591    79.275004999999993  16.038001000000001  41.222900000000003
1592    -25.379999000000002  72.529897000000005  60.2029
1593    -92.482105000000004  40.942002000000002  38.661901
1594    36.088999000000001  -36.313001  27.312901
1595    31.777002  -32.699100999999999  23.298901000000001
1596    34.764901000000002  -30.869  23.607001
1597    49.897897999999998  -50.277099  57.812002
1598    -62.063999000000003  100.942001  -43.463099999999997
1599    38.402900000000002  -120.620102  8.6660000000000004
1600    33.243001  -124.772102  1.921
1601    33.465899999999998  -113.153003  6.4450000000000003
1602    -41.113999  -18.028998999999999  23.190000999999999
1603    -44.771000999999998  -20.031099999999999  29.086001
1604    106.486  90.962902  -5.0880000000000001
1605    102.764897  81.806898000000004  -14.756
1606    98.515898000000007  86.442999999999998  -7.5149999999999997
1607    93.663998000000007  -47.145097999999997  8.2100000000000009
1608    90.971000000000004  -57.266001000000003  10.027001
1609    92.180899999999994  -53.847997999999997  14.663
1610    37.820901999999997  25.274000999999998  -26.254999000000002
1611    35.057898999999999  20.749001  -21.243998999999999
1612    37.423901000000001  22.360999  -28.191998999999999
1613    28.329000000000001  -22.004999000000002  7.0259999999999998
1614    30.177001000000001  -20.625001000000001  7.3479999999999999
1615    30.416001000000001  -23.896999999999998  13.269
1616    36.108001999999999  42.381900999999999  -59.231999999999999
1617    -37.417999999999999  -4.2969999999999997  24.588999999999999
1618    -31.940999999999999  -5.5  19.332001000000002
1619    -34.495998  -6.2690999999999999  18.208000999999999
1620    42.959899  -115.47210099999999  15
1621    40.791001000000001  -104.22699900000001  17.148999
1622    46.839002999999998  -109.464996  20.822901000000002
1623    -54.7271  -71.527101000000002  -39.680101000000001
1624    -58.07  -80.107100000000003  -44.151100999999997
1625    -106.486998  -90.963997000000006  -5.0880000000000001
1626    -100.364998  -95.380999000000003  3.016
1627    -107.822001  -97.499995999999996  8.3260009999999998
1628    10.933999999999999  -112.83399900000001  -13.937999
1629    34.188899999999997  -18.187999999999999  22.631900000000002
1630    32.692  -17.097999999999999  15.420901000000001
1631    93.100898000000001  67.621998000000005  49.157001000000001
1632    103.72000199999999  74.147998999999999  46.624999000000003
1633    31.047001000000002  -14.252000000000001  8.9789999999999992
1634    -114.708997  92.424004999999994  0.60499999999999998
1635    -120.22599599999999  86.069002999999995  9.7559000000000005
1636    -111.45099999999999  85.425004000000001  13.364000000000001
1637    -50.956099999999999  -63.175998999999997  34.839998999999999
1638    -99.817097000000004  -101.15899899999999  16.836001
1639    -114.574  -96.190101999999996  14.720000000000001
1640    -18.709999  -86.319997999999998  -45.481997999999997
1641    -19.507999000000002  -87.802104999999997  -53.142000000000003
1642    22.763000999999999  14.404000999999999  15.148999999999999
1643    22.787001  11.901  14.92
1644    8.9440000000000008  27.964002000000001  18.016999999999999
1645    -21.069099999999999  12.277001  1.353
1646    -22.998000000000001  -24.739999000000001  -13.8101
1647    -21.754000000000001  -21.195  -7.3670999999999998
1648    104.91000099999999  83.161004000000005  46.611901000000003
1649    27.253  -121.77609699999999  55.247000999999997
1650    35.360999  -124.342099  53.119902000000003
1651    31.665998999999999  -112.48800199999999  60.411900000000003
1652    -33.736099000000003  57.147897999999998  -35.007998000000001
1653    -39.409998999999999  59.584901000000002  -35.687998
1654    -35.963099  52.964002000000001  -38.263100999999999
1655    -27.014999  -80.844104000000002  53.5
1656    -34.821998000000001  -87.207100999999994  52.735999
1657    32.105899999999998  11.927  4.7359999999999998
1658    -23.053000000000001  11.656901  9.8089999999999993
1659    -24.531099999999999  9.8170000000000002  2.0910000000000002
1660    -111.920998  -6.3270999999999997  -60.210999000000001
1661    -120.283  -13.929  -55.985101
1662    40.853999999999999  39.765898  -31.219999999999999
1663    45.730899999999998  43.317000999999998  -35.568098999999997
1664    -3.254  35.152901  -2.7961
1665    -2.899  34.480899999999998  4.0839999999999996
1666    8.9090000000000007  -101.697996  26.142900999999998
1667    12.279  -98.527096  29.885000000000002
1668    17.700002000000001  -96.918002000000001  23.204899999999999
1669    -7.4100000000000001  52.319001  -31.486999000000001
1670    -8.1319999999999997  57.171002000000001  -37.515998000000003
1671    -11.538999  57.707999000000001  -34.263998000000001
1672    -28.139999  -13.127000000000001  30.944001
1673    -25.298999999999999  -15.209  23.038
1674    -24.902999000000001  -12.340999  23.027000999999998
1675    -32.195999999999998  -16.334999  5.2800000000000002
1676    40.442999  -85.136100999999996  27.484999999999999
1677    47.901999000000004  -86.251996000000005  29.627001
1678    19.607900000000001  -54.550998  -30.937999000000001
1679    14.872999999999999  -50.710997999999996  -28.361999999999998
1680    -3.2440000000000002  25.059000000000001  -11.709
1681    -1.26  -39.382998000000001  16.43
1682    45.952900999999997  122.109003  -20.350100000000001
1683    42.959899  115.47099799999999  -15
1684    46.839002999999998  109.4639  -20.824000000000002
1685    -66.684999000000005  -11.555999999999999  -51.847099999999998
1686    -66.107101999999998  -9.0069999999999997  -57.728101000000002
1687    -59.292000000000002  -5.8411  -54.543998000000002
1688    25.052  37.733002999999997  -30.094999999999999
1689    22.468900000000001  35.855899999999998  -32.561101000000001
1690    -60.766998999999998  -8.0440000000000005  -49.220100000000002
1691    -52.926000000000002  -3.2570000000000001  -50.340100999999997
1692    -18.864999999999998  -103.16699699999999  -10.082000000000001
1693    -22.018000000000001  -100.598  -14.390999000000001
1694    -26.604998999999999  -107.0261  -6.9420000000000002
1695    -39.745998  2.9079000000000002  -42.328000000000003
1696    -42.186100000000003  0.68300000000000005  -39.442100000000003
1697    -47.186098999999999  -1.129  -45.251001000000002
1698    -86.678102999999993  -30.375  -44.286999999999999
1699    -82.725994  -25.285  -45.942101999999998
1700    49.680002000000002  -72.251000000000005  34.811000999999997
1701    43.771900000000002  -66.388099999999994  33.631901999999997
1702    49.617998  -64.947001999999998  36.284900999999998
1703    -53.868997999999998  -53.085997999999996  -46.891998000000001
1704    5.7759999999999998  35.894002999999998  9.0950000000000006
1705    6.4969999999999999  39.082999999999998  15.122999999999999
1706    8.7460000000000004  37.493898999999999  15.027001
1707    53.943998999999998  -87.721102000000002  34.437902000000001
1708    56.221998999999997  -98.319999999999993  37.268999999999998
1709    36.026001000000001  85.059895999999995  59.450999000000003
1710    47.859001999999997  87.132007000000002  63.712001000000001
1711    -19.608999000000001  -54.550998  30.937000999999999
1712    -23.045999999999999  -51.338099  31.369999
1713    -18.201999000000001  -48.145997999999999  28.408999999999999
1714    -81.079103000000003  -67.347995999999995  8.5999999999999996
1715    83.011000999999993  62.497999999999998  47.325000000000003
1716    -48.923101000000003  -57.597999000000002  -36.942101999999998
1717    -43.348998000000002  -52.889999000000003  -34.125
1718    27.870999999999999  78.212902  59.617001999999999
1719    -30.424001000000001  -71.805999  -65.072000000000003
1720    -30.320997999999999  -81.263103000000001  -65.566100000000006
1721    -21.357099999999999  80.543897999999999  53.986001999999999
1722    -23.209997999999999  89.396006999999997  59.890900000000002
1723    -24.695  80.949894999999998  60.658000000000001
1724    19.693999999999999  -44.937100000000001  -54.993997999999998
1725    -19.740998999999999  38.557898000000002  -46.638998999999998
1726    -15.712  39.478999000000002  -48.946998999999998
1727    -51.229101  5.0519999999999996  -56.801997
1728    -51.972099  10.362  -57.611998
1729    -44.280000000000001  10.747999999999999  -52.036997
1730    8.7929999999999993  107.313007  3.75
1731    19.111000000000001  111.3929  3.331
1732    15.087999999999999  112.498  8.6300000000000008
1733    21.538001000000001  -129.593998  -12.337
1734    20.711001  -138.901994  -10.597999
1735    15.262  -130.06798900000001  -19.579999000000001
1736    85.137001999999995  -68.038099000000003  -53.588099999999997
1737    75.9499  -62.333100000000002  -50.439
1738    83.011000999999993  -62.499097999999996  -47.326098999999999
1739    -6.0311000000000003  -31.817  2.4399999999999999
1740    20.666  25.867999999999999  -21.687100000000001
1741    19.797001000000002  23.305900000000001  -23.077000000000002
1742    19.809000000000001  21.044999000000001  -15.48
1743    -52.444997999999998  55.289000000000001  41.368901999999999
1744    -56.106999999999999  61.812899999999999  47.033000999999999
1745    20.559000000000001  44.873002999999997  29.579899999999999
1746    23.045000000000002  51.337000000000003  31.369999
1747    9.7509999999999994  55.7849  52.451900999999999
1748    20.641998999999998  93.373998999999998  -26.619
1749    23.378  89.237898999999999  -29.594999000000001
1750    38.402900000000002  120.619006  -8.6669999999999998
1751    33.465899999999998  113.15199699999999  -6.4461000000000004
1752    49.569000000000003  76.613895999999997  29.343900999999999
1753    43.584898000000003  74.647002000000001  31.628001000000001
1754    46.376899000000002  83.094001000000006  31.665998999999999
1755    -38.561098000000001  80.935895000000002  -64.693100999999999
1756    -42.037996999999997  75.459897999999995  -67.661098999999993
1757    -51.317098999999999  81.376902999999999  -67.147105999999994
1758    1.3959999999999999  135.20300399999999  -34.862000000000002
1759    -2.6880000000000002  126.882002  -33.541097999999998
1760    -5.8400999999999996  138.10201000000001  -27.042999999999999
1761    -41.472099999999998  -41.430999  -58.005102000000001
1762    -84.065101999999996  25.211001  53.540002999999999
1763    -86.892000999999993  22.687000999999999  60.282003000000003
1764    -5.29  -107.495099  8.4629999999999992
1765    -10.9351  -112.83399900000001  13.936999999999999
1766    -92.482105000000004  -40.943100999999999  -38.662999999999997
1767    -94.190098000000006  -46.199102000000003  -34.875999999999998
1768    -99.036105000000006  -48.854998999999999  -41.916097999999998
1769    82.586899000000003  -9.7070000000000007  -64.558998000000003
1770    58.443002  90.793899999999994  -48.848998000000002
1771    -54.916099000000003  74.758000999999993  -67.749999000000003
1772    -64.590000000000003  79.114898999999994  -66.156998000000002
1773    -61.368997999999998  86.302004999999994  -65.175100999999998
1774    -36.936101000000001  -71.116  -67.638098999999997
1775    88.065005999999997  -1.7949999999999999  30.937901
1776    83.013900000000007  2.2200000000000002  32.786898000000001
1777    91.398000999999994  4.2359999999999998  33.400002999999998
1778    -53.488999999999997  59.050899000000001  -40.083098999999997
1779    -56.625999999999998  64.238898000000006  -33.381999
1780    -98.889999000000003  37.813898000000002  7.0979999999999999
1781    -98.624996999999993  33.929001999999997  11.542999999999999
1782    0.73099999999999998  -28.517999  20.433001000000001
1783    -45.731999000000002  43.317000999999998  35.567000999999998
1784    -47.610100000000003  50.339002000000001  36.716901
1785    37.957000999999998  -61.168998000000002  33.786900000000003
1786    43.832999000000001  -59.662998000000002  34.277000000000001
1787    -2.4449999999999998  111.05000200000001  -24.243099999999998
1788    -51.305998000000002  92.558897999999999  62.270902
1789    -51.425997000000002  81.262  64.194902999999996
1790    -44.457099999999997  92.577003000000005  65.990894999999995
1791    -61.113998000000002  58.568998999999998  -46.304099000000001
1792    -54.694101000000003  56.908000000000001  -46.7971
1793    -48.395100999999997  54.769002  -46.383001
1794    -73.802098999999998  60.097000999999999  -42.736097999999998
1795    -20.559999999999999  -44.874097999999996  29.579899999999999
1796    -78.695998000000003  18.5869  -47.104998999999999
1797    -98.889999000000003  -37.814996999999998  -7.0990000000000002
1798    52.803001999999999  1.621  -37.433996999999998
1799    45.125  -0.059999999999999998  -36.248099000000003
1800    48.119898999999997  -1.1339999999999999  -33.234101000000003
1801    57.727001999999999  -4.7569999999999997  -32.187998
1802    62.944001999999998  -1.6399999999999999  -34.134999000000001
1803    55.563901000000001  -0.86509999999999998  -34.234099000000001
1804    57.727001999999999  4.7560000000000002  32.186999999999998
1805    -8.141  29.475000000000001  -9.7779989999999994
1806    -10.384  30.065000000000001  -16.961998999999999
1807    107.25289600000001  63.437900999999997  37.861001000000002
1808    118.57090100000001  67.329003999999998  32.304997999999998
1809    111.651003  71.372001999999995  39.792898999999998
1810    110.080004  -39.145999000000003  56.076898999999997
1811    117.300004  -34.397996999999997  57.103000999999999
1812    104.670897  -31.465098000000001  60.337003000000003
1813    22.016999999999999  -100.598  14.390000000000001
1814    26.603999999999999  -107.0261  6.9409000000000001
1815    18.864000000000001  -103.16699699999999  10.081001000000001
1816    10.085000000000001  -62.015999000000001  -44.249099000000001
1817    14.071899999999999  -66.693096999999995  -51.459997999999999
1818    20.666  -25.868998999999999  21.686001000000001
1819    20.088999999999999  20.550999999999998  -24.326999000000001
1820    20.339001  26.249998999999999  -30.553000000000001
1821    19.607900000000001  54.549899000000003  30.937000999999999
1822    24.760000000000002  58.180902000000003  32.678001000000002
1823    -130.68300500000001  -26.350999000000002  -15.693
1824    -127.52510599999999  -18.750999  -22.569998999999999
1825    13.817  101.14999899999999  -48.459999000000003
1826    16.992999000000001  94.736001999999999  -51.277999000000001
1827    16.114000000000001  92.137000999999998  -43.555100000000003
1828    33.243001  124.771006  -1.9220999999999999
1829    -30.997999  -18.198999000000001  5.7489999999999997
1830    -50.353099  -114.91999800000001  -26.774999000000001
1831    -49.985100000000003  -102.74299999999999  -26.053000000000001
1832    -53.790100000000002  -106.920995  -32.443098999999997
1833    0.024  39.646901  -34.000002000000002
1834    -1.214  36.465902  -35.390999000000001
1835    -3.1219999999999999  42.109000999999999  -41.979998000000002
1836    45.952900999999997  -122.11009900000001  20.349001999999999
1837    40.665000999999997  -128.28399200000001  13.266999999999999
1838    -5.0940000000000003  -52.258997999999998  44.796999999999997
1839    -5.9240000000000004  -48.631999999999998  47.715899
1840    18.201001000000002  48.145000000000003  28.408999999999999
1841    16.166  42.178001000000002  25.324999999999999
1842    13.791  44.923000000000002  24.700001
1843    57.645001000000001  89.315004999999999  -41.189
1844    13.055  -97.412102000000004  40.851000999999997
1845    9.5860009999999996  -102.017  37.463999999999999
1846    108.357005  -12.324999999999999  64.194902999999996
1847    99.300004999999999  -5.7060000000000004  66.650002999999998
1848    95.137997999999996  -12.131  67.375898000000007
1849    43.918900000000001  -70.565104000000005  67.507006000000004
1850    103.522003  -18.670099  65.309897000000007
1851    -71.956097999999997  -89.978993000000003  61.770901000000002
1852    -74.718102999999999  -82.300104000000005  63.159004000000003
1853    49.640900999999999  63.867002999999997  65.386004999999997
1854    58.105901000000003  68.277000999999998  65.428004000000001
1855    132.893011  78.513003999999995  1.6639999999999999
1856    136.901006  70.138000000000005  -8.3030989999999996
1857    131.83200400000001  75.545900000000003  -14.233000000000001
1858    -43.585996999999999  -74.648105000000001  31.628001000000001
1859    37.360999999999997  -109.05309800000001  11.989000000000001
1860    -58.673999999999999  -70.793002999999999  27.443999000000002
1861    -56.625999999999998  -64.240001000000007  33.381
1862    -62.099997000000002  -64.789101000000002  31.297999999999998
1863    -59.416998  -60.229998000000002  39.124999000000003
1864    30.319901000000002  -81.263103000000001  65.565004999999999
1865    36.709901000000002  -91.982104000000007  66.845997999999994
1866    -29.340999  -5.8559999999999999  20.550999999999998
1867    30.506  50.362900000000003  36.090899
1868    31.18  46.769001000000003  39.859000999999999
1869    -20.337  19.409901000000001  7.8550000000000004
1870    -20.420999999999999  16.458901000000001  0.53200000000000003
1871    -21.350099  18.43  0.246
1872    94.359003000000001  51.102001000000001  11.583
1873    101.581  49.277000000000001  17.440000999999999
1874    91.809899000000001  53.757899000000002  16.180900999999999
1875    27.013902000000002  80.843001999999998  53.5
1876    98.593003999999993  41.491002000000002  -2.5070000000000001
1877    93.663998000000007  47.143999000000001  -8.2111000000000001
1878    98.888903999999997  37.813898000000002  -7.0990000000000002
1879    30.899901  44.277898999999998  -58.493997999999998
1880    75.649000999999998  102.51000500000001  45.827899000000002
1881    -30.675000000000001  18.152899999999999  1.0620000000000001
1882    -31.420998000000001  16.131900000000002  1.4950000000000001
1883    32.816000000000003  -46.999997999999998  -53.25
1884    35.464998000000001  -47.472101000000002  -48.133999000000003
1885    41.291899999999998  -50.861998999999997  -51.078997999999999
1886    15.497999999999999  -47.968000000000004  -55.868099999999998
1887    -37.041998999999997  22.878001000000001  38.006
1888    -33.548098000000003  22.134  39.868001
1889    48.922001999999999  -57.597999000000002  36.941003000000002
1890    41.901000000000003  -58.866098999999998  -64.000003000000007
1891    -68.561993999999999  -65.593101000000004  59.367998999999998
1892    -61.463099  -59.519100999999999  53.820900999999999
1893    -68.708099000000004  -61.313000000000002  52.631002000000002
1894    1.6379999999999999  -105.55599599999999  2.2530000000000001
1895    7.4089  52.319001  31.486001000000002
1896    37.865001999999997  48.423000000000002  -32.189999
1897    43.347898999999998  52.8889  -34.125
1898    -32.645099000000002  14.071  -38.465998999999996
1899    -29.007000999999999  16.347000000000001  -30.618099000000001
1900    -28.139999  13.126001  -30.944998999999999
1901    138.22899799999999  -47.505099000000001  5.3860000000000001
1902    57.5349  -70.878996999999998  46.109999999999999
1903    57.685003000000002  -70.405996999999999  53.123001000000002
1904    58.615003000000002  -80.545000999999999  51.569000000000003
1905    -8.1851000000000003  -130.71300099999999  -42.153001000000003
1906    -3.2469999999999999  -123.24809999999999  -39.931998
1907    10.85  32.615001999999997  16.020902
1908    -28.597999000000002  43.893999999999998  32.056902000000001
1909    -28.462  49.631  35.201900000000002
1910    -25.034998999999999  42.868901000000001  34.702900999999997
1911    113.5609  -88.973999000000006  -35.720098999999998
1912    103.93390100000001  -91.745101000000005  -43.827001000000003
1913    -4.8341000000000003  30.631  4.7169999999999996
1914    -4.2439999999999998  32.756000999999998  4.4640000000000004
1915    27.870999999999999  -78.213997000000006  -59.618101000000003
1916    75.649000999999998  -102.5111  -45.828997999999999
1917    79.500899000000004  -98.661102  -52.443097999999999
1918    90.399005000000002  -99.483103  -46.118099000000001
1919    111.44989700000001  85.425004000000001  -13.365
1920    105.942003  76.346002999999996  -21.975999999999999
1921    -35.007998000000001  53.554001999999997  -61.319999000000003
1922    -45.345101999999997  55.562001000000002  -59.229098
1923    53.867998999999998  53.084899  -46.891998000000001
1924    55.758901000000002  60.596998999999997  -53.491101
1925    98.151996999999994  71.3339  -19.889999
1926    92.893897999999993  64.635001000000003  -15.695
1927    1.5189999999999999  26.930001000000001  20.3369
1928    -0.73199999999999998  28.516999999999999  20.433001000000001
1929    19.562899999999999  120.32090100000001  11.645
1930    -111.45099999999999  -85.426100000000005  -13.365
1931    81.537998999999999  -103.985101  -31.900998000000001
1932    86.176000999999999  -103.404  -39.418000999999997
1933    96.386000999999993  -102.657996  -31.994
1934    -75.958996999999997  -60.506999  32.138001000000003
1935    -70.759102999999996  -60.9711  35.083900999999997
1936    -72.106100999999995  -64.357101999999998  25.524000000000001
1937    -63.910997999999999  -71.059994000000003  24.423901000000001
1938    -42.804099999999998  103.675  63.060999000000002
1939    -39.770997999999999  114.378899  58.741
1940    -49.839101999999997  103.81600299999999  58.951002000000003
1941    2.2589999999999999  -30.7911  20.117000000000001
1942    2.871  -28.094999000000001  12.505000000000001
1943    -110.786103  95.961899000000003  -30.333100000000002
1944    -114.574  96.188999999999993  -14.721
1945    -24.695  -80.950997999999998  -60.659098999999998
1946    -22.569998999999999  -73.180102000000005  -53.773999000000003
1947    -21.357099999999999  -80.545000999999999  -53.987000000000002
1948    -55.451999999999998  77.977896000000001  -26.459999
1949    -59.418998999999999  86.690000999999995  -24.704999999999998
1950    -41.666097999999998  55.339998999999999  -39.659998999999999
1951    -127.254993  -13.218999999999999  -36.187998999999998
1952    -117.51899899999999  -4.673  -34.148000000000003
1953    -61.116098999999998  -58.570000999999998  46.302999999999997
1954    -46.723998999999999  17.253900000000002  -27.249998999999999
1955    -44.771000999999998  20.030000999999999  -29.087
1956    -84.588997000000006  8.1920000000000002  31.298901999999998
1957    28.597000999999999  -43.895099000000002  32.056902000000001
1958    28.460999999999999  -49.632002  35.201900000000002
1959    -91.6631  16.881900000000002  26.489899999999999
1960    -85.081100000000006  18.402000999999998  32.753999999999998
1961    -1.6671  37.587001999999998  26.103000999999999
1962    -0.747  40.240000999999999  24.576900999999999
1963    -2.3681000000000001  35.948000999999998  18.498999999999999
1964    -3.625  32.715000000000003  11.800000000000001
1965    -2.8359999999999999  33.397897999999998  19.437000000000001
1966    0.74590000000000001  40.240000999999999  -24.577998999999998
1967    98.563001  -52.449100000000001  -22.576999000000001
1968    42.762  132.119  -34.571998000000001
1969    37.061999999999998  133.96599900000001  -41.279997999999999
1970    36.241002000000002  139.694005  -26.552099999999999
1971    5.4809000000000001  -38.835999000000001  -43.151099000000002
1972    3.121  -42.110100000000003  -41.979998000000002
1973    1.2130000000000001  -36.467001000000003  -35.390999000000001
1974    -32.779001000000001  55.737901000000001  34.612901999999998
1975    -34.765999999999998  30.867999000000001  23.607001
1976    -36.889001999999998  28.260899999999999  24.645001000000001
1977    -38.987997999999997  33.729900000000001  28.395900999999999
1978    90.959898999999993  37.084899999999998  -31.039000000000001
1979    92.318996999999996  31.707000000000001  -24.386997999999998
1980    5.8390000000000004  138.10201000000001  27.041900999999999
1981    8.8119999999999994  147.16200499999999  15.872999999999999
1982    0.44900000000000001  145.574003  24.909001
1983    22.774000000000001  10.022  6.3029000000000002
1984    24.599001000000001  8.7810000000000006  5.7908999999999997
1985    25.436001000000001  7.9180000000000001  13.722899999999999
1986    33.936999999999998  -19.91  -19.385999000000002
1987    29.937901  -19.719999000000001  -13.332000000000001
1988    16.166  -42.179099999999998  -25.326098999999999
1989    17.402899999999999  -38.996000000000002  -26.716999999999999
1990    13.622999999999999  -36.910001000000001  -21.246099999999998
1991    -124.472998  31.420000000000002  4.2080000000000002
1992    123.387001  28.5349  -55.132002
1993    -86.180999999999997  -6.6340000000000003  -68.013102000000003
1994    -74.662103999999999  -8.1549990000000001  -64.610101
1995    44.786900000000003  81.430002999999999  -67.481100999999995
1996    50.316001999999997  70.235996999999998  -64.705104000000006
1997    52.152901999999997  113.38990200000001  -47.721099000000002
1998    -33.381999  -20.614999999999998  28.173901000000001
1999    -31.337  -20.263999999999999  20.603999000000002
2000    -28.781099000000001  -19.496099999999998  21.725899999999999
2001    -14.873999  -50.710997999999996  28.361000000000001
2002    39.110000999999997  -21.656099999999999  -33.848996999999997
2003    36.263902000000002  -20.257000000000001  -36.049999
2004    42.844000999999999  -21.288098999999999  -41.618999000000002
2005    -127.75500099999999  83.640902999999994  4.4790000000000001
2006    -124.16999800000001  78.625000999999997  18.913001000000001
2007    -23.146999999999998  39.097000000000001  -43.387099999999997
2008    -16.271999000000001  34.661900000000003  -40.074098999999997
2009    -96.018000999999998  12.023999999999999  -52.220098999999998
2010    -5.7020999999999997  27.488001000000001  -2.7799999999999998
2011    -33.355001000000001  6.6420000000000003  -37.236097999999998
2012    -29.684999999999999  6.8810000000000002  -29.572998999999999
2013    -35.308  3.8650000000000002  -35.397998999999999
2014    8.1799999999999997  -103.874996  11.128
2015    11.42  -102.165103  15.385
2016    -0.73199999999999998  -28.517999  -20.434097999999999
2017    -2.2599999999999998  -30.7911  -20.118099000000001
2018    -2.8719999999999999  -28.094999000000001  -12.506
2019    73.323898  15.946001000000001  -46.623100000000001
2020    28.180900999999999  -28.976998999999999  18.707999999999998
2021    25.204001000000002  -28.937999000000001  19.321999999999999
2022    25.486000000000001  -25.409099000000001  13.291
2023    45.838999999999999  22.360999  38.603999000000002
2024    48.778899000000003  21.738  35.408999999999999
2025    30.9969  -18.198999000000001  -5.75
2026    33.872000999999997  -17.142099999999999  -11.851000000000001
2027    32.194901000000002  -16.334999  -5.2811000000000003
2028    17.402899999999999  38.994900999999999  26.715900999999999
2029    -22.018000000000001  100.597002  14.390000000000001
2030    -11.420999999999999  102.164  15.385
2031    -14.607999  99.847898000000001  19.436
2032    -38.938001  -20.100999999999999  24.683001000000001
2033    -95.027997999999997  -75.572997000000001  52.624001999999997
2034    -95.190100000000001  -84.419995999999998  53.263001000000003
2035    -85.843101000000004  -75.626001000000002  57.624999000000003
2036    117.771007  55.256898999999997  24.350000999999999
2037    124.274001  62.152900000000002  24.350899999999999
2038    113.04490300000001  59.790998999999999  31.302001000000001
2039    100.54390100000001  66.077000999999996  43.866000999999997
2040    17.2089  146.82799600000001  6.6950000000000003
2041    -93.102001000000001  -67.623101000000005  49.157001000000001
2042    -85.138097000000002  -68.038099000000003  53.587001000000001
2043    -83.012096999999997  -62.499097999999996  47.325000000000003
2044    53.167901999999998  69.994003000000006  29.946999999999999
2045    55.451002000000003  77.977896000000001  26.4589
2046    103.93390100000001  91.744005999999999  43.825999000000003
2047    93.564003999999997  92.816002999999995  50.978999999999999
2048    -65.108097999999998  -100.069098  51.111001999999999
2049    -79.502001000000007  -98.661102  52.442003
2050    -75.650103000000001  -102.5111  45.827899000000002
2051    -38.403998999999999  120.619006  8.6660000000000004
2052    -40.6661  128.28300899999999  13.266999999999999
2053    42.762  -132.11999800000001  34.570898999999997
2054    -25.021000000000001  -97.436993999999999  -18.438998999999999
2055    -17.701098999999999  -96.918002000000001  -23.205998999999998
2056    -20.643000000000001  -93.374996999999993  -26.619
2057    128.32200499999999  70.372998999999993  21.927001000000001
2058    133.34500800000001  63.568002999999997  12.819001
2059    134.85600099999999  71.462898999999993  7.7378999999999998
2060    -43.919998999999997  70.564002000000002  67.507006000000004
2061    -42.029001000000001  60.272899000000002  66.096000000000004
2062    128.77599900000001  37.750900000000001  -48.713099
2063    133.04799800000001  31.690000999999999  -43.756999
2064    -136.67799500000001  55.853999999999999  -3.6419999999999999
2065    -133.345991  63.568002999999997  -12.82
2066    52.512000999999998  7.4869000000000003  29.481000999999999
2067    47.435001  9.8239999999999998  26.017900999999998
2068    -109.65599899999999  15.015000000000001  18.773001000000001
2069    -112.393998  20.367999999999999  13.755000000000001
2070    106.018901  -54.568100999999999  -27.885999999999999
2071    94.822899000000007  -55.162999999999997  -27.482999
2072    -43.715998999999996  -98.762101999999999  -21.855
2073    -46.098000999999996  -92.739998999999997  -26.035
2074    43.832999000000001  59.661898999999998  -34.278002000000001
2075    21.187000000000001  14.09  7.1299999999999999
2076    -22.420998999999998  -73.652997999999997  -46.759996999999998
2077    -20.812100000000001  -80.107100000000003  -46.568098999999997
2078    27.635000999999999  -42.8611  -48.734099000000001
2079    -27.872  78.212902  -59.618101000000003
2080    -27.014999  80.843001999999998  -53.5
2081    -20.07  73.927999  -53.071998000000001
2082    29.158999999999999  116.448902  -0.59799999999999998
2083    31.18  -46.770099999999999  -39.860100000000003
2084    -5.718  -111.70899900000001  -40.368099000000001
2085    -9.5869999999999997  -102.017  -37.465099000000002
2086    -5.7881  -105.861999  -33.494998000000002
2087    1.7969999999999999  -25.091000000000001  4.4470000000000001
2088    -0.065000000000000002  42.778902000000002  -32.055098999999998
2089    -1.4690000000000001  45.383899999999997  -29.851001
2090    121.319897  49.986001000000002  17.172001000000002
2091    109.80200000000001  50.735999  21.922999999999998
2092    112.636  46.368901000000001  15.781000000000001
2093    -83.856098000000003  60.359000999999999  -13.988
2094    -86.792000000000002  58.297998999999997  -9.6760000000000002
2095    -45.883997999999998  -127.956107  -27.222999999999999
2096    -24.503098999999999  118.863896  -5.4650999999999996
2097    -8.2330000000000005  -44.930998000000002  49.531999999999996
2098    106.217004  -37.749997999999998  -1.581
2099    115.375899  -36.486998  -3.4249999999999998
2100    -94.824000999999996  -55.162999999999997  27.482001
2101    -101.346098  -57.748102000000003  33.536900000000003
2102    -90.402096999999998  -57.347099999999998  32.060999000000002
2103    -54.833098999999997  96.218005000000005  -55.179099999999998
2104    -65.108097999999998  100.068003  -51.112000000000002
2105    42.658999999999999  11.784000000000001  21.819001
2106    42.421002000000001  15.109  22.183999
2107    -14.436  120.760001  -17.841000000000001
2108    1.845  105.947897  -17.681999000000001
2109    -42.3401  46.207000000000001  33.117998
2110    -15.089  112.498  -8.6309989999999992
2111    -7.1909999999999998  -47.570999999999998  25.996901000000001
2112    8.8089999999999993  -36.270997999999999  -43.200102000000001
2113    11.67  -41.715997999999999  -49.965099000000002
2114    -112.35199900000001  6.1349999999999998  27.649000000000001
2115    -106.128  9.8049999999999997  23.309000000000001
2116    -101.865999  4.8129999999999997  27.300999999999998
2117    24.960999999999999  -48.443100999999999  38.686
2118    -1.1599999999999999  35.777900000000002  -3.181
2119    -1.2749999999999999  37.131901999999997  -9.8699999999999992
2120    -3.6311  36.958899000000002  -9.3739989999999995
2121    -12.234999999999999  106.525004  0.94989999999999997
2122    5.2889999999999997  107.494004  8.4629999999999992
2123    1.7330000000000001  107.04689500000001  13.130000000000001
2124    -4.915  104.998998  6.7309000000000001
2125    30.172999999999998  44.132899000000002  44.298000999999999
2126    29.006001000000001  16.347000000000001  30.617000999999998
2127    79.787998999999999  59.854000999999997  39.791901000000003
2128    -43.772998999999999  -66.388099999999994  -33.633001
2129    -43.169998  -72.942099999999996  -32.245997000000003
2130    11.005901  -29.350999999999999  -25.588000000000001
2131    6.7409999999999997  -31.826999000000001  -35.779997999999999
2132    10.189000999999999  -31.073999000000001  -34.717998999999999
2133    27.013902000000002  -80.844104000000002  -53.5
2134    -37.361998  -109.05309800000001  -11.99
2135    -38.403998999999999  -120.620102  -8.6669999999999998
2136    -33.466997999999997  -113.153003  -6.4461000000000004
2137    -36.265000999999998  20.256  -36.049999
2138    -33.381999  20.614000000000001  -28.175000000000001
2139    -30.847999999999999  18.978002  -29.646000000000001
2140    23.027901  -46.236998999999997  42.840000000000003
2141    22.708000999999999  -40.748100999999998  37.999999000000003
2142    -88.066101000000003  1.794  30.937901
2143    -96.933000000000007  0.108  30.684000000000001
2144    15.262  130.06700599999999  19.579001000000002
2145    21.538001000000001  129.59299999999999  12.336001
2146    10.189000999999999  31.072901999999999  34.716900000000003
2147    5.2560000000000002  28.489000999999998  27.923901000000001
2148    29.684000000000001  -6.8819999999999997  -29.572998999999999
2149    27.089002000000001  -7.2811000000000003  -21.681999999999999
2150    -34.577001000000003  -3.9020000000000001  26.329901
2151    -47.186098999999999  1.1279999999999999  45.249999000000003
2152    -62.756098999999999  14.520001000000001  -60.506999
2153    -56.093000000000004  -19.371998999999999  53.786900000000003
2154    -65.292000999999999  -18.559999999999999  57.008899999999997
2155    11.005901  29.350000000000001  25.586901000000001
2156    25.530000999999999  9.5570000000000004  22.552
2157    16.270900000000001  34.661900000000003  40.073003999999997
2158    104.629897  -4.6920000000000002  -57.182997
2159    102.634005  -0.2021  -63.069999000000003
2160    95.866895999999997  -60.176997999999998  -38.750999
2161    90.401000999999994  -57.347099999999998  -32.062097999999999
2162    101.34500300000001  -57.748102000000003  -33.537998999999999
2163    -49.494999999999997  -42.772996999999997  -50.662998000000002
2164    -52.974001000000001  -51.327001000000003  -52.666998999999997
2165    -29.173999999999999  19.440000999999999  -6.2621000000000002
2166    -27.213000000000001  20.614000000000001  0.32600000000000001
2167    -27.0031  19.870000000000001  -6.7380000000000004
2168    -15.089  -112.49910300000001  8.6300000000000008
2169    -19.111999999999998  -111.393996  3.331
2170    -25.204999000000001  28.937000999999999  19.321999999999999
2171    -25.486999999999998  25.408002  13.291
2172    -28.181999999999999  28.975899999999999  18.707999999999998
2173    -53.952001000000003  -63.340998999999996  -40.993098000000003
2174    -8.9449989999999993  -27.965098999999999  18.016999999999999
2175    -5.4489999999999998  -25.805098999999998  11.074
2176    -5.4820000000000002  38.834899999999998  -43.151099000000002
2177    -8.2330000000000005  44.93  -49.533099
2178    -5.8400999999999996  -138.102993  27.041900999999999
2179    -8.9190000000000005  -129.168004  26.701000000000001
2180    -95.138997000000003  -12.131  -67.377001000000007
2181    -90.780996000000002  -18.093999  -65.141000000000005
2182    56.054000000000002  21.34  38.394998999999999
2183    58.054000000000002  18.437000000000001  34.969999999999999
2184    51.219000999999999  19.510901  32.521900000000002
2185    56.091901  19.371001  53.786900000000003
2186    65.291002000000006  18.559000000000001  57.008899999999997
2187    70.358998999999997  -9.7330000000000005  39.951000000000001
2188    72.892897000000005  -5.6371000000000002  35.748001000000002
2189    77.412002000000001  -9.7070000000000007  35.441004
2190    40.901001999999998  -27.475999999999999  32.848897999999998
2191    44.345002999999998  -33.459999000000003  36.520001000000001
2192    24.408999999999999  -13.032  17.800999999999998
2193    5.4089  -104.171999  22.047000000000001
2194    46.171999999999997  -41.569099000000001  54.993000000000002
2195    42.021900000000002  -33.911000999999999  50.992998999999998
2196    41.471001000000001  -41.430999  58.004002999999997
2197    -1.6391  -105.55599599999999  -2.254
2198    -8.7939989999999995  -107.31410200000001  3.75
2199    7.5919999999999996  142.095  -33.576999000000001
2200    -0.45000000000000001  145.574003  -24.909998999999999
2201    6.4269999999999996  150.442004  -20.6281
2202    125.34989400000001  52.331001000000001  -44.181998999999998
2203    126.782894  61.471998999999997  -36.347099
2204    98.593003999999993  -41.492100999999998  2.5059999999999998
2205    -120.51010100000001  -18.385999000000002  -17.0031
2206    -123.059995  -24.868998999999999  -10.829098999999999
2207    21.576000000000001  11.887  6.774
2208    -85.338994999999997  8.1539999999999999  -35.390999000000001
2209    -78.851997999999995  11.583  -36.598000999999996
2210    -86.851999000000006  12.847  -40.217998999999999
2211    -114.291102  -25.788098999999999  -8.3320000000000007
2212    -124.472998  -31.420998000000001  -4.2091000000000003
2213    -11.084  52.175897999999997  -29.441998999999999
2214    -4.4109999999999996  51.118001  -34.187100999999998
2215    -13.623999  36.908999000000001  -21.246099999999998
2216    -12.215999999999999  39.666001000000001  -20.459
2217    70.757999999999996  -60.9711  -35.085000000000001
2218    43.369900000000001  92.802002999999999  50.790998999999999
2219    -23.890000000000001  109.3079  59.047001999999999
2220    -27.254000000000001  121.775001  55.247000999999997
2221    2.0889000000000002  -45.592996999999997  -39.863999999999997
2222    0.064000000000000001  -42.779997000000002  -32.055098999999998
2223    -0.025100000000000001  -39.648000000000003  -34.000002000000002
2224    34.764901000000002  23.506001000000001  -19.993098
2225    30.416001000000001  23.895900999999999  -13.270099999999999
2226    32.105899999999998  21.946999999999999  -13.770099999999999
2227    33.355899000000001  26.036999999999999  -19.073
2228    -8.8100989999999992  36.270000000000003  -43.200102000000001
2229    31.047001000000002  14.250999999999999  -8.9799989999999994
2230    -19.111999999999998  111.3929  -3.3321000000000001
2231    -46.9651  114.695899  54.283999000000001
2232    -42.683996  124.860004  48.353999999999999
2233    54.726000999999997  -71.527101000000002  39.679001999999997
2234    -22.965999  -19.913999  -0.106
2235    -21.350099  -18.431000000000001  -0.247
2236    -93.665101000000007  47.143999000000001  8.2100000000000009
2237    -127.054095  85.765898000000007  -11.590999999999999
2238    -121.93100200000001  90.597898000000001  -5.2519999999999998
2239    20.395900999999999  149.919003  -8.4499999999999993
2240    -32.106999000000002  11.927  -4.7370000000000001
2241    -31.323001000000001  13.972  1.883
2242    -32.584999000000003  14.133001  -4.9240000000000004
2243    28.710999999999999  145.703003  -17.779
2244    32.853997999999997  43.664000999999999  -30.466999999999999
2245    -5.7770000000000001  35.894002999999998  -9.0959990000000008
2246    -32.418999999999997  10.225001000000001  -38.313001
2247    -28.378999  9.8019999999999996  -30.579999000000001
2248    138.93800999999999  60.938898000000002  -18.062100000000001
2249    134.20790400000001  57.090901000000002  -32.838099
2250    134.009004  66.592999000000006  -23.765000000000001
2251    -0.747  -40.241100000000003  -24.577998999999998
2252    1.468  -45.384999000000001  -29.851001
2253    56.054000000000002  -21.341000000000001  -38.396000999999998
2254    -83.084001999999998  -22.893999000000001  -38.641997000000003
2255    -78.226997999999995  -20.452998999999998  -46.731997
2256    -41.292999000000002  -50.861998999999997  51.077899000000002
2257    -27.614100000000001  -11.351000000000001  -9.7989999999999995
2258    -28.777999999999999  -10.520099999999999  -2.3100000000000001
2259    47.673001999999997  -19.347999000000002  -49.415100000000002
2260    88.413998000000007  -12.496999000000001  29.173901000000001
2261    91.662004999999994  -16.882999000000002  26.489899999999999
2262    24.954000000000001  73.875896999999995  -40.229998999999999
2263    27.999001  79.388000000000005  -33.942100000000003
2264    -33.873100000000001  17.141000999999999  -11.851000000000001
2265    -36.187998999999998  18.482900999999998  -18.253999
2266    94.308897999999999  -21.282  23.315901
2267    88.096998999999997  -22.882000000000001  30.475901
2268    -2.4449999999999998  -111.05110500000001  24.242000999999998
2269    -39.340100999999997  50.811999  63.304997999999998
2270    -36.109101000000003  42.381900999999999  59.230901000000003
2271    -37.375998000000003  81.430002999999999  67.958899000000002
2272    -30.320997999999999  81.262  65.565004999999999
2273    -36.710999999999999  91.981001000000006  66.845997999999994
2274    -20.3401  -26.250999  -30.553000000000001
2275    -21.271999999999998  -23.263999999999999  -32.161999000000002
2276    -33.463101999999999  52.319001  62.816001
2277    -66.528998000000001  4.5510000000000002  62.352001999999999
2278    39.770000000000003  -114.37999499999999  58.741
2279    42.682901000000001  -124.861099  48.353999999999999
2280    -21.754000000000001  21.193999999999999  7.3659999999999997
2281    115.078002  -78.906998000000002  21.631001000000001
2282    111.44989700000001  -85.426100000000005  13.364000000000001
2283    37.590001000000001  -72.084001999999998  -33.250999
2284    33.506900000000002  -76.748103  -35.882998000000001
2285    39.872999999999998  -80.248103  -34.146998000000004
2286    30.172999999999998  -44.133997999999998  -44.298999000000002
2287    25.408999999999999  -41.009999999999998  -39.687998999999998
2288    48.778899000000003  -21.739099  -35.409998000000002
2289    45.838999999999999  -22.361999000000001  -38.605001000000001
2290    53.379002999999997  -22.534099999999999  -42.346100999999997
2291    1.7969999999999999  25.09  -4.4480000000000004
2292    94.980001000000001  -9.8629999999999995  -59.105001000000001
2293    -35.058998000000003  -20.749998999999999  -21.243998999999999
2294    25.530000999999999  -9.5579999999999998  -22.552999
2295    36.616000999999997  -8.0440000000000005  -17.354998999999999
2296    32.258898000000002  -8.1790000000000003  -11.571999999999999
2297    -38.180999  6.399  -44.470101999999997
2298    -86.177103000000002  -103.404  39.416902
2299    -71.819997999999998  -103.163101  38.173000999999999
2300    -37.728101000000002  10.621  -45.536999000000002
2301    67.114896999999999  -71.845099000000005  -64.120098999999996
2302    60.404899999999998  -62.927  -60.537998000000002
2303    -8.8100989999999992  -36.270997999999999  43.199002999999998
2304    -5.4820000000000002  -38.835999000000001  43.149999999999999
2305    -33.356997999999997  26.036999999999999  19.071999999999999
2306    0.74590000000000001  -40.241100000000003  24.576900999999999
2307    0.93000000000000005  -38.049000999999997  17.440899999999999
2308    -105.95899799999999  -100.241996  23.701001000000002
2309    1.6659999999999999  -37.588101000000002  26.103000999999999
2310    2.367  -35.949100000000001  18.498999999999999
2311    -6.29  29.614000000000001  -2.5270000000000001
2312    -8.2189999999999994  31.842998999999999  -9.3149999999999995
2313    40.791001000000001  104.22589600000001  -17.149999999999999
2314    -47.860101  87.132007000000002  -63.713104000000001
2315    -57.943097999999999  92.306897000000006  -61.319097999999997
2316    27.881902  -136.840001  -2.359
2317    30.055  7.1360000000000001  12.182
2318    49.617998  64.945898999999997  -36.286000000000001
2319    48.922001999999999  57.597000000000001  -36.942101999999998
2320    34.820898999999997  87.205999000000006  52.735999
2321    -20.416999000000001  -54.776099000000002  60.723900999999998
2322    39.408999999999999  59.584901000000002  35.686999999999998
2323    2.835  -33.398997000000001  19.437000000000001
2324    -40.970101999999997  2.2400000000000002  -30.635999999999999
2325    -53.488999999999997  -59.051997999999998  40.082000000000001
2326    27.211901000000001  -20.614999999999998  0.32600000000000001
2327    26.079001000000002  -22.597999999999999  6.9158999999999997
2328    113.86489899999999  80.337896999999998  39.041001000000001
2329    -81.539102  103.983998  -31.900998000000001
2330    -71.819997999999998  103.16200600000001  -38.173999999999999
2331    -86.177103000000002  103.40289799999999  -39.418000999999997
2332    -29.503999  -13.404999999999999  -17.091999000000001
2333    74.716999999999999  82.299002000000002  63.159004000000003
2334    82.791000999999994  92.197902999999997  57.006000999999998
2335    -8.8129989999999996  -147.16298900000001  15.872999999999999
2336    -11.565  -152.16800599999999  1.22
2337    140.419006  54.235999  -11.608000000000001
2338    138.94501299999999  51.243901000000001  -27.369
2339    19.797001000000002  -23.306999000000001  23.076000000000001
2340    -27.635999000000002  -42.8611  48.733002999999997
2341    43.812900999999997  -3.6410999999999998  -28.434999000000001
2342    28.079001000000002  55.602003000000003  -37.624097999999996
2343    -47.903001000000003  -86.251996000000005  -29.6281
2344    -52.361100999999998  -95.446995999999999  -30.611999000000001
2345    24.751999999999999  -40.2271  50.629998999999998
2346    47.185000000000002  1.1279999999999999  -45.251001000000002
2347    60.5289  2.3420000000000001  -36.898997000000001
2348    -86.676097999999996  15.946001000000001  -53.377997000000001
2349    -85.014000999999993  13.882999999999999  -59.709001000000001
2350    -94.981104000000002  9.8620000000000001  -59.105001000000001
2351    -37.062998999999998  133.96599900000001  41.278899000000003
2352    -48.104998000000002  123.25  41.673000999999999
2353    -33.466997999999997  113.15199699999999  6.4450000000000003
2354    -37.361998  109.052002  11.989000000000001
2355    2.444  111.05000200000001  24.242000999999998
2356    9.2200000000000006  120.126903  23.937000000000001
2357    42.036898000000001  -75.460999999999999  -67.661098999999993
2358    51.316001  -81.377998000000005  -67.147105999999994
2359    23.672999999999998  74.893899000000005  41.348900999999998
2360    29.196999999999999  -19.729099999999999  0.65200000000000002
2361    -33.465099000000002  -27.646000000000001  -47.499999000000003
2362    -37.722099999999998  -27.416098999999999  -45.910001000000001
2363    -33.548098000000003  -22.135099  -39.868999000000002
2364    -37.493099000000001  -33.918000999999997  -53.276099000000002
2365    -110.08109899999999  -39.145999000000003  -56.077998000000001
2366    -98.446995000000001  -35.133999000000003  -55.998102000000003
2367    -102.830105  -42.055998000000002  -52.215099000000002
2368    1.274  -37.133001  -9.8699999999999992
2369    3.8679999999999999  -39.745998  -15.614998999999999
2370    3.6299999999999999  -36.959997999999999  -9.3739989999999995
2371    -2.2599999999999998  30.790001  20.117000000000001
2372    34.764901000000002  30.867999000000001  -23.607999
2373    31.777002  32.698002000000002  -23.300000000000001
2374    -42.683996  -124.861099  -48.354998000000002
2375    -37.062998999999998  -133.96699699999999  -41.279997999999999
2376    -37.866101  -48.423997999999997  -32.189999
2377    -42.3401  -46.209000000000003  -33.119
2378    -45.731999000000002  -43.318100000000001  -35.568098999999997
2379    -43.376997000000003  -36.694097999999997  -33.450100999999997
2380    -50.437100000000001  -21.833998999999999  46.213000999999998
2381    -53.380102000000001  -22.534099999999999  42.345002000000001
2382    -90.400099999999995  -99.483103  46.116999999999997
2383    76.445899999999995  74.346997000000002  61.493001999999997
2384    -38.390998000000003  -90.611099999999993  -24.233999000000001
2385    -40.444097999999997  -85.136100999999996  -27.486098999999999
2386    -80.722100999999995  59.506900999999999  -28.684999999999999
2387    -75.958996999999997  60.506000999999998  -32.139000000000003
2388    -42.326998000000003  -52.278001000000003  45.063901999999999
2389    6.2889999999999997  29.614000000000001  2.5259999999999998
2390    8.1400009999999998  29.475000000000001  9.7769999999999992
2391    20.420000000000002  16.458901000000001  -0.53300000000000003
2392    19.732900000000001  17.234999999999999  -8.4309999999999992
2393    20.392001  16.194900000000001  -17.132999000000002
2394    19.593900000000001  18.582999999999998  -16.378098999999999
2395    -19.798100000000002  -23.306999000000001  -23.077000000000002
2396    -20.736999999999998  -29.163999  -28.614999999999998
2397    -33.074100000000001  -18.455000999999999  -31.861998
2398    20.731000000000002  -70.864998  -58.478098000000003
2399    22.986000000000001  -66.621101999999993  -62.450099999999999
2400    30.225901  -74.000000999999997  -64.261100999999996
2401    71.579999999999998  -9.1709999999999994  -34.319099000000001
2402    72.044901999999993  -14.465999999999999  -36.966000000000001
2403    62.945901999999997  -8.0559999999999992  43.694901999999999
2404    55.109001999999997  -4.9920999999999998  45.667901999999998
2405    57.777900000000002  -4.6711  40.950000000000003
2406    -26.642099000000002  46.831001000000001  55.899999999999999
2407    -30.056000000000001  -7.1371000000000002  12.182
2408    -32.259996999999998  -8.1790000000000003  11.571
2409    -49.898997000000001  -50.277099  -57.813000000000002
2410    -52.964098999999997  -59.877999000000003  -59.381101000000001
2411    -111.920998  6.3259999999999996  60.209899999999998
2412    -113.670997  1.5880000000000001  53.962003000000003
2413    -104.630999  -4.6920000000000002  57.181899000000001
2414    -26.719000000000001  9.7530000000000001  2.282
2415    -28.777999999999999  10.519  2.3090000000000002
2416    136.94700599999999  41.386999000000003  -36.001001000000002
2417    138.19900200000001  35.291001000000001  -29.316998999999999
2418    134.309009  25.951000000000001  -37.048999000000002
2419    -20.090098999999999  20.550999999999998  24.326000000000001
2420    0.0080000000000000002  31.899899000000001  28.138000999999999
2421    28.781001  19.495000999999998  21.725899999999999
2422    -21.205000999999999  -13.038999  -9.4879999999999995
2423    -22.545998999999998  -10.705  -1.7649999999999999
2424    114.707999  92.424004999999994  -0.60609999999999997
2425    107.820898  97.498998  8.3260009999999998
2426    -21.195  -33.137101999999999  -35.250999
2427    31.044001000000002  27.957999999999998  -18.622
2428    28.180900999999999  28.975899999999999  -18.709
2429    28.090900000000001  25.111001000000002  -13.100999
2430    -2.0899999999999999  -45.592996999999997  39.862901000000001
2431    28.145  -37.335000999999998  53.076900999999999
2432    21.193999999999999  -33.137101999999999  35.250897999999999
2433    21.972000999999999  -37.848998000000002  41.445900000000002
2434    23.569001  -67.117997000000003  46.041902
2435    23.427  -58.896000999999998  50.200999000000003
2436    108.00000300000001  56.430902000000003  -41.937097999999999
2437    42.339001000000003  46.207000000000001  -33.119
2438    47.609000999999999  50.339002000000001  -36.718000000000004
2439    29.711001  -62.770097999999997  63.247002999999999
2440    -79.789102  -59.854998999999999  39.791901000000003
2441    -89.708096999999995  -61.778001000000003  43.388002
2442    -75.950995000000006  -62.333100000000002  50.437900999999997
2443    44.278900999999998  -10.748999  -52.036997
2444    51.228001999999996  -5.0529999999999999  -56.801997
2445    16.270900000000001  -34.662998999999999  -40.074098999999997
2446    12.597901  -34.805998000000002  -42.119
2447    19.739899999999999  -38.558996999999998  -46.638998999999998
2448    5.7169999999999996  111.708  -40.368099000000001
2449    9.5860009999999996  102.01589800000001  -37.465099000000002
2450    55.150002000000001  -70.180997000000005  59.652000999999998
2451    56.282001999999999  -80.950997999999998  58.609000999999999
2452    -32.905999999999999  19.559000000000001  14.523999999999999
2453    -31.649097999999999  16.426998999999999  8.4040009999999992
2454    112.392895  20.367999999999999  -13.756
2455    123.05889999999999  24.867999999999999  -10.829098999999999
2456    -47.903001000000003  86.250900999999999  29.627001
2457    -53.945000999999998  87.719999000000001  34.437902000000001
2458    -52.361100999999998  95.445901000000006  30.611001000000002
2459    -94.824000999999996  55.161901  -27.482999
2460    -84.977001000000001  58.013900999999997  -24.813998000000002
2461    41.112900000000003  18.027899999999999  23.190000999999999
2462    -22.565999999999999  27.846001000000001  20.367999999999999
2463    -22.402999999999999  31.559002  26.645001000000001
2464    -20.667000000000002  25.867999999999999  21.686001000000001
2465    73.793903  -95.2911  -18.944998999999999
2466    77.190004000000002  -101.13610300000001  -24.712
2467    -28.375  54.382902000000001  60.152898999999998
2468    -30.901  44.277898999999998  58.493000000000002
2469    -28.549001000000001  38.478001999999996  28.232001
2470    -32.423999000000002  37.978999000000002  27.256001000000001
2471    -32.854999999999997  43.664000999999999  30.465900999999999
2472    -20.812100000000001  80.106004999999996  46.567
2473    25.02  -97.436993999999999  18.437899999999999
2474    -6.6980000000000004  112.36099900000001  -19.173099000000001
2475    -20.392999  -16.195999  -17.132999000000002
2476    72.105005000000006  64.355998999999997  25.524000000000001
2477    75.957999000000001  60.506000999999998  32.138001000000003
2478    13.055  97.411006999999998  -40.8521
2479    -36.027099999999997  -85.060998999999995  59.450999000000003
2480    -45.07  -91.143996000000001  57.969000000000001
2481    -86.892000999999993  -22.687999999999999  -60.283098000000003
2482    -78.543000000000006  -20.143000000000001  -54.035001000000001
2483    65.499999000000003  5.8758999999999997  -38.814999
2484    66.683896000000004  11.555  -51.847099999999998
2485    4.4099000000000004  51.118001  34.186002000000002
2486    8.1309009999999997  57.171002000000001  37.514899
2487    -17.209999  146.82799600000001  -6.6961000000000004
2488    67.114896999999999  71.844003999999998  64.119004000000004
2489    60.404899999999998  62.925897999999997  60.536898999999998
2490    -46.840097999999998  109.4639  20.822901000000002
2491    -40.792000000000002  104.22589600000001  17.148999
2492    -43.715998999999996  98.760999999999996  21.853999999999999
2493    -90.780996000000002  18.093001000000001  65.139897000000005
2494    -98.153002999999998  24.392900999999998  63.386999000000003
2495    -103.523105  18.669  65.309897000000007
2496    -29.25  90.862899999999996  64.704001000000005
2497    -112.637103  46.368901000000001  -15.782
2498    -34.639001  79.220004000000003  30.656001
2499    -42.048997999999997  79.221002999999996  30.177001000000001
2500    -40.444097999999997  85.135005000000007  27.484999999999999
2501    -36.186098999999999  73.491900999999999  32.375
2502    -43.169998  72.941005000000004  32.244897999999999
2503    61.462000000000003  59.518002000000003  53.820900999999999
2504    68.707003999999998  61.312001000000002  52.631002000000002
2505    68.560897999999995  65.592005999999998  59.367998999999998
2506    52.783999999999999  -16.021999000000001  -30.382000000000001
2507    99.816001999999997  101.15789599999999  16.836001
2508    105.958  100.24090099999999  23.701001000000002
2509    -23.890000000000001  -109.308995  -59.048101000000003
2510    54.383899999999997  57.069000000000003  53.963002000000003
2511    54.693002  56.908000000000001  46.796000999999997
2512    -47.536999000000002  -57.398997000000001  40.265898999999997
2513    -41.666097999999998  -55.340997999999999  39.659001000000004
2514    -56.216999999999999  91.933898999999997  56.250900000000001
2515    -56.283101000000002  80.949894999999998  58.609000999999999
2516    -50.317101000000001  -70.236996000000005  -64.705104000000006
2517    55.758901000000002  -60.598000999999996  53.490001999999997
2518    59.212003000000003  -3.5110000000000001  -61.507002
2519    66.527902999999995  4.5510000000000002  -62.353101000000002
2520    30.177001000000001  20.624001  -7.3490000000000002
2521    31.343001999999998  18.665001  -7.8319999999999999
2522    -52.804101000000003  -1.6220000000000001  -37.433996999999998
2523    -60.529998999999997  -2.343  -36.898997000000001
2524    -24.962001000000001  48.442002000000002  38.686
2525    -96.018000999999998  -12.025  52.219003000000001
2526    -107.25399899999999  -63.438997000000001  37.861001000000002
2527    -79.2761  -16.038999  41.222900000000003
2528    -66.471100000000007  -94.981104000000002  24.378900999999999
2529    -77.191100000000006  -101.13610300000001  24.710999999999999
2530    -48.120998  1.133  -33.234101000000003
2531    -50.715997999999999  3.742  -30.857999
2532    -55.564999999999998  0.86399999999999999  -34.234099000000001
2533    39.408999999999999  -59.585999999999999  -35.687998
2534    -56.055098999999998  -21.341000000000001  38.394998999999999
2535    -48.779997999999999  -21.739099  35.408999999999999
2536    -6.7569999999999997  26.628900000000002  -19.032
2537    -8.9449989999999993  27.964002000000001  -18.018000000000001
2538    -11.007  29.350000000000001  -25.588000000000001
2539    1.159  35.777900000000002  3.1800000000000002
2540    1.274  37.131901999999997  9.8690010000000008
2541    3.6299999999999999  36.958899000000002  9.3729999999999993
2542    -33.994  17.593  -37.672099000000003
2543    -21.576999000000001  -11.887999000000001  6.774
2544    -22.545998999999998  10.704000000000001  1.764
2545    -22.774999999999999  10.022  -6.3040000000000003
2546    117.51789599999999  -4.673  34.146901
2547    28.710999999999999  -145.70400100000001  17.777000000000001
2548    3.5880000000000001  -33.721100999999997  -36.015999000000001
2549    103.522003  18.669  -65.311000000000007
2550    90.779900999999995  18.093001000000001  -65.141000000000005
2551    65.499999000000003  -5.8769999999999998  38.813899999999997
2552    -52.154001000000001  -113.389999  -47.721099000000002
2553    -56.216999999999999  -91.934994000000003  -56.251998999999998
2554    -54.860100000000003  -102.848001  -52.605998
2555    26.770001000000001  8.3520000000000003  5.3150000000000004
2556    -27.254000000000001  -121.77609699999999  -55.248100000000001
2557    -31.667002  -112.48800199999999  -60.412998999999999
2558    36.221001000000001  -21.010099  -26.434099
2559    38.936999  -20.100999999999999  -24.684099
2560    -44.457099999999997  -92.575997000000001  -65.991997999999995
2561    -42.804099999999998  -103.676103  -63.062102000000003
2562    -23.143999000000001  -79.700001  -39.528001000000003
2563    -2.5179999999999998  152.34801200000001  -10.994999999999999
2564    -45.125999  -0.059999999999999998  36.247
2565    -40.970101999999997  -2.2410000000000001  30.635000999999999
2566    -113.561995  88.972904  -35.720098999999998
2567    -119.594105  91.648004999999998  -21.225999999999999
2568    132.43600699999999  47.369900999999999  -41.222099
2569    -9.2210000000000001  -120.12799800000001  23.937000000000001
2570    -14.436  -120.761104  17.84
2571    -15.263  -130.06798900000001  19.579001000000002
2572    -35.757001000000002  19.965  30.1599
2573    -37.424999999999997  22.360999  28.190902000000001
2574    -29.652999999999999  15.119  24.995999000000001
2575    -21.003999  23.207001000000002  14.577999999999999
2576    -22.998000000000001  24.739000999999998  13.808999999999999
2577    78.225896000000006  20.451899999999998  -46.731997
2578    -89.232101999999998  60.331001999999998  5.3220000000000001
2579    -90.740994000000001  68.225898000000001  10.402001
2580    -90.972095999999993  57.264901999999999  10.027001
2581    0.93089999999999995  36.388002  -10.504
2582    -1.26  39.381898999999997  -16.431000000000001
2583    70.025003999999996  20.725000999999999  46.603999999999999
2584    55.451002000000003  -77.978998000000004  -26.459999
2585    58.673001999999997  -70.793002999999999  -27.445
2586    53.167901999999998  -69.995104999999995  -29.948
2587    52.803001999999999  -1.6220000000000001  37.432898000000002
2588    60.5289  -2.343  36.897900999999997
2589    48.394002  54.769002  46.381901999999997
2590    41.291899999999998  50.861001000000002  51.077899000000002
2591    42.326000000000001  52.276999000000004  45.063901999999999
2592    -46.098000999999996  92.738896999999994  26.034001
2593    96.931897000000006  0.108  -30.684999999999999
2594    101.864897  4.8129999999999997  -27.302098999999998
2595    6.4269999999999996  -150.44298800000001  20.627001
2596    -15.499000000000001  -47.968000000000004  55.867001000000002
2597    -11.670999  -41.715997999999999  49.963999999999999
2598    -21.591999000000001  -41.389000000000003  31.694900000000001
2599    -25.355  -47.634996000000001  33.182899999999997
2600    -19.694998999999999  44.936000999999997  -54.993997999999998
2601    -132.37199200000001  21.408000999999999  29.606999999999999
2602    -135.99899400000001  30.010901  22.186
2603    -127.52510599999999  18.750001000000001  22.569001
2604    21.666  16.295000999999999  7.3169000000000004
2605    -42.763098999999997  132.119  34.570898999999997
2606    15.711  39.478000000000002  48.945900000000002
2607    11.67  41.715000000000003  49.963999999999999
2608    -137.98899900000001  38.797001999999999  14.057
2609    -130.68300500000001  26.350000999999999  15.692000999999999
2610    -58.106999999999999  -68.278000000000006  65.428004000000001
2611    -54.916099000000003  -74.759102999999996  67.749001000000007
2612    -49.641997000000003  -63.868098000000003  65.386004999999997
2613    -84.977001000000001  -58.015000000000001  24.812901
2614    -80.722100999999995  -59.508000000000003  28.684000000000001
2615    47.455002  -37.305999999999997  43.354899000000003
2616    103.650004  7.0099999999999998  42.284001000000004
2617    94.079003  8.9789999999999992  38.306899000000001
2618    95.701999999999998  11.712999999999999  44.915999999999997
2619    -93.067102000000006  28.628900999999999  58.715001000000001
2620    -104.988001  -7.0841000000000003  49.882899999999999
2621    8.2319999999999993  -44.930998000000002  -49.533099
2622    23.052  11.656901  -9.8100989999999992
2623    -38.987997999999997  -33.730998999999997  -28.396999000000001
2624    -40.677  -30.629000000000001  -30.340999
2625    88.680901000000006  -56.081100999999997  -20.618998999999999
2626    82.724898999999994  25.283999999999999  -45.942101999999998
2627    84.063998999999995  25.211001  -53.541097999999998
2628    -42.098000999999996  21.574999999999999  -31.404
2629    -38.938001  20.100000999999999  -24.684099
2630    25.360001  144.606009  -2.4079999999999999
2631    51.333900999999997  -95.782995  -39.986998
2632    52.512000999999998  -97.440100999999999  -47.688000000000002
2633    62.062900999999997  -100.942098  -43.463099999999997
2634    113.66990199999999  -1.589  53.962003000000003
2635    120.281897  -13.929  55.984001999999997
2636    121.8099  -8.8909990000000008  49.480899999999998
2637    87.810896  82.616895  -1.403
2638    93.337901000000002  90.153903  -0.40100000000000002
2639    50.351999999999997  -114.91999800000001  26.774000000000001
2640    78.694901999999999  18.5869  47.104000999999997
2641    71.500003000000007  18.523  41.279901000000002
2642    -24.955000999999999  73.875896999999995  40.228999999999999
2643    -22.420998999999998  73.651999000000004  46.758901000000002
2644    38.452900999999997  14.932  45.369900999999999
2645    33.992998  17.593  37.670999999999999
2646    21.204000000000001  13.038  -9.4879999999999995
2647    -13.41  -31.576999000000001  32.993000000000002
2648    22.402000000000001  31.559002  -26.645999
2649    20.736000000000001  29.162998999999999  -28.614999999999998
2650    98.888903999999997  -37.814996999999998  7.0979999999999999
2651    88.065005999999997  1.794  -30.939
2652    29.172999999999998  19.440000999999999  6.2610000000000001
2653    30.9969  18.197901999999999  5.75
2654    29.196999999999999  19.728000999999999  -0.65300000000000002
2655    106.31500200000001  -33.436101000000001  3.5910000000000002
2656    47.185000000000002  -1.129  45.249999000000003
2657    45.185000000000002  1.7729999999999999  48.675897999999997
2658    39.744898999999997  2.9079000000000002  42.326900999999999
2659    -92.671998000000002  50.351000999999997  3.75
2660    19.693999999999999  44.936000999999997  54.993000000000002
2661    23.954899999999999  43.140898999999997  52.487898999999999
2662    29.024901  48.220999999999997  57.436999
2663    86.675003000000004  -15.946999  -53.377997000000001
2664    78.694901999999999  -18.587999  -47.104998999999999
2665    22.996901000000001  24.739000999999998  -13.8101
2666    22.565000000000001  27.846001000000001  -20.368998999999999
2667    21.003  23.207001000000002  -14.5791
2668    -11.084  -52.176997  29.440899999999999
2669    -33.131100000000004  -100.00299699999999  -16.312999999999999
2670    -35.939000999999998  -95.583997999999994  -20.489100000000001
2671    -40.792000000000002  -104.22699900000001  -17.149999999999999
2672    30.228999999999999  -141.70199600000001  33.212001999999998
2673    29.655000000000001  -133.21898899999999  46.326000000000001
2674    22.787001  -140.69999799999999  38.514901000000002
2675    127.52400299999999  -18.750999  22.569001
2676    113.66990199999999  1.5880000000000001  -53.963099
2677    121.8099  8.8900000000000006  -49.481999000000002
2678    -67.846097  -20.739099  52.126899000000002
2679    -61.514001  -22.020999  45.019001000000003
2680    140.272006  44.819001  -20.774999999999999
2681    138.22899799999999  47.503999999999998  -5.3871000000000002
2682    137.988001  38.797001999999999  -14.057999000000001
2683    -79.769000000000005  -4.0521000000000003  67.194000000000003
2684    -72.486997000000002  -12.669  63.201897000000002
2685    11.538  57.707999000000001  34.262999999999998
2686    11.083  52.175897999999997  29.440899999999999
2687    -28.000001000000001  79.388000000000005  33.941001
2688    -29.788999  73.820896000000005  35.179000000000002
2689    -44.078997999999999  88.444902999999996  -36.557000000000002
2690    76.497003000000007  -63.431001999999999  -21.986098999999999
2691    77.427998000000002  -68.930097000000004  -12.979998999999999
2692    80.420895999999999  -62.084001000000001  -18.114099
2693    -33.131100000000004  100.001901  16.311999
2694    -33.002000000000002  140.60200800000001  11.218
2695    59.212003000000003  3.5099  61.505999000000003
2696    68.814002000000002  70.817001000000005  20.960999999999999
2697    63.909903  71.058898999999997  24.423901000000001
2698    66.586896999999993  78.904897000000005  19.141002
2699    -33.243999000000002  124.771006  1.921
2700    58.673001999999997  70.791899999999998  27.443999000000002
2701    61.146900000000002  78.738898000000006  23.037001
2702    52.611001000000002  59.512999000000001  60.490999000000002
2703    74.716999999999999  -82.300104000000005  -63.160001999999999
2704    33.462003000000003  52.319001  -62.817104
2705    -71.581102999999999  -9.1709999999999994  34.317999999999998
2706    -65.394998000000001  -11.976000000000001  33.886001
2707    19.562899999999999  -120.321997  -11.646000000000001
2708    64.588897000000003  79.114898999999994  66.155895999999998
2709    11.083  -52.176997  -29.441998999999999
2710    10.637900999999999  -46.819097999999997  -24.937099
2711    90.960898  103.32800400000001  24.746001
2712    37.980899000000001  2.3210000000000002  33.079999999999998
2713    40.969003000000001  2.2400000000000002  30.635000999999999
2714    45.125  0.058999999999999997  36.247
2715    80.817997000000005  94.596997000000002  12.9399
2716    3.9239999999999999  -43.213099  -21.639001
2717    6.9660000000000002  -43.076999000000001  -20.673999999999999
2718    -35.361998  124.341004  53.119902000000003
2719    -29.656099000000001  133.21800500000001  46.326000000000001
2720    64.588897000000003  -79.115994000000001  -66.156998000000002
2721    58.105901000000003  -68.278000000000006  -65.429098999999994
2722    -58.959000000000003  -9.4639989999999994  31.610001
2723    -17.701098999999999  96.916899000000001  23.204899999999999
2724    -25.021000000000001  97.435899000000006  18.437899999999999
2725    39.625  -24.754999000000002  35.541001999999999
2726    37.423901000000001  -22.361999000000001  28.190902000000001
2727    -30.834001000000001  10.053000000000001  -4.7439999999999998
2728    -33.937998  10.012  -11.199999999999999
2729    -32.259996999999998  8.1780000000000008  -11.571999999999999
2730    17.2089  -146.82899399999999  -6.6961000000000004
2731    -30.229998999999999  141.700998  33.212001999999998
2732    73.332003999999998  70.096001000000001  17.120999999999999
2733    71.708000999999996  78.489900000000006  14.836
2734    -33.720101999999997  -68.844102000000007  66.722899999999996
2735    -30.227  -74.000000999999997  64.259998999999993
2736    -22.986999000000001  -66.621101999999993  62.449001000000003
2737    -26.490998999999999  -61.840097999999998  64.384005999999999
2738    -37.82  -63.528001000000003  66.633000999999993
2739    89.957997000000006  35.629001000000002  -41.834000000000003
2740    86.677000000000007  30.373999999999999  -44.286999999999999
2741    58.958001000000003  9.4629999999999992  31.610001
2742    59.073999999999998  14.266999999999999  32.587003000000003
2743    -63.696995000000001  20.2849  -40.348998999999999
2744    -41.113999  18.027899999999999  -23.190999000000001
2745    -124.67809800000001  -37.898000000000003  2.7490000000000001
2746    -25.379000000000001  -64.374998000000005  -58.541998
2747    -24.850999999999999  -56.694097999999997  -55.723998999999999
2748    -23.222999999999999  -65.903001000000003  -52.500999999999998
2749    -23.976997999999998  -49.648995999999997  -51.847099999999998
2750    -23.427999  -58.896000999999998  -50.202001000000003
2751    94.189003  -46.199102000000003  34.875002000000002
2752    92.481002000000004  -40.943100999999999  38.661901
2753    90.959898999999993  -37.085999000000001  31.037998999999999
2754    -36.187998999999998  -18.484000000000002  18.253
2755    -33.937998  -19.91  19.385000999999999
2756    89.234999999999999  55.932898000000002  5.2439
2757    96.331998999999996  48.152000000000001  6.8940000000000001
2758    -16.167000000000002  -42.179099999999998  25.324999999999999
2759    -17.403998999999999  -38.996000000000002  26.715900999999999
2760    103.860997  45.726000999999997  12.173000999999999
2761    -80.421999  62.082998000000003  -18.114099
2762    49.493901000000001  -42.772996999999997  50.661898999999998
2763    -38.722999000000002  -51.311101999999998  56.785899999999998
2764    -10.9351  112.833001  -13.937999
2765    105.958  -100.241996  -23.701999000000001
2766    -86.676097999999996  -15.946999  53.376897999999997
2767    33.353999000000002  6.6420000000000003  37.234999000000002
2768    -104.672  -31.465098000000001  -60.338101999999999
2769    -42.048997999999997  -79.222098000000003  -30.177999
2770    -34.639001  -79.222098000000003  -30.656998999999999
2771    34.575999000000003  3.9009999999999998  26.329901
2772    43.375902000000004  -36.694097999999997  33.449002
2773    -23.315999999999999  -52.305999999999997  -46.950097999999997
2774    -22.954999999999998  -43.353099  -47.035001000000001
2775    68.177998000000002  11.81  -45.604098999999998
2776    51.562902000000001  0.27000000000000002  54.248001000000002
2777    44.164999999999999  5.9428999999999998  51.060001999999997
2778    10.637900999999999  46.817999  24.936001999999998
2779    89.707002000000003  -61.778001000000003  -43.389000000000003
2780    93.100898000000001  -67.623101000000005  -49.158099999999997
2781    -32.854999999999997  -43.665100000000002  -30.466999999999999
2782    -28.549001000000001  -38.479101  -28.232999
2783    -29.781998999999999  18.054001  33.035899999999998
2784    12.215001000000001  39.666001000000001  20.457999999999998
2785    13.622999999999999  36.908999000000001  21.245000999999998
2786    -83.856098000000003  -60.360100000000003  13.987
2787    -88.681995999999998  -56.081100999999997  20.617999000000001
2788    -80.421999  -62.084001000000001  18.113
2789    -30.416999000000001  -23.896999999999998  -13.270099999999999
2790    -32.106999000000002  -21.948  -13.770099999999999
2791    -33.356997999999997  -26.038098999999999  -19.073
2792    -34.765999999999998  -30.869  -23.607999
2793    95.137997999999996  12.130000000000001  -67.377001000000007
2794    -25.087001000000001  -33.071998999999998  -24.945
2795    34.825001  102.444001  -64.310997999999998
2796    29.25  90.862899999999996  -64.705104000000006
2797    27.117999000000001  100.315005  -62.512099999999997
2798    65.393895000000001  11.975001000000001  33.886001
2799    32.5839  14.133001  4.9229000000000003
2800    -116.77209999999999  55.513002  44.431899000000001
2801    -117.802098  63.716903000000002  37.360999999999997
2802    -126.783997  61.471998999999997  36.345999999999997
2803    33.734999999999999  57.147897999999998  35.006898999999997
2804    -29.629000000000001  12.468000999999999  9.4700000000000006
2805    2.6509999999999998  -34.838099  11.182
2806    -31.667002  112.48689899999999  60.411900000000003
2807    -79.2761  16.038001000000001  -41.223998999999999
2808    66.683896000000004  -11.555999999999999  51.846001000000001
2809    72.680003999999997  -15.583999  53.465001000000001
2810    -16.114999999999998  92.137000999999998  43.554001
2811    -13.055999999999999  97.411006999999998  40.851000999999997
2812    -13.818  101.14999899999999  48.4589
2813    58.986001000000002  -93.703098999999995  -29.170998999999998
2814    66.470005  -94.981104000000002  -24.379998000000001
2815    59.417900000000003  -86.691103999999996  -24.704999999999998
2816    -94.153002000000001  43.660901000000003  12.567
2817    96.648999000000003  42.686999  -46.098999999999997
2818    92.481002000000004  40.942002000000002  -38.662999999999997
2819    99.035002000000006  48.854000999999997  -41.916097999999998
2820    51.479000999999997  -91.504000000000005  -33.25
2821    46.376899000000002  -83.095104000000006  -31.667002
2822    44.077899000000002  -88.445999  -36.557000000000002
2823    61.146900000000002  -78.740001000000007  -23.038098999999999
2824    -106.01999600000001  54.567002000000002  -27.885999999999999
2825    -47.436098999999999  9.8239999999999998  -26.018999999999998
2826    -47.660001000000001  13.67  -26.173100000000002
2827    -53.238000999999997  11.800000000000001  -29.313998000000002
2828    7.1689999999999996  27.353999999999999  10.395001000000001
2829    10.383001  30.065000000000001  16.961001
2830    -27.090098999999999  -7.2811000000000003  21.680900999999999
2831    -95.061994999999996  51.286898999999998  30.576899999999998
2832    87.386004999999997  92.883005999999995  6.4580000000000002
2833    82.987897000000004  84.948897000000002  4.5259999999999998
2834    21.349001999999999  18.43  -0.247
2835    120.509006  -18.385999000000002  17.002001
2836    -22.763998999999998  -14.404999999999999  15.148999999999999
2837    -23.66  -16.7531  15.071
2838    74.986002999999997  -13.884  40.290999999999997
2839    68.177998000000002  -11.811  45.603000000000002
2840    48.119898999999997  1.133  33.233001999999999
2841    -20.323001000000001  14.300000000000001  0.92100000000000004
2842    2.3450000000000002  29.735001  28.340001000000001
2843    1.2130000000000001  36.465902  35.389899999999997
2844    -1.4019999999999999  34.658000000000001  27.353999999999999
2845    -53.238000999999997  -11.801  29.312901
2846    -23.396000000000001  -20.656998999999999  -33.200099999999999
2847    71.579999999999998  9.1699999999999999  34.317999999999998
2848    -2.4580000000000002  24.701001000000002  -3.6099999999999999
2849    105.402  41.861899000000001  6.859
2850    97.738899000000004  44.943001000000002  2.1779000000000002
2851    86.850896000000006  12.847  40.216900000000003
2852    85.337900000000005  8.1539999999999999  35.389899999999997
2853    22.940000999999999  34.616999  -44.520099000000002
2854    21.972000999999999  37.847898999999998  -41.446998999999998
2855    -126.386106  -70.335001000000005  -27.850999999999999
2856    48.103999000000002  123.25  -41.673999000000002
2857    15.451000000000001  -94.681002000000007  33.180002000000002
2858    -37.821997000000003  -25.274999000000001  -26.254999000000002
2859    -34.765999999999998  -23.507000999999999  -19.993098
2860    38.180000999999997  6.399  44.469003000000001
2861    -35.131101000000001  87.042897999999994  -45.570000999999998
2862    -4.0381  118.400998  -29.809999999999999
2863    35.057898999999999  -20.749998999999999  21.242999999999999
2864    -25.204999000000001  -28.937999000000001  -19.323001000000001
2865    -3.702  -30.350100000000001  -12.266
2866    -4.8341000000000003  -30.632000000000001  -4.718
2867    75.9499  62.332000999999998  50.437900999999997
2868    31.648002999999999  -16.427999  8.4040009999999992
2869    -1.4019999999999999  -34.659098999999998  -27.355
2870    -30.173999999999999  44.132899000000002  -44.298999000000002
2871    -35.466000000000001  47.471001999999999  -48.133999000000003
2872    -27.635999000000002  42.860000999999997  -48.734099000000001
2873    -42.845100000000002  21.286999999999999  -41.618999000000002
2874    -54.860100000000003  102.847002  52.604899000000003
2875    -58.444097999999997  90.793899999999994  48.847898999999998
2876    -17.827000000000002  69.259003000000007  -41.083100999999999
2877    -17.403998999999999  38.994900999999999  -26.716999999999999
2878    -17.314  35.865000999999999  -28.663098999999999
2879    -13.888999999999999  33.978999000000002  -22.496099000000001
2880    -46.9651  -114.697002  -54.285001000000001
2881    37.819001999999998  63.527003000000001  66.633000999999993
2882    45.929000000000002  69.467000999999996  67.902900000000002
2883    -15.045999999999999  -136.84199799999999  -41.655999000000001
2884    -14.311  -124.764003  -48.728101000000002
2885    -95.492996000000005  75.767897000000005  13.715
2886    -21.538999  -129.593998  12.336001
2887    -51.564000999999998  0.27000000000000002  -54.249099999999999
2888    24.902000999999998  -12.340999  -23.027999000000001
2889    -22.708998999999999  -40.748100999999998  -38.001001000000002
2890    -41.285001000000001  -28.438998000000002  -43.264001999999998
2891    -5.29  107.494004  -8.4640000000000004
2892    47.535899999999998  57.397897999999998  40.265898999999997
2893    50.955001000000003  63.174903  34.839998999999999
2894    -49.680999999999997  72.250000999999997  34.811000999999997
2895    -67.891002  -1.1339999999999999  65.015896999999995
2896    -31.861998  -4.8099999999999996  28.079901
2897    -37.981997999999997  -2.3220999999999998  33.079999999999998
2898    -23.396000000000001  20.656001  33.199001000000003
2899    -26.007000000000001  24.298901000000001  40.786900000000003
2900    5.0929000000000002  -52.258997999999998  -44.798099000000001
2901    21.187000000000001  -14.090999999999999  -7.1311
2902    20.335999999999999  -19.410999  7.8550000000000004
2903    -100.66109899999999  -60.817100000000003  -31.695999
2904    -95.111996000000005  -56.111100999999998  -25.878999
2905    115.29689999999999  31.187901  -2.5760000000000001
2906    -76.880000999999993  67.335896000000005  -57.027999000000001
2907    84.587902  8.1920000000000002  -31.300001000000002
2908    -65.292000999999999  18.559000000000001  -57.009999000000001
2909    -75.023099999999999  16.763000000000002  -59
2910    100.941002  -98.592102999999994  -38.694099000000001
2911    -8.1809999999999992  103.873998  11.128
2912    -1.6671  -37.588101000000002  -26.104099999999999
2913    -24.754999000000002  -54.396000000000001  -41.956100999999997
2914    -28.079999999999998  -55.603098000000003  -37.624097999999996
2915    -24.962001000000001  -48.443100999999999  -38.687099000000003
2916    -28.462  -49.632002  -35.202998999999998
2917    -58.07  80.106004999999996  44.150002000000001
2918    -58.613996999999998  80.543897999999999  51.569000000000003
2919    46.083900999999997  6.3019999999999996  26.812899999999999
2920    8.1799999999999997  103.873998  -11.128999
2921    11.42  102.164  -15.385999
2922    18.864000000000001  103.165999  -10.082000000000001
2923    -37.041998999999997  -22.878999  -38.006999
2924    -109.65599899999999  -15.016  -18.774100000000001
2925    -102.435999  -19.761997999999998  -17.748000000000001
2926    -20.420999999999999  -16.460000000000001  -0.53300000000000003
2927    -21.667000000000002  -16.295998999999998  7.3169000000000004
2928    -56.093000000000004  19.371001  -53.787998999999999
2929    43.771900000000002  66.386998000000006  -33.633001
2930    49.680002000000002  72.250000999999997  -34.812100000000001
2931    -97.782999000000004  29.853999999999999  15.772
2932    68.581000000000003  96.218005000000005  57.541001999999999
2933    23.725000999999999  -9.6240000000000006  -14.420999
2934    -34.592996999999997  -133.25199499999999  -5.6510999999999996
2935    -40.6661  -128.28399200000001  -13.268000000000001
2936    -33.002000000000002  -140.602991  -11.218999999999999
2937    -21.618099999999998  68.037002999999999  -36.894101999999997
2938    -16.302098999999998  63.006900000000002  -36.056998999999998
2939    18.201001000000002  -48.145997999999999  -28.410001000000001
2940    20.559000000000001  -44.874097999999996  -29.580998999999998
2941    -49.8611  -2.3220999999999998  -41.301999000000002
2942    41.112900000000003  -18.028998999999999  -23.190999000000001
2943    44.769998999999999  -20.031099999999999  -29.087
2944    24.760000000000002  -58.181997000000003  -32.679099999999998
2945    23.045000000000002  -51.338099  -31.371098
2946    -102.63509999999999  0.20100000000000001  -63.069999000000003
2947    -30.006999  -103.830099  -11.775
2948    41.688899999999997  -66.768996000000001  -33.160001000000001
2949    -100.364998  95.379896000000002  -3.0169999999999999
2950    -107.822001  97.498998  -8.327
2951    -37.981997999999997  2.3210000000000002  -33.081099000000002
2952    -34.577001000000003  3.9009999999999998  -26.331
2953    -128.775001  -17.074000000000002  -43.813001
2954    -127.41699800000001  -22.452998999999998  -50.4651
2955    -48.395100999999997  -54.770100999999997  46.381901999999997
2956    75.398005999999995  -0.14910000000000001  33.633899
2957    68.037002999999999  -1.839  35.319000000000003
2958    8.1839999999999993  -130.71300099999999  42.151999000000004
2959    15.045  -136.84199799999999  41.654899999999998
2960    92.860996999999998  46.006898999999997  -23.448
2961    -23.673999999999999  -74.894993999999997  41.348900999999998
2962    59.291001000000001  -5.8411  54.542898999999998
2963    58.743901999999999  -1.7829999999999999  58.858002999999997
2964    -32.186098000000001  61.886001  35.543900000000001
2965    -37.301000000000002  67.441999999999993  33.436999
2966    52.924900999999998  -3.2570000000000001  50.339002000000001
2967    -21.6661  -129.98700099999999  -48.942100000000003
2968    -19.591998  -117.552102  -54.409998999999999
2969    -13.749000000000001  -151.96900099999999  -14.847999
2970    -6.4279999999999999  -150.44298800000001  -20.6281
2971    -8.7111000000000001  -118.34710099999999  -45.715998999999996
2972    -13.544  -112.314105  -50.737000999999999
2973    -28.251000000000001  -54.370998999999998  33.569901999999999
2974    -30.507000000000001  -50.363999  36.090899
2975    85.358999999999995  -58.929101000000003  -36.201101000000001
2976    53.379002999999997  22.533000999999999  42.345002000000001
2977    26.640999999999998  46.831001000000001  -55.901099000000002
2978    28.145  37.333902000000002  -53.078000000000003
2979    21.356000999999999  -80.545000999999999  53.986001999999999
2980    19.506902  -87.802104999999997  53.140900999999999
2981    23.208901000000001  -89.397103000000001  59.890900000000002
2982    29.25  -90.863995000000003  64.704001000000005
2983    34.825001  -102.444999  64.309894999999997
2984    15.497999999999999  47.966901  55.867001000000002
2985    15.711  -39.480001000000001  -48.946998999999998
2986    26.184000000000001  -44.009  -36.104998999999999
2987    21.590900000000001  -41.389000000000003  -31.695999
2988    -22.938998000000002  -18.167998999999998  7.3090000000000002
2989    22.961901999999998  -109.55700299999999  1.883
2990    15.595000000000001  -105.14099899999999  5.5808999999999997
2991    -28.000001000000001  -79.388998000000001  -33.942100000000003
2992    -77.413104000000004  -9.7070000000000007  -35.442098999999999
2993    -91.399102999999997  4.2359999999999998  -33.401102000000002
2994    -24.320999  -60.655999999999999  -44.429101000000003
2995    20.856000000000002  97.608000000000004  -57.933996999999998
2996    36.709901000000002  91.981001000000006  -66.847100999999995
2997    132.37100799999999  -21.409099999999999  29.606999999999999
2998    10.031000000000001  106.858  -44.785998999999997
2999    13.542999999999999  112.313002  -50.737000999999999
3000    128.59299799999999  -56.027099  -16.132000999999999
3001    136.676997  -55.854998999999999  -3.6419999999999999
3002    138.602003  -63.222996999999999  2.0259999999999998
3003    -110.08109899999999  39.145000000000003  56.076898999999997
3004    -122.14710599999999  43.212000000000003  51.159002000000001
3005    25.302  11.064  -9.9190000000000005
3006    -42.660001999999999  11.784000000000001  -21.819998999999999
3007    -37.979998000000002  10.555  -16.896999000000001
3008    -76.498098999999996  63.430003999999997  -21.986098999999999
3009    -123.059995  24.867999999999999  10.827999999999999
3010    -31.188998000000002  67.952006999999995  35.726002999999999
3011    34.575999000000003  -3.9020000000000001  -26.331
3012    40.969003000000001  -2.2410000000000001  -30.635999999999999
3013    93.564003999999997  -92.817098000000001  -50.979998000000002
3014    128.774002  17.072901000000002  -43.813001
3015    -12.599  34.805  -42.119
3016    1.2588999999999999  -26.298999999999999  12.482001
3017    -0.8881  -25.233001000000002  12.204001
3018    25.847000999999999  84.555000000000007  -32.058999
3019    20.936001000000001  85.179998999999995  -38.078997000000001
3020    111.91990199999999  -6.3270999999999997  60.209899999999998
3021    92.746003999999999  5.5570000000000004  64.523004
3022    -45.930098999999998  69.467000999999996  -67.904003000000003
3023    -20.732099000000002  70.863902999999993  -58.478098000000003
3024    120.83889499999999  -5.6399999999999997  41.812899999999999
3025    110.982001  1.5209999999999999  38.679000000000002
3026    113.34200199999999  1.167  46.401001999999998
3027    9.8760010000000005  41.832000000000001  20.259
3028    -21.500001000000001  18.017900999999998  25.246901000000001
3029    -23.045999999999999  51.337000000000003  -31.371098
3030    -25.355  47.633901000000002  -33.183999
3031    -20.559999999999999  44.873002999999997  -29.580998999999998
3032    -24.673099000000001  50.951000000000001  -60.063999000000003
3033    14.961001  -146.511987  29.878
3034    102.43489599999999  -19.761997999999998  17.746901000000001
3035    109.65489599999999  -15.016  18.773001000000001
3036    112.392895  -20.368998999999999  13.755000000000001
3037    23.208901000000001  89.396006999999997  -59.891998999999998
3038    -121.75810300000001  -76.029003000000003  30.742000999999998
3039    -129.29900000000001  -78.666098000000005  17.446999999999999
3040    131.419003  49.152900000000002  7.8358990000000004
3041    135.997996  30.010901  -22.187099
3042    30.006001000000001  -103.830099  11.773999999999999
3043    50.714998999999999  -3.7431000000000001  -30.857999
3044    49.493901000000001  42.771901999999997  -50.662998000000002
3045    -132.43900199999999  34.090001000000001  8.2390000000000008
3046    -6.29  -29.614999999999998  2.5259999999999998
3047    -30.711998999999999  57.250000999999997  -63.988
3048    -26.490998999999999  61.838999000000001  -64.385101000000006
3049    -20.416999000000001  54.775002999999998  -60.725000000000001
3050    -24.812999999999999  19.423000999999999  -7.1059999999999999
3051    -22.938998000000002  18.166902  -7.3099999999999996
3052    28.374001  54.382902000000001  -60.153998000000001
3053    -19.740998999999999  -38.558996999999998  46.638001000000003
3054    -15.712  -39.480001000000001  48.945900000000002
3055    50.436000999999997  21.833000999999999  46.213000999999998
3056    47.673001999999997  19.347000999999999  49.414000999999999
3057    -37.866101  48.423000000000002  32.188899999999997
3058    -32.992097999999999  49.625002000000002  32.921999999999997
3059    -12.279999  -98.527096  -29.885999999999999
3060    -36.570000999999998  49.566001  -42.870998
3061    -28.329999999999998  -22.004999000000002  -7.0270000000000001
3062    -28.378999  -33.472999999999999  -23.768999000000001
3063    13.791  -44.923997999999997  -24.7011
3064    124.677002  -37.898000000000003  -2.75
3065    1.2588999999999999  -39.382998000000001  -16.431000000000001
3066    1.2150000000000001  -42.215998999999996  -23.010999000000002
3067    6.9660000000000002  43.076000999999998  20.673000999999999
3068    -5.9240000000000004  48.631000999999998  -47.716997999999997
3069    -12.006  51.777898999999998  -54.974998999999997
3070    -90.972095999999993  -57.266001000000003  -10.028
3071    -132.43900199999999  -34.091000000000001  -8.2399989999999992
3072    -20.643000000000001  93.373998999999998  26.617999999999999
3073    -23.379000000000001  89.237898999999999  29.593900000000001
3074    -100.942098  -98.592102999999994  38.692999999999998
3075    -10.032  106.858  44.7849
3076    -123.630993  -44.144100999999999  9.9209010000000006
3077    47.901999000000004  86.250900999999999  -29.6281
3078    53.943998999999998  87.719999000000001  -34.438997999999998
3079    52.360002000000001  95.445901000000006  -30.611999000000001
3080    -8.2989999999999995  28.353999999999999  -26.959
3081    -4.1479999999999997  26.266999999999999  -19.844999999999999
3082    -45.182999000000002  -61.611998999999997  35.623002999999997
3083    40.901001999999998  27.475000999999999  -32.849997000000002
3084    -88.415101000000007  -12.496999000000001  -29.174997999999999
3085    -85.081100000000006  -18.402999000000001  -32.755099000000001
3086    -16.271999000000001  -34.662998999999999  40.073003999999997
3087    -10.19  -31.073999000000001  34.716900000000003
3088    -19.798100000000002  23.305900000000001  23.076000000000001
3089    -19.809999000000001  21.044999000000001  15.478999999999999
3090    -78.851997999999995  -11.584  36.596998999999997
3091    -49.619  -64.947001999999998  -36.286000000000001
3092    3.7008999999999999  -30.350100000000001  12.265000000000001
3093    4.5728999999999997  -28.427999  4.8019999999999996
3094    31.045000999999999  -27.959  18.620999999999999
3095    38.986899000000001  -33.730998999999997  28.395900999999999
3096    93.065999000000005  -28.629999999999999  58.715001000000001
3097    98.151996999999994  -24.393999999999998  63.386999000000003
3098    107.925005  -70.185997  29.02
3099    108.62590400000001  -63.487000999999999  35.728000000000002
3100    -27.0031  -19.871099000000001  6.7369000000000003
3101    -137.98899900000001  -38.798101000000003  -14.057999000000001
3102    -27.882999000000002  -136.840001  2.3580000000000001
3103    3.2429999999999999  -25.059999999999999  -11.709
3104    6.7560000000000002  -26.629999000000002  -19.032
3105    6.6970000000000001  -112.361997  -19.173099000000001
3106    9.2200000000000006  -120.12799800000001  -23.937999999999999
3107    101.34500300000001  57.747002999999999  33.536900000000003
3108    106.018901  54.567002000000002  27.885000999999999
3109    -10.032  -106.859103  -44.785998999999997
3110    49.897897999999998  50.276000000000003  -57.813000000000002
3111    52.963000000000001  59.876899999999999  -59.381101000000001
3112    52.972901999999998  51.325999000000003  -52.666998999999997
3113    57.685003000000002  70.404902000000007  -53.124099999999999
3114    45.181899999999999  -61.611998999999997  -35.624097999999996
3115    50.955001000000003  -63.175998999999997  -34.841000999999999
3116    27.836001  -93.692102000000006  22.159901000000001
3117    20.641998999999998  -93.374996999999993  26.617999999999999
3118    -91.399102999999997  -4.2370000000000001  33.400002999999998
3119    -100.822002  -4.4861000000000004  35.541899999999998
3120    2.871  28.093900999999999  -12.506
3121    -3.2469999999999999  123.247005  39.930902000000003
3122    -0.98699999999999999  115.582004  35.331000000000003
3123    2.6869999999999998  126.882002  33.539999000000002
3124    -98.153002999999998  71.3339  19.8889
3125    65.058902000000003  16.756902  36.438901000000001
3126    -89.708096999999995  61.776999000000004  -43.389000000000003
3127    -83.012096999999997  62.497999999999998  -47.326098999999999
3128    -28.959999  -8.7989999999999995  4.9470000000000001
3129    82.791000999999994  -92.198998000000003  -57.006999999999998
3130    5.7880000000000003  -105.861999  33.493898999999999
3131    82.987897000000004  -84.950000000000003  -4.5270000000000001
3132    93.337901000000002  -90.154998000000006  0.40000000000000002
3133    87.386004999999997  -92.884101000000001  -6.4591000000000003
3134    80.817997000000005  -94.598003000000006  -12.941000000000001
3135    93.293897999999999  -98.574995999999999  -10.782
3136    -68.582103000000004  -96.219099999999997  57.541001999999999
3137    -92.013999999999996  -79.546994999999995  -7.516
3138    -98.517000999999993  -86.444102000000001  -7.5149999999999997
3139    1.746  -108.88410399999999  29.050999999999998
3140    140.272006  -44.819999000000003  20.773999
3141    -76.446995000000001  74.346997000000002  -61.494
3142    -74.718102999999999  82.299002000000002  -63.160001999999999
3143    -67.116  71.844003999999998  -64.120098999999996
3144    138.19900200000001  -35.292000000000002  29.315899999999999
3145    -63.910997999999999  71.058898999999997  -24.425000000000001
3146    30.055  -7.1371000000000002  -12.182999000000001
3147    -89.959002999999996  -35.630099000000001  -41.834000000000003
3148    -93.281001000000003  -36.597099  -49.5
3149    34.810003000000002  -14.863  -11.351000000000001
3150    32.5839  -14.134  -4.9240000000000004
3151    4.9139999999999997  104.998998  -6.7320000000000002
3152    77.488899000000004  -5.9001000000000001  -33.933996999999998
3153    83.013900000000007  -2.2210000000000001  -32.787996999999997
3154    -20.090098999999999  -20.552098999999998  -24.326999000000001
3155    -19.594999000000001  -18.584  -16.378098999999999
3156    56.625000999999997  64.238898000000006  33.381
3157    62.098897999999998  64.787998999999999  31.297999999999998
3158    -81.079103000000003  67.346997999999999  -8.6010000000000009
3159    80.231003000000001  4.0510000000000002  -32.806001999999999
3160    -120.22599599999999  -86.070001000000005  -9.7560000000000002
3161    -134.009987  -66.594100999999995  -23.765000000000001
3162    -30.227  61.483002999999997  -33.606000000000002
3163    -35.905000000000001  64.364895000000004  -33.753
3164    8.7460000000000004  -37.494998000000002  -15.028
3165    5.7759999999999998  -35.895097999999997  -9.0959990000000008
3166    6.4969999999999999  -39.083998999999999  -15.124000000000001
3167    81.499003000000002  -13.984999999999999  34.427999999999997
3168    -24.760999000000002  58.180902000000003  -32.679099999999998
3169    -20.563998999999999  61.214998000000001  -33.551000000000002
3170    21.665001  129.98589899999999  -48.942100000000003
3171    14.31  124.762997  -48.728101000000002
3172    80.231003000000001  -4.0521000000000003  32.805
3173    84.587902  -8.1929999999999996  31.298901999999998
3174    23.221999  65.902001999999996  -52.500999999999998
3175    22.569001  73.178999000000005  -53.773999000000003
3176    104.98689899999999  -7.0841000000000003  -49.883999000000003
3177    84.063998999999995  -25.211998999999999  53.540002999999999
3178    78.541897000000006  -20.143000000000001  54.034002000000001
3179    -20.3401  26.249998999999999  30.552
3180    -99.901101999999995  -66.319101000000003  -25.927098000000001
3181    -94.373099999999994  -60.582101000000002  -20.885099
3182    14.31  -124.764003  48.727001999999999
3183    21.665001  -129.98700099999999  48.941001
3184    19.590900999999999  -117.552102  54.409001000000004
3185    12.621  -63.291103  -39.813001
3186    -100.66109899999999  60.816001  31.694900000000001
3187    -45.840099000000002  22.360999  -38.605001000000001
3188    -47.625002000000002  54.124001  -53.041998
3189    72.105005000000006  -64.357101999999998  -25.524999999999999
3190    -71.709000000000003  -78.490994999999998  14.836
3191    91.194004000000007  53.281999999999996  0.75
3192    -96.387102999999996  102.656901  -31.994
3193    114.707999  -92.425100999999998  0.60499999999999998
3194    106.486  -90.963997000000006  5.0869
3195    107.820898  -97.499995999999996  -8.327
3196    -10.851000000000001  32.615001999999997  -16.021999000000001
3197    -25.024999000000001  20.680001000000001  0.13400000000000001
3198    -22.965999  19.913001000000001  0.10489999999999999
3199    1.2150000000000001  42.215001000000001  23.010000999999999
3200    1.468  45.383899999999997  29.850000999999999
3201    -48.140999000000001  59.763900999999997  63.805900999999999
3202    -27.542998999999998  -19.629000000000001  14.087999999999999
3203    -25.338000000000001  -18.587001000000001  14.696901
3204    127.253905  -13.218999999999999  36.187001000000002
3205    100.820899  4.4850000000000003  35.541899999999998
3206    106.953003  -0.57809999999999995  31.971999
3207    -0.93200000000000005  36.388002  10.503000999999999
3208    -1.002  35.541899999999998  3.6318999999999999
3209    -2.6520000000000001  34.837000000000003  11.182
3210    -76.446995000000001  -74.348003000000006  61.493001999999997
3211    -67.116  -71.845099000000005  64.119004000000004
3212    -87.967105000000004  71.327999000000005  5.0919999999999996
3213    94.359003000000001  -51.103099999999998  -11.584
3214    96.331998999999996  -48.152997999999997  -6.8949999999999996
3215    67.528903  -59.658099  -44.930998000000002
3216    -12.971  31.326000000000001  -24.021000000000001
3217    25.378  64.374998000000005  -58.541998
3218    29.711001  62.769002999999998  -63.248097999999999
3219    -38.722999000000002  51.310003000000002  -56.786999000000002
3220    1.6659999999999999  37.587001999999998  -26.104099999999999
3221    95.491900999999999  -75.769000000000005  13.715
3222    -92.894993999999997  64.635001000000003  15.694000000000001
3223    35.306901000000003  3.8650000000000002  35.396900000000002
3224    42.185001  0.68300000000000005  39.441001
3225    11.564000999999999  -152.16800599999999  -1.2210000000000001
3226    -52.611998999999997  59.512999000000001  -60.492097999999999
3227    -60.405999000000001  62.925897999999997  -60.537998000000002
3228    -58.106999999999999  68.277000999999998  -65.429098999999994
3229    20.395900999999999  -149.92000200000001  8.4489999999999998
3230    -42.037996999999997  -75.460999999999999  67.660004000000001
3231    50.271898999999998  47.520000000000003  -40.771998000000004
3232    -85.360101999999998  -58.929101000000003  36.200001999999998
3233    -13.818  -101.151101  -48.459999000000003
3234    51.219000999999999  -19.512  -32.522998999999999
3235    27.117999000000001  -100.31610000000001  62.511004999999997
3236    -33.074100000000001  18.454000000000001  31.861000000000001
3237    28.777000000000001  10.519  -2.3100000000000001
3238    26.718  9.7530000000000001  -2.2829999999999999
3239    27.613001000000001  11.35  -9.7989999999999995
3240    30.395001000000001  12.000999999999999  -2.1720000000000002
3241    29.628001000000001  12.468000999999999  -9.4710000000000001
3242    -0.065000000000000002  -42.779997000000002  32.054000000000002
3243    43.918900000000001  70.564002000000002  -67.508100999999996
3244    -60.619999  9.2360000000000007  -62.084999000000003
3245    20.339001  -26.250999  30.552
3246    86.989902000000001  -63.036002000000003  0.61099999999999999
3247    28.378  -9.8031000000000006  -30.579999000000001
3248    -24.600100000000001  8.7810000000000006  -5.7919999999999998
3249    -26.771000000000001  8.3520000000000003  -5.3159999999999998
3250    -27.659998999999999  7.0439999999999996  -12.937999
3251    -66.107101999999998  9.0059000000000005  57.727001999999999
3252    -72.680100999999993  15.583  53.465001000000001
3253    -73.149100000000004  12.847  59.782001999999999
3254    -98.153002999999998  -24.393999999999998  -63.388102000000003
3255    21.003  -23.208098  14.577999999999999
3256    22.996901000000001  -24.739999000000001  13.808999999999999
3257    -25.298999999999999  15.208  -23.039000000000001
3258    116.488896  -19.989099  60.330002999999998
3259    133.04799800000001  -31.690999999999999  43.756000999999998
3260    134.309009  -25.952000000000002  37.048000999999999
3261    128.774002  -17.074000000000002  43.811999
3262    25.847000999999999  -84.555998000000002  32.057899999999997
3263    -45.125999  0.058999999999999997  -36.248099000000003
3264    120.224901  86.069002999999995  -9.7560000000000002
3265    115.078002  78.905895000000001  -21.632000999999999
3266    -37.590998999999996  72.083004000000003  -33.250999
3267    60.765900000000002  -8.0440000000000005  49.219000999999999
3268    -41.689999  66.767900999999995  -33.160001000000001
3269    124.168903  78.625000999999997  -18.913999
3270    52.963000000000001  -59.877999000000003  59.380001999999998
3271    -43.814  -3.6410999999999998  28.434000999999999
3272    -29.673100000000002  22.631900000000002  40.846001000000001
3273    96.347898000000001  25.624001  -19.719999000000001
3274    97.781897000000001  29.853999999999999  -15.773
3275    -23.108000000000001  26.881  39.705001000000003
3276    3.5880000000000001  33.720002000000001  36.014899999999997
3277    42.326000000000001  -52.278001000000003  -45.064996999999998
3278    26.672999999999998  -15.08  25.609999999999999
3279    29.652000999999998  -15.119999999999999  24.995999000000001
3280    27.013000000000002  -12.7371  17.611001000000002
3281    -57.645999000000003  89.315004999999999  41.187900999999997
3282    24.753900000000002  -54.396000000000001  41.955002
3283    -29.788999  -73.821999000000005  -35.180098999999998
3284    -43.834001000000001  -59.662998000000002  -34.278002000000001
3285    -37.958100000000002  -61.168998000000002  -33.787998999999999
3286    -38.141998999999998  -54.786999000000002  -33.384996999999998
3287    -43.611097999999998  -30.563001  -39.966999999999999
3288    -59.292000000000002  5.8399999999999999  54.542898999999998
3289    -13.792  -44.923997999999997  24.700001
3290    -52.926000000000002  3.2559999999999998  50.339002000000001
3291    -51.564000999999998  -0.27100000000000002  54.248001000000002
3292    -44.078997999999999  -88.445999  36.555900999999999
3293    -43.022998000000001  -91.856099999999998  43.271898999999998
3294    -84.268995000000004  65.376900000000006  -4.0510999999999999
3295    -84.628000999999998  73.916897000000006  -0.159
3296    -86.990996999999993  63.0349  0.61099999999999999
3297    48.139899999999997  59.763900999999997  -63.806995999999998
3298    90.514898000000002  -27.340999  27.663
3299    88.986902999999998  -32.380099999999999  34.165002000000001
3300    86.346998999999997  -27.618998999999999  36.726002000000001
3301    -34.495998  6.2679999999999998  -18.208998999999999
3302    33.353999000000002  -6.6430999999999996  -37.236097999999998
3303    3.8679999999999999  39.744898999999997  15.614000000000001
3304    50.935000000000002  44.861902000000001  -45.668996999999997
3305    -92.181995999999998  -53.847997999999997  -14.664
3306    -92.825993999999994  -50.088099999999997  -19.1631
3307    -94.113  -39.911999999999999  -16.763999999999999
3308    -94.153002000000001  -43.661999999999999  -12.568
3309    -92.894993999999997  -64.636104000000003  -15.695
3310    -76.498098999999996  -63.431001999999999  21.984999999999999
3311    -68.815105000000003  -70.818095999999997  20.960999999999999
3312    -12.599  -34.805998000000002  42.118001999999997
3313    -6.7420999999999998  -31.826999000000001  35.778899000000003
3314    -75.399101000000002  0.14799999999999999  33.633899
3315    -72.894000000000005  5.6360000000000001  35.748001000000002
3316    25.353999999999999  -47.634996000000001  -33.183999
3317    69.982997999999995  -7.1799999999999997  -65.317102000000006
3318    67.889899  -1.1339999999999999  -65.016999999999996
3319    29.158999999999999  -116.449997  0.59699999999999998
3320    117.80100299999999  -63.717998999999999  37.360999999999997
3321    108.00000300000001  -56.431998  41.936002999999999
3322    57.100999999999999  -100.918002  44.991999999999997
3323    52.152901999999997  -113.390997  47.719999999999999
3324    48.103999000000002  -123.25099899999999  41.673000999999999
3325    58.443002  -90.794995  48.847898999999998
3326    -29.007000999999999  -16.347999000000002  30.617000999999998
3327    -26.660999  -17.719999000000001  22.582000000000001
3328    -46.085000000000001  6.3019999999999996  -26.813998999999999
3329    4.0369999999999999  -118.402101  -29.809999999999999
3330    -26.368098  67.836895999999996  40.152002000000003
3331    4.1468999999999996  -26.268000000000001  -19.844999999999999
3332    8.298  -28.354998999999999  -26.959
3333    123.387001  -28.535999  55.131
3334    111.008003  -26.146000000000001  61.859000000000002
3335    -30.834001000000001  -10.054  4.7430000000000003
3336    0.0080000000000000002  -31.900998000000001  -28.139001
3337    -37.728101000000002  -10.621999000000001  45.535899999999998
3338    -92.013999999999996  79.545900000000003  7.5170000000000003
3339    -57.102099000000003  100.9169  44.991999999999997
3340    -52.154001000000001  113.38990200000001  47.719999999999999
3341    -54.550998  110.66000200000001  40.049899000000003
3342    -56.223000999999996  98.319001  37.268999999999998
3343    36.887999999999998  28.260899999999999  -24.645999
3344    38.986899000000001  33.729900000000001  -28.396999000000001
3345    10.085000000000001  62.014899999999997  44.247999999999998
3346    107.925005  70.184900999999996  -29.021000000000001
3347    -28.091999000000001  25.111001000000002  13.1
3348    -31.045100000000001  27.957999999999998  18.620999999999999
3349    0.88700000000000001  -25.233001000000002  -12.205
3350    2.8980000000000001  -34.481999000000002  4.0839999999999996
3351    1.0009999999999999  -35.542997999999997  3.6318999999999999
3352    3.2530000000000001  -35.154000000000003  -2.7961
3353    1.2588999999999999  39.381898999999997  16.43
3354    42.096998999999997  -21.576098999999999  -31.404
3355    -99.791995999999997  15.122999999999999  21.787998999999999
3356    24.693999000000002  -80.950997999999998  60.658000000000001
3357    -14.680999  -63.293002999999999  56.069001999999998
3358    -25.087001000000001  33.070900000000002  24.943999999999999
3359    96.016898999999995  12.023999999999999  52.219003000000001
3360    52.924900999999998  -85.252002000000005  -28.5
3361    78.850894999999994  -11.584  -36.598000999999996
3362    79.275004999999993  -16.038999  -41.223998999999999
3363    -80.232099000000005  4.0510000000000002  32.805
3364    -83.015001999999996  -2.2210000000000001  32.786898000000001
3365    -87.387100000000004  -92.884101000000001  6.4580000000000002
3366    59.915002000000001  -98.707102000000006  -35.758000000000003
3367    79.767898000000002  -4.0521000000000003  -67.194997999999998
3368    -62.945000999999998  1.639  -34.134999000000001
3369    55.563901000000001  0.86399999999999999  34.232999999999997
3370    3.2530000000000001  35.152901  2.7949999999999999
3371    -44.787998999999999  81.430002999999999  67.480005000000006
3372    -24.41  -13.032  -17.802098999999998
3373    53.487901000000001  59.050899000000001  40.082000000000001
3374    -37.979998000000002  -10.555999  16.895900999999999
3375    -36.617100000000001  -8.0440000000000005  17.353999999999999
3376    -33.937998  -10.012999000000001  11.199
3377    5.4809000000000001  38.834899999999998  43.149999999999999
3378    -12.279999  98.526000999999994  29.885000000000002
3379    -8.9099989999999991  101.696901  26.145
3380    24.672001999999999  50.951000000000001  60.062899999999999
3381    -34.826099999999997  -102.444999  -64.310997999999998
3382    -27.119  -100.31610000000001  -62.512099999999997
3383    17.312901  -35.866100000000003  -28.663098999999999
3384    23.145900999999999  -39.097997999999997  -43.387099999999997
3385    -21.187999999999999  -14.090999999999999  7.1299999999999999
3386    -3.2440000000000002  -25.059999999999999  11.708
3387    -70.171997000000005  -3.4470999999999998  33.740003000000002
3388    -51.425997000000002  -81.263103000000001  -64.195998000000003
3389    -51.305998000000002  -92.560001  -62.272001000000003
3390    22.986000000000001  66.620000000000005  62.449001000000003
3391    20.731000000000002  70.863902999999993  58.476998999999999
3392    14.68  63.291899999999998  56.069001999999998
3393    -106.051102  -49.222101000000002  -47.481999000000002
3394    -20.396999999999998  -149.92000200000001  -8.4499999999999993
3395    -22.375999  -147.780001  -24.331
3396    84.267899  -65.377994999999999  -4.0510999999999999
3397    59.073999999999998  -14.268000000000001  -32.588101999999999
3398    123.08590100000001  11.472  -28.7531
3399    132.37100799999999  21.408000999999999  -29.608000000000001
3400    35.360999  124.341004  -53.120997000000003
3401    42.682901000000001  124.860004  -48.354998000000002
3402    39.770000000000003  114.378899  -58.742099000000003
3403    28.25  54.369900000000001  33.569901999999999
3404    25.971999  65.305002000000002  34.265898
3405    31.684000000000001  68.954006000000007  34.1479
3406    30.225901  61.483002999999997  33.604900999999998
3407    32.816000000000003  46.999000000000002  53.249001999999997
3408    -52.611998999999997  -59.514001  60.490999000000002
3409    -60.405999000000001  -62.927  60.536898999999998
3410    92.860996999999998  -46.007998000000001  23.447001
3411    -64.590000000000003  -79.115994000000001  66.155895999999998
3412    138.602003  63.221998999999997  -2.0270000000000001
3413    -75.399101000000002  -0.14910000000000001  -33.634998000000003
3414    -77.489993999999996  5.899  -33.933996999999998
3415    -88.987999000000002  32.379001000000002  34.165002000000001
3416    71.500003000000007  -18.524099  -41.280999999999999
3417    85.337900000000005  -8.1549990000000001  -35.390999000000001
3418    -58.845098999999998  -21.701098999999999  49.736902000000001
3419    77.641897  -86.527101999999999  -10.180999999999999
3420    76.452001999999993  -77.513098999999997  -10.195
3421    -23.768999000000001  22.312000000000001  7.0349000000000004
3422    -58.616101999999998  -80.545000999999999  -51.569997999999998
3423    52.972901999999998  -51.327001000000003  52.666001000000001
3424    93.293897999999999  98.573901000000006  10.781000000000001
3425    68.814002000000002  -70.818095999999997  -20.962
3426    63.909903  -71.059994000000003  -24.425000000000001
3427    66.586896999999993  -78.906000000000006  -19.142099000000002
3428    100.36390299999999  95.379896000000002  3.016
3429    -32.584999000000003  -14.134  4.9229000000000003
3430    -34.811101999999998  -14.863  11.35
3431    25.086001  33.070900000000002  -24.945
3432    25.204001000000002  28.937000999999999  -19.323001000000001
3433    25.486000000000001  25.408002  -13.292
3434    -18.709999  86.319000000000003  45.480899999999998
3435    -138.229996  47.503999999999998  5.3860000000000001
3436    87.319001999999998  15.583  46.534002000000001
3437    140.419006  -54.237000999999999  11.607001
3438    23.954899999999999  -43.141998000000001  -52.488998000000002
3439    23.767900000000001  22.312000000000001  -7.0359999999999996
3440    21.753  21.193999999999999  -7.3670999999999998
3441    22.965001000000001  19.913001000000001  -0.106
3442    26.079001000000002  22.597000000000001  -6.9169999999999998
3443    23.569001  67.116900999999999  -46.043000999999997
3444    58.986001000000002  93.702003000000005  29.170000999999999
3445    52.924900999999998  85.250899000000004  28.498999999999999
3446    -71.956097999999997  89.977897999999996  -61.771999999999998
3447    -82.791999000000004  92.197902999999997  -57.006999999999998
3448    -68.582103000000004  96.218005000000005  -57.542000000000002
3449    -47.436098999999999  -9.8249999999999993  26.017900999999998
3450    -52.513100000000001  -7.4880000000000004  29.481000999999999
3451    18.357001  90.207003  -35.939999
3452    96.347898000000001  -25.625  19.718900000000001
3453    63.695900000000002  20.2849  40.347900000000003
3454    66.527902999999995  -4.5521000000000003  62.352001999999999
3455    -107.92610000000001  -70.185997  -29.021000000000001
3456    -83.084001999999998  22.892900000000001  38.640900999999999
3457    -3.1219999999999999  -42.110100000000003  41.978999999999999
3458    127.416  -22.452998999999998  50.464001000000003
3459    -74.662103999999999  8.1539999999999999  64.608998999999997
3460    121.757001  76.027900000000002  30.742000999999998
3461    -1.397  135.20300399999999  34.860998000000002
3462    -33.873100000000001  -17.142099999999999  11.85
3463    -37.748102000000003  -16.206  17.384
3464    21.753  -21.195  7.3659999999999997
3465    84.626897999999997  73.916897000000006  0.158
3466    84.267899  65.376900000000006  4.0499999999999998
3467    80.774001999999996  75.983002999999997  5.2769000000000004
3468    -4.6390000000000002  154.10600600000001  4.9909999999999997
3469    -6.4279999999999999  150.442004  20.627001
3470    2.5169000000000001  152.34801200000001  10.994
3471    -21.6661  129.98589899999999  48.941001
3472    -14.311  124.762997  48.727001999999999
3473    28.329000000000001  22.003900000000002  -7.0270000000000001
3474    106.05  -49.222101000000002  47.480899999999998
3475    116.771005  -55.514000000000003  44.431899000000001
3476    14.872999999999999  50.709899999999998  28.361000000000001
3477    66.106007000000005  -9.0069999999999997  57.727001999999999
3478    -45.930098999999998  -69.468102999999999  67.902900000000002
3479    -22.084  -14.246999000000001  -17.632999000000002
3480    -31.940999999999999  5.5  -19.333100000000002
3481    29.781001  -18.055099999999999  33.036898999999998
3482    115.29689999999999  -31.188998000000002  2.5750000000000002
3483    91.398000999999994  -4.2370000000000001  -33.401102000000002
3484    -1.734  107.04689500000001  -13.130998999999999
3485    -87.811999  -82.617998  -1.403
3486    84.975898000000001  -58.015000000000001  -24.813998000000002
3487    42.421002000000001  -15.109999999999999  -22.184999999999999
3488    46.722900000000003  -17.254999000000002  -27.249998999999999
3489    96.386000999999993  102.656901  31.993002000000001
3490    27.881902  136.83900199999999  2.3580000000000001
3491    20.711001  138.90099499999999  10.597
3492    67.285000999999994  64.819001  28.655999999999999
3493    -30.227  -61.484102  33.604900999999998
3494    -23.725999999999999  -9.6240000000000006  14.42
3495    -1.26  -26.298999999999999  -12.483000000000001
3496    -1.798  -25.091000000000001  -4.4480000000000004
3497    -2.4580000000000002  -24.702000000000002  3.6089000000000002
3498    -138.19999999999999  35.291001000000001  29.315899999999999
3499    -66.471100000000007  94.980001000000001  -24.379998000000001
3500    -68.597100999999995  100.51690000000001  -30.642999
3501    -110.983104  -1.522  38.679000000000002
3502    -120.83999799999999  5.6388999999999996  41.812899999999999
3503    -117.51899899999999  4.6718999999999999  34.146901
3504    -96.650101000000006  -42.688001  -46.098999999999997
3505    -128.77699699999999  37.750900000000001  48.712000000000003
3506    -132.43699100000001  47.369900999999999  41.220999999999997
3507    -136.948004  41.386999000000003  35.999997999999998
3508    -120.51010100000001  18.385000999999999  17.002001
3509    49.860000999999997  2.3210000000000002  -41.301999000000002
3510    71.955003000000005  -89.978993000000003  -61.771999999999998
3511    61.368000000000002  -86.303100000000001  -65.175100999999998
3512    54.914999999999999  -74.758105  -67.749999000000003
3513    86.180001000000004  -6.6340000000000003  68.011999000000003
3514    45.929000000000002  -69.468102999999999  -67.904003000000003
3515    13.288  139.339  18.888000000000002
3516    50.714998999999999  3.742  30.856999999999999
3517    109.65489599999999  15.015000000000001  -18.774100000000001
3518    102.43489599999999  19.760901  -17.748000000000001
3519    99.790998000000002  15.122999999999999  -21.788999
3520    59.915002000000001  98.706000000000003  35.756900999999999
3521    -35.556998  -61.329000000000001  -65.901100999999997
3522    10.85  -32.616101  -16.021999000000001
3523    8.1400009999999998  -29.475999999999999  -9.7779989999999994
3524    -138.93899300000001  -60.939996999999998  -18.062100000000001
3525    -138.603002  -63.222996999999999  -2.0270000000000001
3526    106.126897  9.8049999999999997  -23.309999999999999
3527    116.90589799999999  12.103999999999999  -22.636997999999998
3528    -57.686101999999998  70.404902000000007  53.123001000000002
3529    -55.151100999999997  70.179998999999995  59.652000999999998
3530    -25.361097999999998  -144.60699299999999  -2.4079999999999999
3531    22.937901  18.166902  7.3090000000000002
3532    24.812000000000001  19.423000999999999  7.1050000000000004
3533    19.809000000000001  -21.045999999999999  15.478999999999999
3534    17.620999000000001  105.328001  -54.848998999999999
3535    -21.104099000000001  -75.345099000000005  47.056897999999997
3536    12.215001000000001  -39.666998999999997  -20.459
3537    9.8760010000000005  -41.833098999999997  -20.260099
3538    68.594999999999999  -100.517996  -30.642999
3539    71.819000000000003  -103.163101  -38.173999999999999
3540    -39.340100999999997  -50.813001  -63.305996
3541    21.576000000000001  -11.887999000000001  -6.7751000000000001
3542    2.5419999999999998  48.756  37.126899000000002
3543    -22.569998999999999  73.178999000000005  53.7729
3544    -85.019000000000005  84.110997999999995  -58.826998000000003
3545    -85.843101000000004  75.625001999999995  -57.625998000000003
3546    0.73099999999999998  28.516999999999999  -20.434097999999999
3547    20.068999000000002  -73.929101000000003  -53.071998000000001
3548    14.961001  146.51100299999999  -29.879000000000001
3549    15.045  136.84099900000001  -41.655999000000001
3550    -45.111998999999997  50.096001000000001  61.548001999999997
3551    -4.5739999999999998  -28.427999  -4.8029999999999999
3552    -30.416999000000001  23.895900999999999  13.269
3553    16.114000000000001  -92.138097000000002  43.554001
3554    29.788001000000001  -73.821999000000005  35.179000000000002
3555    34.637999000000001  -79.222098000000003  30.656001
3556    27.999001  -79.388998000000001  33.941001
3557    51.228001999999996  5.0519999999999996  56.800897999999997
3558    -22.962999  -109.55700299999999  -1.8839999999999999
3559    -31.777999999999999  32.698002000000002  23.298901000000001
3560    3.121  42.109000999999999  41.978999999999999
3561    8.2319999999999993  44.93  49.531999999999996
3562    -138.603002  63.221998999999997  2.0259999999999998
3563    -136.90199000000001  70.138000000000005  8.3019999999999996
3564    -134.856999  71.462898999999993  -7.7389999999999999
3565    26.603999999999999  107.02500499999999  -6.9420000000000002
3566    22.961901999999998  109.55589999999999  -1.8839999999999999
3567    15.595000000000001  105.139904  -5.5819999999999999
3568    -84.628000999999998  -73.918000000000006  0.158
3569    89.230998999999997  -60.332101000000002  5.3220000000000001
3570    86.791000999999994  -58.299000999999997  -9.6760000000000002
3571    89.234999999999999  -55.933996999999998  -5.2450000000000001
3572    -96.387102999999996  -102.657996  31.993002000000001
3573    -93.338995999999995  90.153903  0.40000000000000002
3574    -29.198  19.728000999999999  0.65200000000000002
3575    -28.329999999999998  22.003900000000002  7.0259999999999998
3576    -26.079999000000001  22.597000000000001  6.9158999999999997
3577    31.420000000000002  -16.132999000000002  1.4950000000000001
3578    30.832999999999998  -10.054  -4.7439999999999998
3579    67.845001999999994  -20.739099  -52.127997999999998
3580    -122.115999  84.569000000000003  -26.851998999999999
3581    74.661001999999996  8.1539999999999999  -64.610101
3582    76.985001999999994  2.2200000000000002  -67.212000000000003
3583    70.025003999999996  -20.725999000000002  -46.604998000000002
3584    1.0009999999999999  35.541899999999998  -3.633
3585    49.104000999999997  -79.388998000000001  32.570898999999997
3586    -53.380102000000001  22.533000999999999  -42.346100999999997
3587    -28.597999000000002  -43.895099000000002  -32.057997
3588    16.992999000000001  -94.737001000000006  51.277000000000001
3589    32.423000999999999  -37.979998000000002  27.256001000000001
3590    -77.643000000000001  -86.527101999999999  10.18
3591    84.975898000000001  58.013900999999997  24.812901
3592    76.497003000000007  63.430003999999997  21.984999999999999
3593    80.420895999999999  62.082998000000003  18.113
3594    24.502002000000001  118.863896  5.4640000000000004
3595    27.582001000000002  127.800003  5.1230000000000002
3596    -112.393998  -20.368998999999999  -13.756
3597    -49.680999999999997  -72.251000000000005  -34.812100000000001
3598    80.720997999999994  59.506900999999999  28.684000000000001
3599    -0.93100000000000005  38.047998999999997  17.440899999999999
3600    -25.437100000000001  -7.9191000000000003  13.722899999999999
3601    22.787001  140.69899899999999  -38.515999999999998
3602    -22.084  14.246  17.631900999999999
3603    -30.847999999999999  -18.979099000000001  29.645
3604    29.158999999999999  -29.094999999999999  47.793899000000003
3605    44.278900999999998  10.747999999999999  52.035902
3606    -98.564103000000003  -52.449100000000001  22.576001000000002
3607    -86.347997000000007  27.617999999999999  36.726002000000001
3608    -86.678102999999993  30.373999999999999  44.285901000000003
3609    102.764897  -81.808001000000004  14.755000000000001
3610    75.957999000000001  -60.506999  -32.139000000000003
3611    80.720997999999994  -59.508000000000003  -28.684999999999999
3612    128.59299799999999  56.026001000000001  16.131001000000001
3613    -21.271999999999998  23.263000000000002  32.160901000000003
3614    -43.370998999999998  -92.803098000000006  50.790998999999999
3615    -54.833098999999997  -96.219099999999997  55.178001999999999
3616    86.791000999999994  58.297998999999997  9.6750000000000007
3617    -36.090097999999998  36.311999  27.312901
3618    -37.160001999999999  42.215001000000001  30.172999999999998
3619    -15.912000000000001  33.257902000000001  -30.865998999999999
3620    71.869999000000007  -87.338001000000006  -15.478
3621    33.355899000000001  -26.038098999999999  19.071999999999999
3622    22.708000999999999  40.747002000000002  -38.001001000000002
3623    -65.209999999999994  -60.876998999999998  37.438898999999999
3624    -67.286103999999995  -64.819998999999996  28.655999999999999
3625    -57.535998999999997  70.877902000000006  46.109999999999999
3626    -114.16699699999999  47.237898999999999  50.728000999999999
3627    91.809899000000001  -53.758997000000001  -16.181999999999999
3628    94.079003  -8.9799989999999994  -38.307997999999998
3629    86.850896000000006  -12.847999  -40.217998999999999
3630    -36.027099999999997  85.059895999999995  -59.452001000000003
3631    -132.89399399999999  -78.514002000000005  1.6639999999999999
3632    -127.054095  -85.767000999999993  11.59
3633    -30.997999  18.197901999999999  -5.75
3634    30.673901000000001  18.152899999999999  -1.0629999999999999
3635    31.420000000000002  16.131900000000002  -1.4961
3636    95.110997999999995  56.110002000000001  -25.878999
3637    -28.251000000000001  54.369900000000001  -33.570996999999998
3638    25.336901000000001  18.585999999999999  14.699
3639    23.658999999999999  16.752001  15.071
3640    26.6599  17.718900000000001  22.582000000000001
3641    25.298000999999999  15.208  23.038
3642    27.541899999999998  19.628  14.087999999999999
3643    4.9649999999999999  -33.764001  -2.5369999999999999
3644    -42.960997999999996  115.47099799999999  15
3645    88.986902999999998  32.379001000000002  -34.166100999999998
3646    -34.834001000000001  -12.359999999999999  11.121
3647    -32.106999000000002  -11.928099  4.7359999999999998
3648    100.660004  -60.817100000000003  31.694900000000001
3649    47.535899999999998  -57.398997000000001  -40.266998000000001
3650    48.394002  -54.770100999999997  -46.383001
3651    38.375000999999997  -13.422000000000001  -16.909099999999999
3652    105.942003  -76.347098000000003  21.974999
3653    77.427998000000002  68.929001999999997  12.978999999999999
3654    54.859000999999999  -102.848001  52.604899000000003
3655    40.25  -18.680098999999998  -43.993997999999998
3656    38.452900999999997  -14.932999000000001  -45.371000000000002
3657    33.992998  -17.594000000000001  -37.672099000000003
3658    22.787001  -11.902099  -14.920999
3659    34.832999000000001  -12.359999999999999  -11.121999000000001
3660    3.5089999999999999  -26.482999  4.7080000000000002
3661    27.613001000000001  -11.351000000000001  9.7980009999999993
3662    110.785  -95.962993999999995  -30.333100000000002
3663    136.94700599999999  -41.388097999999999  35.999997999999998
3664    22.375001000000001  -147.780001  24.329901
3665    -92.320003  31.707000000000001  24.385901
3666    -42.326998000000003  52.276999000000004  -45.064996999999998
3667    -10.19  31.072901999999999  -34.717998999999999
3668    -103.721097  74.147998999999999  -46.625998000000003
3669    65.291002000000006  -18.559999999999999  -57.009999000000001
3670    -5.8700000000000001  55.256002000000002  -41.215099000000002
3671    -7.593  -142.09599800000001  -33.576999000000001
3672    -42.422100999999998  -15.109999999999999  22.183999
3673    -20.396999999999998  149.919003  8.4489999999999998
3674    57.942003  -92.308000000000007  -61.319097999999997
3675    114.495002  41.582000000000001  9.5779999999999994
3676    -15.451999000000001  94.680003999999997  33.180002000000002
3677    -47.660001000000001  -13.670999999999999  26.172001000000002
3678    95.060900000000004  -51.287998000000002  30.576899999999998
3679    100.376897  -54.950099000000002  37.069901999999999
3680    -103.934996  91.744005999999999  -43.827001000000003
3681    -31.684998  68.954006000000007  -34.148999000000003
3682    -16.909099999999999  59.109001999999997  -59.324100999999999
3683    -25.972999999999999  65.305002000000002  -34.266997000000003
3684    -27.388998999999998  72.651996999999994  -36.818097999999999
3685    58.844000000000001  -21.701098999999999  -49.737997
3686    61.512999000000001  -22.020999  -45.020099999999999
3687    -80.167002999999994  17.408000000000001  60.643002000000003
3688    -32.195999999999998  16.3339  -5.2811000000000003
3689    8.298  28.353999999999999  26.957999999999998
3690    -95.111996000000005  56.110002000000001  25.878001000000001
3691    -22.7881  -11.902099  14.92
3692    -54.384999000000001  57.069000000000003  -53.964100999999999
3693    36.187001000000002  -18.484000000000002  -18.253999
3694    77.641897  86.525998999999999  10.18
3695    76.453000000000003  77.512003000000007  10.194000000000001
3696    -40.854998000000002  -39.766997000000003  -31.219999999999999
3697    -51.335000000000001  -95.782995  39.985999
3698    -52.513100000000001  -97.440100999999999  47.687002
3699    -62.063999000000003  -100.942098  43.462001000000001
3700    -32.618999000000002  35.118899999999996  54.005999000000003
3701    -29.16  29.093001000000001  47.793899000000003
3702    -49.104999999999997  79.388000000000005  32.570898999999997
3703    -54.729998000000002  79.698898  37.478997999999997
3704    -42.186100000000003  -0.68410000000000004  39.441001
3705    -49.8611  2.3210000000000002  41.300899999999999
3706    -20.337  -19.410999  -7.8559999999999999
3707    -124.275103  62.152900000000002  -24.351998999999999
3708    -113.045998  59.790998999999999  -31.303000000000001
3709    -117.772102  55.256898999999997  -24.350999000000002
3710    -39.874099000000001  -80.248103  34.145899
3711    43.168899000000003  72.941005000000004  -32.245997000000003
3712    30.225901  -61.484102  -33.606000000000002
3713    31.684000000000001  -68.955100999999999  -34.148999000000003
3714    50.436000999999997  -21.833998999999999  -46.214100000000002
3715    -33.507998999999998  -76.748103  35.881898999999997
3716    23.027901  46.236001000000002  -42.840998999999996
3717    -58.673999999999999  70.791899999999998  -27.445
3718    -14.680999  63.291899999999998  -56.07
3719    -9.7520000000000007  55.7849  -52.453000000000003
3720    81.078000000000003  67.346997999999999  8.5999999999999996
3721    -8.7469990000000006  37.493898999999999  -15.028
3722    82.846998999999997  12.663  -65.552100999999993
3723    -90.962000000000003  -103.3291  24.746001
3724    21.193999999999999  33.136003000000002  -35.250999
3725    33.546999  22.134  -39.868999000000002
3726    -76.880000999999993  -67.336999000000006  57.027000999999998
3727    -41.792001999999997  8.5619999999999994  -22.146999999999998
3728    -40.854998000000002  39.765898  31.218900999999999
3729    33.073000999999998  18.454000000000001  -31.861998
3730    21.617000999999998  68.037002999999999  36.893003
3731    27.388000999999999  72.651996999999994  36.817003
3732    31.665998999999999  112.48689899999999  -60.412998999999999
3733    46.964001000000003  -114.697002  54.283999000000001
3734    -50.437100000000001  21.833000999999999  -46.214100000000002
3735    -61.463099  59.518002000000003  -53.822000000000003
3736    -73.794998000000007  95.289997999999997  -18.944998999999999
3737    -20.07  -73.929101000000003  53.070898999999997
3738    24.530000999999999  9.8170000000000002  -2.0920999999999998
3739    31.940002  -5.5  -19.333100000000002
3740    -13.623999  -36.910001000000001  21.245000999999998
3741    -13.888999999999999  -33.980001000000001  22.495001999999999
3742    14.435001  -120.761104  -17.841000000000001
3743    -32.992097999999999  -49.625002000000002  -32.923099000000001
3744    129.298002  78.665002999999999  17.444901000000002
3745    42.844000999999999  21.286999999999999  41.618001
3746    45.512002000000003  -15.455  -51.459000000000003
3747    72.485997999999995  -12.669  -63.203000000000003
3748    29.652000999999998  15.119  -24.997
3749    29.781001  18.054001  -33.036999000000002
3750    26.672999999999998  15.079000000000001  -25.611098999999999
3751    29.503001000000001  13.404000999999999  -17.091999000000001
3752    54.383899999999997  -57.069997999999998  -53.964100999999999
3753    43.609999000000002  -30.563001  39.965902
3754    81.078000000000003  -67.347995999999995  -8.6010000000000009
3755    83.855002999999996  -60.360100000000003  -13.988
3756    94.152004000000005  43.660901000000003  -12.568
3757    92.824899000000002  50.087001000000001  -19.1631
3758    90.401000999999994  57.346001000000001  32.060999000000002
3759    22.954000000000001  -43.353099  47.033999000000001
3760    23.975901  -49.648995999999997  51.846001000000001
3761    -30.396000000000001  -12.002000000000001  -2.1720000000000002
3762    37.978999000000002  -10.555999  -16.896999000000001
3763    -58.845098999999998  21.699999999999999  -49.737997
3764    -30.396000000000001  12.000999999999999  2.1709999999999998
3765    2.8980000000000001  34.480899999999998  -4.0850999999999997
3766    114.28999899999999  -25.788098999999999  8.3309999999999995
3767    94.372004000000004  60.581001999999998  -20.885999999999999
3768    -108.626999  63.486001999999999  35.728000000000002
3769    -117.224999  71.597002000000003  29.694900000000001
3770    -8.8129989999999996  147.16200499999999  -15.874000000000001
3771    138.93800999999999  -60.939996999999998  18.061001000000001
3772    -113.865994  80.337896999999998  -39.042000000000002
3773    -104.91110399999999  83.161004000000005  -46.613
3774    28.547999999999998  38.478001999999996  -28.232999
3775    32.698002000000002  84.539004000000006  -28.340098999999999
3776    40.442999  85.135005000000007  -27.486098999999999
3777    89.037001000000004  -30.73  52.006900000000002
3778    82.724898999999994  -25.285  45.941003000000002
3779    32.194901000000002  16.3339  5.2800000000000002
3780    31.321999000000002  13.972  -1.885
3781    -8.7111000000000001  118.34599799999999  45.715000000000003
3782    -140.27298999999999  44.819001  20.773999
3783    -138.94599700000001  51.243901000000001  27.367999999999999
3784    -134.20900700000001  57.090901000000002  32.837003000000003
3785    -94.113  39.910901000000003  16.763000000000002
3786    -93.512102999999996  35.915002000000001  20.725899999999999
3787    -111.65209900000001  71.372001999999995  -39.792999999999999
3788    -70.360101999999998  9.7320010000000003  39.951000000000001
3789    86.890899000000005  -22.687999999999999  60.282003000000003
3790    -91.195002000000002  53.281999999999996  -0.751
3791    -96.333100999999999  48.152000000000001  -6.8949999999999996
3792    -45.186098999999999  1.7729999999999999  -48.676997
3793    79.500899000000004  98.660006999999993  52.442003
3794    -23.812100000000001  -16.097999999999999  -25.698001000000001
3795    89.230998999999997  60.331001999999998  -5.3230000000000004
3796    87.966003000000001  71.327999000000005  -5.093
3797    126.782894  -61.473000999999996  36.345999999999997
3798    56.215901000000002  -91.934994000000003  56.250900000000001
3799    27.013000000000002  12.736000000000001  -17.611999000000001
3800    -121.81099500000001  8.8900000000000006  49.480899999999998
3801    -113.34310499999999  -1.1679999999999999  46.401001999999998
3802    35.903900999999998  -64.365998000000005  -33.753
3803    20.335999999999999  19.409901000000001  -7.8559999999999999
3804    28.378  33.472002000000003  -23.768999000000001
3805    -87.320998000000003  15.583  -46.534999999999997
3806    45.512002000000003  15.454001  51.458001000000003
3807    73.332003999999998  -70.097095999999993  -17.122
3808    -34.826099999999997  102.444001  64.309894999999997
3809    -118.571997  67.329003999999998  -32.306001000000002
3810    -128.323004  70.372998999999993  -21.927999
3811    46.722900000000003  17.253900000000002  27.249001
3812    45.520000000000003  -35.102099000000003  47.511000000000003
3813    56.625000999999997  -64.240001000000007  -33.381999
3814    -32.779001000000001  -55.738996999999998  -34.613996999999998
3815    -23.029  -46.236998999999997  -42.840998999999996
3816    92.180899999999994  53.847000000000001  -14.664
3817    30.673901000000001  -18.153998999999999  1.0620000000000001
3818    -61.368997999999998  -86.303100000000001  65.174006000000006
3819    29.340001000000001  -5.8559999999999999  -20.552098999999998
3820    -28.959999  8.798  -4.9480000000000004
3821    -31.048100000000002  14.250999999999999  8.9789999999999992
3822    -79.789102  59.854000999999997  -39.792999999999999
3823    -85.360101999999998  58.928001999999999  -36.201101000000001
3824    3.246  -123.24809999999999  39.930902000000003
3825    -32.186098000000001  -61.887099999999997  -35.544998999999997
3826    -133.345991  -63.569099000000001  12.819001
3827    -134.856999  -71.463994999999997  7.7378999999999998
3828    25.024000999999998  20.680001000000001  -0.1351
3829    27.211901000000001  20.614000000000001  -0.32700000000000001
3830    -22.7881  11.901  -14.920999
3831    -24.902999000000001  12.34  -23.027999000000001
3832    -25.437100000000001  7.9180000000000001  -13.724
3833    -25.531099999999999  9.5570000000000004  -22.552999
3834    -23.725999999999999  9.6229999999999993  -14.420999
3835    -21.500001000000001  -18.018998  -25.247999
3836    85.017897000000005  -84.111996000000005  -58.826998000000003
3837    22.375001000000001  147.77900299999999  -24.331
3838    86.890899000000005  22.687000999999999  -60.283098000000003
3839    78.541897000000006  20.141999999999999  -54.035001000000001
3840    72.680003999999997  15.583  -53.466000000000001
3841    27.002001  -19.871099000000001  -6.7380000000000004
3842    86.180001000000004  6.6329000000000002  -68.013102000000003
3843    40.675901000000003  30.627998999999999  -30.340999
3844    119.593002  -91.649100000000004  -21.225999999999999
3845    4.9139999999999997  -104.99999699999999  6.7309000000000001
3846    -93.338995999999995  -90.154998000000006  -0.40100000000000002
3847    -14.962  -146.511987  -29.879000000000001
3848    49.838003  -103.817098  58.951002000000003
3849    -39.1111  21.655000999999999  -33.848996999999997
3850    -36.889001999999998  -28.261998999999999  -24.645999
3851    12.279  98.526000999999994  -29.885999999999999
3852    -39.905000000000001  -134.98199  -19.548099000000001
3853    42.803001000000002  103.675  -63.062102000000003
3854    -106.954105  0.57699999999999996  31.971999
3855    -28.712001000000001  -145.70400100000001  -17.779
3856    0.93089999999999995  -36.389001  10.503000999999999
3857    57.5349  70.877902000000006  -46.111099000000003
3858    58.069001999999998  80.106004999999996  -44.151100999999997
3859    54.726000999999997  71.525998000000001  -39.680101000000001
3860    120.83889499999999  5.6388999999999996  -41.813999000000003
3861    12.234  106.525004  -0.95099999999999996
3862    102.829002  42.055  -52.215099000000002
3863    93.279898000000003  36.595999999999997  -49.5
3864    -113.045998  -59.792000999999999  31.302001000000001
3865    2.2589999999999999  30.790001  -20.118099000000001
3866    -0.0089999999999999993  31.899899000000001  -28.139001
3867    1.401  34.658000000000001  -27.355
3868    27.582001000000002  -127.80110500000001  -5.1241000000000003
3869    22.545000999999999  10.704000000000001  -1.7649999999999999
3870    134.009004  -66.594100999999995  23.763901000000001
3871    21.138901000000001  38.226000999999997  34.430898999999997
3872    37.747002999999999  -16.206  -17.385099
3873    -129.29900000000001  78.665002999999999  -17.445997999999999
3874    1.159  -35.778998999999999  -3.181
3875    -138.93899300000001  60.938898000000002  18.061001000000001
3876    -19.733999000000001  -17.236098999999999  -8.4309999999999992
3877    -15.568  -56.790098999999998  31.954001999999999
3878    90.779900999999995  -18.093999  65.139897000000005
3879    80.165997000000004  -17.409099000000001  60.643002000000003
3880    -30.006999  103.829004  11.773999999999999
3881    -10.277100000000001  35.222898999999998  -15.343999
3882    -19.271999999999998  -35.862997  37.374001
3883    -23.146999999999998  -39.097997999999997  43.386001
3884    92.013001000000003  -79.546994999999995  7.5148999999999999
3885    98.515898000000007  -86.444102000000001  7.5138999999999996
3886    79.787998999999999  -59.854998999999999  -39.792999999999999
3887    5.7009999999999996  -27.489100000000001  -2.7799999999999998
3888    23.767900000000001  -22.313001  7.0349000000000004
3889    22.965001000000001  -19.913999  0.10489999999999999
3890    4.2430000000000003  32.756000999999998  -4.4661
3891    4.8330000000000002  30.631  -4.718
3892    4.9649999999999999  33.762999000000001  2.536
3893    -25.053000000000001  37.733002999999997  30.093900999999999
3894    -36.242100999999998  -139.69509300000001  -26.552099999999999
3895    -30.229998999999999  -141.70199600000001  -33.213101000000002
3896    -25.379999000000002  -72.531000000000006  -60.203999000000003
3897    -29.25  -90.863995000000003  -64.705104000000006
3898    -23.209997999999999  -89.397103000000001  -59.891998999999998
3899    126.385003  70.333898000000005  -27.850999999999999
3900    117.80100299999999  63.716903000000002  -37.361998
3901    124.677002  37.896901  2.7490000000000001
3902    -21.187999999999999  14.09  -7.1311
3903    -15.451999000000001  -94.681002000000007  -33.181001000000002
3904    -89.236096000000003  55.932898000000002  -5.2450000000000001
3905    -43.376997000000003  36.692999  33.449002
3906    -92.862003000000001  46.006898999999997  23.447001
3907    43.168899000000003  -72.942099999999996  32.244897999999999
3908    90.971000000000004  57.264901999999999  -10.028
3909    23.315000999999999  -52.305999999999997  46.949002999999998
3910    -19.733999000000001  17.234999999999999  8.4299999999999997
3911    -79.502001000000007  98.660006999999993  -52.443097999999999
3912    -90.400099999999995  99.481999999999999  -46.118099000000001
3913    -75.650103000000001  102.51000500000001  -45.828997999999999
3914    90.739897999999997  -68.227001000000001  10.402001
3915    -84.588997000000006  -8.1929999999999996  -31.300001000000002
3916    -77.489993999999996  -5.9001000000000001  33.932898000000002
3917    -90.961001999999993  -37.085999000000001  -31.039000000000001
3918    57.777900000000002  4.6699999999999999  -40.951098999999999
3919    22.420000000000002  73.651999000000004  -46.759996999999998
3920    -40.677  30.627998999999999  30.340001000000001
3921    -123.086996  11.472  28.752001
3922    -116.90700099999999  12.103999999999999  22.635901
3923    25.034001  -42.869999999999997  34.702900999999997
3924    -49.619  64.945898999999997  36.284900999999998
3925    35.464998000000001  47.471001999999999  48.132899999999999
3926    -38.375000999999997  -13.422000000000001  16.908000999999999
3927    -42.660001999999999  -11.785  21.819001
3928    -24.812999999999999  -19.423998999999998  7.1050000000000004
3929    27.784001  -81.487998000000005  -46.841997999999997
3930    53.950999000000003  -63.340998999999996  40.991999
3931    -108.35809999999999  -12.324999999999999  -64.195998000000003
3932    -103.523105  -18.670099  -65.311000000000007
3933    -136.90199000000001  -70.138998000000001  -8.3030989999999996
3934    -48.923101000000003  57.597000000000001  36.941003000000002
3935    -41.292999000000002  50.861001000000002  -51.078997999999999
3936    -120.283  13.928001  55.984001999999997
3937    -8.1809999999999992  -103.874996  -11.128999
3938    -0.025100000000000001  39.646901  34.000002000000002
3939    14.071899999999999  66.692002000000002  51.458899000000002
3940    -21.140000000000001  -38.2271  34.430898999999997
3941    125.34989400000001  -52.332099999999997  44.180900000000001
3942    -17.314  -35.866100000000003  28.661999999999999
3943    42.803001000000002  -103.676103  63.060999000000002
3944    -18.358000000000001  90.207003  35.938899999999997
3945    -21.576999000000001  11.887  -6.7751000000000001
3946    43.021898999999998  -91.856099999999998  -43.272998000000001
3947    77.488899000000004  5.899  33.932898000000002
3948    -31.181000000000001  46.769001000000003  -39.860100000000003
3949    -25.41  41.011001999999998  -39.687998999999998
3950    -80.819100000000006  94.596997000000002  -12.941000000000001
3951    -59.916100999999998  -98.707102000000006  35.756900999999999
3952    -27.119  100.315005  62.511004999999997
3953    -55.759999999999998  60.596998999999997  53.490001999999997
3954    -52.974001000000001  51.325999000000003  52.666001000000001
3955    -52.964098999999997  59.876899999999999  59.380001999999998
3956    -49.898997000000001  50.276000000000003  57.812002
3957    -131.832987  -75.546994999999995  -14.233000000000001
3958    -1.8460000000000001  105.947897  17.680900000000001
3959    -128.593996  -56.027099  16.131001000000001
3960    31.187901  -67.953102000000001  35.726002999999999
3961    -14.073  -66.693096999999995  51.458899000000002
3962    -20.732099000000002  -70.864998  58.476998999999999
3963    -68.179101000000003  -11.811  -45.604098999999998
3964    -116.489999  19.988  60.330002999999998
3965    -123.388097  28.5349  55.131
3966    -127.41699800000001  22.451899999999998  50.464001000000003
3967    0.064000000000000001  42.778902000000002  32.054000000000002
3968    -76.986097000000001  2.2200000000000002  67.210898
3969    89.654899999999998  -0.23499999999999999  67.651004
3970    42.048000000000002  79.221002999999996  -30.177999
3971    49.104000999999997  79.388000000000005  -32.571997000000003
3972    -26.184999999999999  44.007900999999997  -36.104998999999999
3973    -30.507000000000001  50.362900000000003  -36.091997999999997
3974    127.253905  13.218000999999999  -36.187998999999998
3975    37.747002999999999  16.204901  17.385000000000002
3976    37.299900999999998  -67.443102999999994  33.436999
3977    -11.565  152.16700700000001  -1.2210000000000001
3978    -100.942098  98.590999999999994  -38.694099000000001
3979    -93.565099000000004  92.816002999999995  -50.979998000000002
3980    -73.324993000000006  -15.946999  -46.623100000000001
3981    87.319902999999996  -15.583999  -46.534999999999997
3982    92.670895000000002  50.351000999999997  -3.7509999999999999
3983    -32.693098999999997  17.097000000000001  15.420901000000001
3984    44.456001000000001  -92.578106000000005  65.990894999999995
3985    -38.390998000000003  90.609998000000004  24.232900000000001
3986    23.725000999999999  9.6229999999999993  14.42
3987    128.77599900000001  -37.751998999999998  48.712000000000003
3988    13.8879  33.978999000000002  22.495001999999999
3989    12.970001  31.326000000000001  24.020001000000001
3990    73.801002999999994  -60.097999999999999  -42.736097999999998
3991    36.187001000000002  18.482900999999998  18.253
3992    -32.699100999999999  84.539004000000006  28.338999999999999
3993    80.165997000000004  17.408000000000001  -60.644100999999999
3994    -44.166099000000003  5.9428999999999998  -51.061101000000001
3995    114.572898  -96.190101999999996  -14.721
3996    -21.140000000000001  38.226000999999997  -34.431998
3997    -68.561993999999999  65.592005999999998  -59.368997999999998
3998    -105.943099  -76.347098000000003  -21.975999999999999
3999    -19.271999999999998  35.861902000000001  -37.374999000000003
4000    -13.41  31.576000000000001  -32.993997999999998
4001    -52.513100000000001  7.4869000000000003  -29.482099999999999
4002    17.312901  35.865000999999999  28.661999999999999
4003    15.911  33.257902000000001  30.864899999999999
4004    -119.594105  -91.649100000000004  21.225000000000001
4005    -82.725994  25.283999999999999  45.941003000000002
4006    28.090900000000001  -25.111999000000001  13.1
4007    -20.937100000000001  -85.180998000000002  -38.078997000000001
4008    -134.009987  66.592999000000006  23.763901000000001
4009    4.0369999999999999  118.400998  29.809000000000001
4010    -1.7470000000000001  108.88300099999999  29.050999999999998
4011    95.701999999999998  -11.713998999999999  -44.916998999999997
4012    86.989902000000001  63.0349  -0.61199999999999999
4013    32.290998999999999  -16.209999  23.951000000000001
4014    13.747999999999999  -151.96900099999999  14.847
4015    -27.872  -78.213997000000006  59.617001999999999
4016    83.855002999999996  60.359000999999999  13.987
4017    54.728999999999999  79.698898  -37.479999999999997
4018    -49.494999999999997  42.771901999999997  50.661898999999998
4019    28.9589  8.798  4.9470000000000001
4020    123.05889999999999  -24.868998999999999  10.827999999999999
4021    -3.5099999999999998  -26.482999  -4.7091000000000003
4022    24.502002000000001  -118.864  -5.4650999999999996
4023    122.14600299999999  -43.213099  51.159002000000001
4024    -49.104999999999997  -79.388998000000001  -32.571997000000003
4025    -87.319999999999993  -15.583999  46.534002000000001
4026    8.9179999999999993  129.16700499999999  26.701000000000001
4027    -85.338994999999997  -8.1549990000000001  35.389899999999997
4028    6.2889999999999997  -29.614999999999998  -2.5270000000000001
4029    29.937901  19.718900000000001  13.331001000000001
4030    123.629898  44.143002000000003  9.9199999999999999
4031    27.388000999999999  -72.653002999999998  -36.818097999999999
4032    -9.077  -59.381999  48.686999999999998
4033    -5.8700000000000001  -55.256999999999998  41.213999999999999
4034    27.002001  19.870000000000001  6.7369000000000003
4035    -5.4100000000000001  104.170896  22.047000000000001
4036    -109.80310299999999  50.735999  -21.923999999999999
4037    32.159902000000002  18.846001000000001  12.5459
4038    33.872000999999997  17.141000999999999  11.85
4039    113.5609  88.972904  35.719003999999998
4040    52.924900999999998  3.2559999999999998  -50.339098999999997
4041    28.9589  -8.7989999999999995  -4.9480000000000004
4042    -2.6880000000000002  -126.883104  33.539999000000002
4043    25.024000999999998  -20.680999  0.13400000000000001
4044    29.172999999999998  -19.440999000000001  -6.2621000000000002
4045    -91.6631  -16.882999000000002  -26.490998999999999
4046    15.178001  -68.788104000000004  -46.196997000000003
4047    -26.642099000000002  -46.832099999999997  -55.901099000000002
4048    71.708000999999996  -78.490994999999998  -14.837
4049    -22.774999999999999  -10.023  6.3029000000000002
4050    -26.660999  17.718900000000001  -22.583099000000001
4051    -121.75810300000001  76.027900000000002  -30.743099999999998
4052    32.159902000000002  -18.847099  -12.547000000000001
4053    33.130001  -100.00299699999999  16.311999
4054    92.248998999999998  -41.653998000000001  27.436001000000001
4055    -88.097997000000007  -22.882000000000001  -30.476998999999999
4056    -88.987999000000002  -32.380099999999999  -34.166100999999998
4057    -86.347997000000007  -27.618998999999999  -36.727100999999998
4058    -57.943097999999999  -92.308000000000007  61.318002999999997
4059    99.900000000000006  66.317998000000003  -25.927098000000001
4060    51.305  -92.560001  62.270902
4061    -46.377997999999998  -83.096102000000002  31.665998999999999
4062    37.061999999999998  -133.96699699999999  41.278899000000003
4063    100.820899  -4.4861000000000004  -35.542997999999997
4064    -54.7271  71.525998000000001  39.679001999999997
4065    -53.952001000000003  63.340001000000001  40.991999
4066    -28.378999  33.472002000000003  23.767900000000001
4067    -0.98699999999999999  -115.583099  -35.333100999999999
4068    -39.770997999999999  -114.37999499999999  -58.742099000000003
4069    -49.839101999999997  -103.817098  -58.951999999999998
4070    100.36390299999999  -95.380999000000003  -3.0169999999999999
4071    55.150002000000001  70.179998999999995  -59.652999000000001
4072    92.248998999999998  41.652898999999998  -27.437100000000001
4073    -29.629000000000001  -12.468999999999999  -9.4710000000000001
4074    68.595997999999994  100.51690000000001  30.642001
4075    -35.361998  -124.342099  -53.120997000000003
4076    136.676997  55.853999999999999  3.641
4077    104.98689899999999  7.0830000000000002  49.882899999999999
4078    -50.317101000000001  70.235996999999998  64.704001000000005
4079    -4.0381  -118.402101  29.809000000000001
4080    18.357001  -90.208098000000007  35.938899999999997
4081    -134.20900700000001  -57.091999999999999  -32.838099
4082    -22.375999  147.77900299999999  24.329901
4083    -13.749000000000001  151.96800200000001  14.847
4084    -126.386106  70.333898000000005  27.850000000000001
4085    0.98599999999999999  -115.583099  35.331000000000003
4086    35.555898999999997  -61.329000000000001  65.899997999999997
4087    39.339002000000001  -50.813001  63.304997999999998
4088    35.903900999999998  64.364895000000004  33.751900999999997
4089    -11.538999  -57.709001000000001  34.262999999999998
4090    13.8879  -33.980001000000001  -22.496099000000001
4091    -58.986998999999997  -93.703098999999995  29.170000999999999
4092    -68.597100999999995  -100.517996  30.642001
4093    65.107003000000006  -100.069098  -51.112000000000002
4094    54.832000000000001  -96.219099999999997  -55.179099999999998
4095    -99.901101999999995  66.317998000000003  25.926000999999999
4096    -140.420005  54.235999  11.607001
4097    -36.617100000000001  8.0429999999999993  -17.354998999999999
4098    -131.832987  75.545900000000003  14.231999999999999
4099    90.399005000000002  99.481999999999999  46.116999999999997
4100    35.755999000000003  -19.965999  30.1599
4101    44.456001000000001  92.577003000000005  -65.991997999999995
4102    -133.04899599999999  31.690000999999999  43.756000999999998
4103    23.378  -89.239001000000002  29.593900000000001
4104    -51.479998999999999  -91.504000000000005  33.249001999999997
4105    33.936999999999998  -10.012999000000001  -11.199999999999999
4106    -30.056000000000001  7.1360000000000001  -12.182999000000001
4107    49.860000999999997  -2.3220999999999998  41.300899999999999
4108    -81.539102  -103.985101  31.899899000000001
4109    23.142900000000001  79.698898  -39.528001000000003
4110    14.606999999999999  -99.849001000000001  19.436
4111    -95.867998999999998  -60.176997999999998  38.75
4112    68.581000000000003  -96.219099999999997  -57.542000000000002
4113    100.941002  98.590999999999994  38.692999999999998
4114    -103.651099  -7.0110999999999999  42.284001000000004
4115    65.763897999999998  -87.389998000000006  -20.341999999999999
4116    -10.851000000000001  -32.616101  16.020902
4117    -114.708997  -92.425100999999998  -0.60609999999999997
4118    -22.7881  -140.69999799999999  -38.515999999999998
4119    -11.670999  41.715000000000003  -49.965099000000002
4120    -22.7881  140.69899899999999  38.514901000000002
4121    107.25289600000001  -63.438997000000001  -37.861998999999997
4122    36.185000000000002  -73.492996000000005  32.375
4123    42.048000000000002  -79.222098000000003  30.177001000000001
4124    114.165999  -47.238998000000002  50.728000999999999
4125    13.409001  31.576000000000001  32.993000000000002
4126    -14.962  146.51100299999999  29.878
4127    -127.75500099999999  -83.641998000000001  -4.4801000000000002
4128    -1.216  42.215001000000001  -23.010999000000002
4129    -33.243999000000002  -124.772102  -1.9220999999999999
4130    -57.728101000000002  4.7560000000000002  -32.187998
4131    40.25  18.678999999999998  43.993000000000002
4132    95.110997999999995  -56.111100999999998  25.878001000000001
4133    -67.529999000000004  -59.658099  44.93
4134    -73.802098999999998  -60.097999999999999  42.734999000000002
4135    33.719003000000001  68.843000000000004  66.722899999999996
4136    21.416001000000001  29.982900000000001  -37.759996999999998
4137    98.445899999999995  -35.133999000000003  55.997002999999999
4138    99.035002000000006  -48.854998999999999  41.914999000000002
4139    -95.190100000000001  84.418899999999994  -53.264000000000003
4140    8.1309009999999997  -57.172100999999998  -37.515998000000003
4141    -15.499000000000001  47.966901  -55.868099999999998
4142    -21.591999000000001  41.388001000000003  -31.695999
4143    -132.89399399999999  78.513003999999995  -1.665
4144    -29.656099000000001  -133.21898899999999  -46.326999000000001
4145    96.016898999999995  -12.025  -52.220098999999998
4146    30.832999999999998  10.053000000000001  4.7430000000000003
4147    -110.786103  -95.962993999999995  30.332001000000002
4148    117.223904  71.597002000000003  -29.695999
4149    43.715000000000003  -98.762101999999999  21.853999999999999
4150    127.753899  83.640902999999994  -4.4801000000000002
4151    -66.684999000000005  11.555  51.846001000000001
4152    35.937902000000001  -95.583997999999994  20.488001000000001
4153    30.228999999999999  141.700998  -33.213101000000002
4154    73.148004999999998  12.847  -59.783101000000002
4155    29.655000000000001  133.21800500000001  -46.326999000000001
4156    34.765898999999997  -23.507000999999999  19.992000999999998
4157    15.451000000000001  94.680003999999997  -33.181001000000002
4158    -24.850999999999999  56.694001  55.722900000000003
4159    -125.35099700000001  52.331001000000001  44.180900000000001
4160    -121.93100200000001  -90.599000000000004  5.2508999999999997
# Generated by F:\Spel\Programming\C++\TetGen\out\build\x64-Debug\tetgen.exe -n hose.smesh -nn -e 
