23145  4  0
    1    3020  1847   371  1848
    2     362  4080  1844  3553
    3    1574  1250  3601  4153
    4    2564  2565  3704  3271
    5     941   943   942  2312
    6    2526  2102  2613  2101
    7    2065  3709  1116  3707
    8    2728  2729  4097  3301
    9     265  2178  1329  1366
   10     704   823   931   225
   11    3637  3973  3029  3030
   12    1028  1026    35  1027
   13     336  4025  2766  2527
   14    3181  3308  3306  3180
   15    1102  2152  2743  2908
   16    3180   661  3998  3181
   17     555  1742   553  2394
   18     594  3596   596   900
   19     980  3368  1545  2523
   20    3630  1475  1287   654
   21    2212   166  2745    72
   22    2940  3384  2447  2987
   23    2302  3752  1578  2721
   24    4113  1047   966  3489
   25    1771  3228  1289  2315
   26     290   900  2206  2211
   27    3348  2572  3236  3179
   28     645  2553  3389  3422
   29    3740  1200  1201  1144
   30    3597   736  2129  2076
   31    3320  1183   709  1184
   32    1295  1687  2887  1691
   33    1769  1014  3367   871
   34    1228  2756  4012  1226
   35    2938  1582  2876  1581
   36    1930   125  1017   577
   37    3257  1900  4050  1899
   38    2985  1886  2447  1251
   39    3307  1404   595  3101
   40    1025   974  2474  3770
   41     984  3949   183  1671
   42     308   310  2410  2516
   43    3605  2777  2658  3224
   44    3477  3267  2808  2962
   45    2068   946   944  3922
   46    1566  1631  2476  1360
   47    3520  2333  3793  1107
   48     700  1091  3586  1697
   49    3251  2277   187   336
   50    3596  2211  2206   900
   51    1535  3606   518  1353
   52    2182  2656  2183   131
   53    2816  4096  1780  3875
   54     868   682   122   120
   55    3069  3719   183  1671
   56     140  2163   138   375
   57    1344  2888   494   495
   58    2595   265  4042  4079
   59     861     1  1716  2173
   60     724   734  3521   725
   61    2866  2018  2865  3551
   62    1723  3703  2688  2272
   63    3607   945  3415   944
   64    2623  2379  2624   813
   65      75    77  3860  2677
   66    3087  1280  3313  1275
   67    1224    44  1225  2111
   68    1040  3876   995  1196
   69     138  3696  2379   140
   70    2409  2163   309   375
   71     693  3866  3867  2582
   72     878  2088  1833   694
   73    2142  1956   348  3363
   74     201    92    91  2361
   75    2671  2375  1036   534
   76    1610  1612   341  3083
   77    2671  3109  2056  2669
   78     650  2130  2132  1159
   79    3587   419   421  2781
   80    2725  1052  1051   162
   81    1440  3927   515   811
   82    2529  3572  3723  4108
   83    1174  1580  2096  1173
   84    3388  3896  3597  1946
   85     619  3687   331  3118
   86    2552  1424  1423  2344
   87    2308  4147  3723   758
   88     442  3165  3164   441
   89    4105  3149  3146  2888
   90    1141  1698  2366  3148
   91    1546  1545   981  3413
   92    1890  2533  3929   677
   93    2773  2774  2749  3815
   94    3814  2914  3743  2916
   95    1257   635  1012  1256
   96    3771  3870  3099  3648
   97    2968  3903  2556  2056
   98    3422  2553  3389  1624
   99    3308  3307  1797  1404
  100    3307  4081   595   316
  101     899   166  2212  1404
  102     520  3297  2704  1039
  103    4146  1985  1657  3986
  104    2560  3389  2077  1947
  105    2517   487  3270   459
  106     430  3460   431  3744
  107    2082  2862  1459  1828
  108     390  1144   228   765
  109    1761  1292  2915  2916
  110     286   465   285   463
  111    1484  1887  1433  1483
  112     874   872  2210  2208
  113      16    17    74    18
  114    2766  3459  3315  4025
  115     144  3769  1547  3690
  116    3707  3810  3564  4143
  117    2427  2428  2373  3804
  118    2788   728  2613  2526
  119    4113  1361  2046  1360
  120    3015  2008  4119  1726
  121    3124  3222  2005  1635
  122      74    18   530   529
  123     649  2018  3495  1559
  124    1013  1257  1483  3701
  125    2258  2257  3761  4073
  126     536  3894  3895  2134
  127     847  2198  2168   848
  128    3049  3032  3048  3047
  129    2875  2514  2273  1940
  130    1462  1463  2872  1461
  131    2305  2573   952  2572
  132    2140  3759  3923  2141
  133     394   909  3602  3028
  134    3376  2830  3646   639
  135    2413   331  1369  2525
  136     941  1680   942  1664
  137    1558  1559  2865   581
  138    1795  3289  2001  1713
  139    2439  3930   947   276
  140    1840  2606  1745   662
  141    4150  1606  1227  1855
  142    1166  2532  1334  1091
  143    3812  2615  2762  2194
  144    2115  3355  2068  3922
  145    2179  2335  1163  2569
  146    3779  1657  3634  2799
  147    1087  2607  2606  2157
  148    1000  1739  3874  1558
  149    3636  4148  1333  3346
  150     570  3687   331   332
  151    1720  1945  1946  2076
  152    1455  1634  3573    59
  153    2665  1741  3433  1819
  154     107   877  3975   133
  155    2119  1805  2118  2120
  156      54  3843   236  3344
  157    3671  1064  3847  1066
  158    3194  3885  3609  2282
  159    3750   553   554  3799
  160    2414  2415  1379  1658
  161    1812   119  3458  4137
  162    2030  4035  4126  4082
  163    3187   565  1092  2873
  164    2850  3612  3982  2090
  165    1708  3322  3323   453
  166    3875  3784  2802  4008
  167      43    44  3942   537
  168     141  2260  3167  1532
  169     246   245   938   939
  170     162   936  3604   935
  171    3084  3915  1169   824
  172    1244   330  2809  3513
  173    2948  3802  2533  2283
  174    1693  1073  3895  1065
  175     375  2163   309  1292
  176     567  2137  2542   566
  177    1848  3178  3879  1847
  178    3848  3733  3943  3654
  179     924  1026  2763   923
  180    1447  3705   101   916
  181    2558  3693  2559  3872
  182     302  2432   303   642
  183    3338  3212  1456  1636
  184    2683  3315  2766  3968
  185    3776  1056  3775  2263
  186    1028  2321  2974   511
  187     954  1887  1888  1976
  188    4075  2056  1037  2556
  189    2204   708  2098  2650
  190     822   840  1767   841
  191     129   130  2776  3557
  192    1847  3178   370   329
  193    1069  1068   165   989
  194    2374  4075  1035  2375
  195    4130  2743  1334  1102
  196    3093  3017  2087   484
  197    3585  3554  4123  2979
  198     272   644     2   736
  199     395  2073   396  2384
  200    3580  3772  2567  3787
  201    1104  1105  2789  1106
  202     234   945  3415  3607
  203    1905  1073  1906  1065
  204    2035  2042  2034  2033
  205    2669  2671  1036  2095
  206    2814  3426  2823  4115
  207    4129  2934  2969  3394
  208     823   628   629   824
  209    2864  1190   804  2846
  210    3284  3814  3285  2994
  211      16   825    17   827
  212    2552  2557  4068    26
  213     860   309   859  2409
  214    2185   747  2182  2976
  215    3514  3649  1579  3650
  216     534  1830  1036  2095
  217      16    17   425    74
  218     292   752   599   598
  219    3897  1947  1945  1071
  220    1001  1264   687  1281
  221    1096  3850  2792  2923
  222    1641  4069  3898  2561
  223    1764  2198  1765  2168
  224     396  2562  4007  2991
  225    4127  3160  3998  1018
  226     773  3113  2318  3857
  227     523   721  4102  3665
  228    1627  1639  3632  4160
  229     680  3182  2672  1836
  230    1971  2252  1972   128
  231    2374  1832  1423  1035
  232    1678  2945  1252  1251
  233    2054  2134  2055  2947
  234    1366  1329  1328  3225
  235    1481  1954  2826  3187
  236     752  1368   599  1367
  237    1071  2562  2560  2991
  238     248  3718   247   249
  239    3603  1998  2755  1999
  240    2300   565  2297  2873
  241    2569  1366  1329  2179
  242     680   679  2672  2674
  243    1915  2133   469  1062
  244     198   365  4147   366
  245    1297  1691  2887  3244
  246     859  1717  1703  2164
  247    2709  2987  1679  2621
  248    2574   909   910   908
  249    3069  3029   183   181
  250     725   724   723  4047
  251    3120  3584   781  2118
  252     861   308  1716  2410
  253    3911  2906   108   211
  254    2086  1905  2084  1906
  255    3381  1641  3898  2561
  256    3671  1066  1254  1064
  257    2782   263   433  3062
  258     198   727  4147  4111
  259    2300  2873  2297  2825
  260    2382  1453  1934  1936
  261       8  3980  1546  1168
  262    2593  2651  1305  2907
  263    2747   734  3521   724
  264    2623   433  2624  2792
  265     706   705  2993   874
  266    1095  2858  1094  1096
  267    2746   272  2516   734
  268    3854  2116   478   476
  269    3825   310  2410   308
  270    3023  2081  2876  1582
  271    2482  3980   464  1168
  272     514  2553  3422  1624
  273    3815  2774  2749  4047
  274     309  3814  3286  2409
  275    3059  3903  2085  2056
  276    1807  3424  2832  3593
  277    1296  1687  1686  1295
  278     982  3963   981   980
  279     264  2889  2379   419
  280     753   594   314  1824
  281    3794  3835  1190  2846
  282     273  1720  2076   990
  283    1252  1482  1350  1351
  284     724  3814   861  2747
  285    3029  2938   181  1581
  286    2135  1073  1906  1905
  287    3540   725   308   310
  288    2363  3850  2792   200
  289    2274  2846  2275   200
  290     860  2164  1703   139
  291    2516   310  3521   272
  292    2717  2716   128   127
  293    2374  1035  1423  2552
  294    1232  1233  2879  3216
  295    1059  3274  2416  2417
  296    3468  1175  1473  3977
  297    2769  2562  3283  2770
  298      73   827  2790  2293
  299     140  3696  2379  2378
  300      86  3068   182   984
  301     375  1292   309  1761
  302    1528  1529  1443  1442
  303    2574  1261  3983  1263
  304    2889   122   262  2426
  305    2946  1169   706   284
  306     315   291   550   841
  307    3671  2969  1254  2934
  308    2318  1996  3443  2929
  309    2012  1415  3833  2247
  310    2364  2890    90  2362
  311    1862  1851  3699  2048
  312     624  1029  3082  1858
  313    3618  3728  1783  2109
  314    1643  3532  3531  1642
  315    1586   310  2410  3825
  316    2792  2923   433  1096
  317    1884  1503   526   807
  318    2902  3888  1077  3464
  319     861  2410  1716  1586
  320    2855   862  3161  3933
  321    2971  3109  2972  2884
  322    1719  3896  2748   991
  323     285   286  1528  1441
  324    2791  3850  2859  2858
  325    3017  3660  3016  3093
  326    2235  1195  2926  1196
  327    2642  3010  3330  2643
  328    2065   562  3564  2064
  329      91   200  2275  2846
  330     929  3166   928  3164
  331     220   484  1400   587
  332     825   827  2397  1191
  333    1947  2560  1945  1071
  334    2164  3814  1703   724
  335    1346  2559   975  3011
  336    1720  3896  1946  1945
  337    2326  2327  1613  2360
  338     643  2020   665  2021
  339     887  3896  1719   991
  340    2362   420  2623  2890
  341     863    72  2745  3525
  342     493   582   929   580
  343     284  1167  2180  2255
  344     309  2409   860   139
  345     872  2208  2009  2210
  346    1824   753  1367  1368
  347    2748  1719  2746  3896
  348    1945  1947  2076   990
  349    2409   725   308  3540
  350     652  1988  2445  3063
  351    3521   272  1774   734
  352    3053  3054  3940  3882
  353    3422  1624  3597  1623
  354     929   992   928  3104
  355    3091  2173  1716  3284
  356    3093  3017   220   221
  357    2859  2791  1095   826
  358     387  2769   386  4024
  359    2299  1452  2382  1451
  360     778  4072   779  2436
  361    1117  1209  2497  3904
  362    2054  2669  1036  2095
  363    3603  3463  3326  2754
  364    3263  1696  3328   295
  365    1230  4086   459  1849
  366    2499  2456  2498  2500
  367    3978  4139   593    63
  368    3368  2523   982  1690
  369    2154  2678   922   927
  370    1436  1041  3357  1042
  371    1150  1149  1690  1687
  372     825   827   826  2397
  373    1104  1204  2864  1105
  374    3224  3806  2658  3605
  375     804  2275   803  2274
  376    3270  1889   277  2517
  377     813   420  2379   419
  378    2462  2575  2464  2576
  379    1451  2049  1852  1851
  380     944  3966  3965   327
  381     840   291   899  1404
  382     292   291   290   841
  383    3181  3308   578   579
  384    4073  2257   530   529
  385    2783   910   908  2574
  386    2235  1196  2926  3876
  387    1865  3984  3943  3848
  388    3202  1673  3203  1674
  389    1685   463  3980  3963
  390    2623  3287  2624  2890
  391     295   294  2324  3727
  392    2076  3388  3597  1946
  393    1506  1505  1829  1675
  394      73  1105   426  2789
  395    2864  2859  2789   804
  396     840   291  1404   839
  397    3307  3308  1797  3306
  398     144  3690  4095  3186
  399    1624   388  3597  1623
  400    3524  3101   549  4081
  401      86  3719  3670   248
  402     308  2750  1716  3284
  403    1033  1162  1034  2336
  404    3070  1930  3309  1017
  405     736  3896  3597  1623
  406    2731  2605  2351  1340
  407    1699  2254  1141  1698
  408     375  1761   377   376
  409     316   596   550   315
  410    1835  2177    85  3068
  411    1674   639  3430  2830
  412    3835  2846  3154  1190
  413     309  2749  3540  4047
  414    2409  2164   860   139
  415    3284     1  1716  1586
  416     274   272  2516  3388
  417    2855  2903   820  3161
  418     291   840   822   841
  419    1146  1148  3856  3351
  420    3949  1671   984  2007
  421    1150  2532  2522  1149
  422    1726  3069  1725  3670
  423    1527  1690  1442  1687
  424    2482  1168   464  2992
  425    2116  2143   476  3854
  426    1981  3770  3470  2563
  427    1167  1169  2180  2181
  428    1499  3402  3853  1500
  429    3972  2600  3949  1461
  430    1145  1943  3950   573
  431    3815  2889   122  2774
  432    1441  1546  1994   981
  433    2348  3413  3414  3805
  434    1828  3490  2082  3595
  435    2258  2422  3761   558
  436     181   984   183   182
  437    1917  1315  3129  2217
  438    2560  3389  1720   273
  439    2818  1978  3645   185
  440    4109  3970  1544  1056
  441     375  1761   138   140
  442    1311  2065  1133  3564
  443    2348  3805  3414  2209
  444    2152  1149    57  1335
  445    3309  1017  1019  3070
  446    1526  1796  2349  1529
  447    2009  2946   706  2350
  448    2165  2167   254   607
  449     951  3268   344   787
  450    1462  2870  2872  1463
  451    1234  3866  3865  3546
  452    2937  3683  1474  2081
  453       6   608  3217  3218
  454    2937  2081  1474  2876
  455    3949  3996  4142  3972
  456    3047  1463  1921  3032
  457    3037  2796  1090  1089
  458     217   212  1779  3997
  459    2622  3237  3005  3240
  460     108  3911  1949  3913
  461    1481  2825  2826   699
  462    1793  1950  3188  1653
  463     872   705   706   874
  464     392  3602  1477   394
  465    2938  2876  3169  2937
  466    4125  1085  4003  3377
  467    2211   291   899   840
  468     121  2426  2396   805
  469    2329  4139   593  3978
  470    1360  1361  2477  2476
  471    3983  1263    79  2452
  472     260  3077  1498  3078
  473    1333  3899  1332  4148
  474     419  2889  2782   264
  475    1202  2230  2096  2110
  476    1745   662    51   489
  477    3503  3921   326  2114
  478    3507  3506  3004  3626
  479    1402  1434  1433  1401
  480    1820  2666    31  3432
  481    1531  2260  3206  1532
  482    1561   557  2218  1560
  483     411  3023  2937  2876
  484     973   972   974  1025
  485    3782  2609  2602  2608
  486     573   732    58   574
  487    3231  1896  2438  1330
  488    3873  3809  4051  2237
  489    1546   463   981  3980
  490    1660  1140   931   823
  491     959  3787  3772  3668
  492     108  2330  3500   110
  493     286  1441   285  1994
  494     958  3809  4051  3787
  495     962  2237   963  3873
  496    1059  1979  4072  3274
  497     638   916   636  3705
  498    1161  4129  2969  3394
  499    3068  2177  2213   182
  500    1751  1574  3565  1249
  501       2   644  3091  2128
  502    2628  2629  3849   178
  503    1125  3448  1124  1772
  504    2495  2494  1763  1762
  505    3770  2563  2474  1025
  506    1900  2012  1898  2247
  507    2491  2490  1179  3644
  508     181  3029  3169  2938
  509    1905  1065  1906  2086
  510    1227  1606  2638  2637
  511    2872  1461  3030  3972
  512    1691  1149  1297  1295
  513     481  3893   480  2469
  514    3580  2237  1944  2567
  515      61  3127  3912  3979
  516    3049  3973  3032  3948
  517    3911  3447  3446  3142
  518    2946  1993  2009   872
  519    2567  1145  1944   113
  520     802   801   794  1132
  521    2210  3413  3414  2208
  522    1664  2312   942   943
  523     215   216  1783    14
  524     411  3023  2876  1582
  525    1652  1921  1474  2081
  526    2705   192  3387  2684
  527     781  1411   783  3546
  528      33  3750  2225   553
  529    3721   692  2879  2215
  530    1016  3993  3839  2793
  531    3338  1636  1454  1635
  532    2152  1727  2887  3244
  533    2013  2952  2951  1417
  534    2216  2215  1143   692
  535    2182   745   743  2976
  536     218   211  1949   108
  537    3670    86   182   984
  538    1728  1727  3792  1697
  539    2089  2088   694  1143
  540    3564   563  1133  4143
  541    4130  1102  1334  3763
  542    1725  3996  4142  2007
  543    1823  3596   596  2205
  544    3619  3216  4000  2879
  545     105   107  3991   134
  546    2582   693  3220  3867
  547    2305   910  2783   952
  548    3216  3721  2879  3881
  549     558   149   150   151
  550    1102  3763  3586   700
  551    3060  3048  1654   411
  552    2269  3550  1009  1513
  553    1165   698  2827  1166
  554    2807  1686  1529  1796
  555    1202  2110  2124  2121
  556     878  2089   694   879
  557    3187  2873  2297   565
  558     126   127   983   128
  559    1964  1006  2539  2540
  560    2152  3244  2908  1527
  561     195   543   720   719
  562    3682  3049  2872  2870
  563    2365  1951   793   599
  564    3244  1727  1728  2152
  565     345   109   343   891
  566     667  2109  1783  1784
  567    3604  1497  1242  1241
  568    1661   224   225   960
  569    2452    78    79    80
  570    2743  1100    57  1101
  571    2744  1898   293  3006
  572    2875  3703  2514  2917
  573    2365   599   793   598
  574    1528  1529  1442  1527
  575    2471  2469  1908  2470
  576    2589  2882  1853  2892
  577    1136  3379  1137  1567
  578    1976  1887  1433   954
  579    2060  4078  3330  1508
  580    2567  3772   113  3787
  581    3668   112  3950  3008
  582    2350  3805  2348  2009
  583    1076  1585  1075   372
  584    3972  4141  3949  2600
  585    3196  1806  2537  2120
  586    1121   713  3434  2687
  587    1167  3980  2255  1168
  588     627  1951  1952  2953
  589     144  3769   146  2006
  590    1326  1860  1325  4091
  591    2816  4008  1547  4084
  592     123   577  1019   125
  593    2172  3348  2463  3358
  594     293  3007  4097  2952
  595    4078   504  2060  2061
  596    2954  2953  1952   223
  597    2603  3508  2068  3922
  598    2872  3972  3030  2870
  599    3073  1122  3944  1338
  600    2054  2947  2055  1693
  601     729   332   331   730
  602    2611  4058  2610  3614
  603     408  3621  2726  4156
  604     293  2952  2951  2013
  605    2908  1100  2743  1102
  606    2305  2572  3236  3348
  607    1474  1476  2079   410
  608    2952  3301  4097   293
  609      59  3212  3338  3295
  610    1963  3353  2541  3599
  611    1962  2785  1705  3199
  612    3102  3558  1034   849
  613    2706   379   467   193
  614    1262  2572  3236   953
  615    2125  1868    49  1746
  616    2662  3380   663  2661
  617    3167  4077   371  1848
  618    1210  4036  2497  1117
  619    3972  2870  2872  3949
  620    2553  2769  3389  4024
  621    1959   478  1960   477
  622    1805  1806  2537  1431
  623    3911  3141   108  2906
  624    3563  4096  3562  3435
  625     478  1960  3801  2412
  626    1044  2728  4097  3301
  627    3789  3178   329  3177
  628      57  1335  1334  1166
  629    2898   910  3272  2783
  630    1658  2414  1477  1659
  631    1426  1425  1979  3273
  632    3835  3479  3794  2475
  633    3271  2565   319  1603
  634     744  2644  2919  2067
  635     952    78  3552   953
  636    3096  1531  2635  3777
  637    1372  2668  1838  1839
  638     666  2192  3278  3280
  639    2758  1200  2759   537
  640    1180   740  1179  2490
  641     957  2460   955  2459
  642    1132  2816  1780   801
  643     714  2592  2231  3985
  644    1383  2220  2351  2718
  645    1559  2018  2865   649
  646     811  2032  1205   810
  647     969  1322  1398  1076
  648    1822  1868   196  1746
  649    1197   112   965  3950
  650    3702  2456  2457  2499
  651    1881  2241  2545  1871
  652    2114   477  2116  2115
  653    2464  2462  2171  3347
  654    2842  2147  3689  3276
  655    3700   215   214   614
  656     110   218   108  3141
  657    2867   358   241  1354
  658    3877  1041   357  1711
  659      32    33   155  1819
  660    3637  2937  3168  2876
  661    2302  1309  2721  1310
  662    1143  2215   694   692
  663    4158   504  2467  1377
  664    2462  2170  3613  3179
  665    1881  2545  2166  1871
  666      69  1937    67  3624
  667     726  3232  2614   727
  668      14   216    13   215
  669    3830  1079  3831  1080
  670     850  3220   782  3867
  671    2573  1434  1433   954
  672    2280  3197  3421  3198
  673    2119  2120   782  3865
  674    1043   606  3688  2728
  675    3960   947  1563  3976
  676    3151  2040  3861  1458
  677    3580  2950  1944  2237
  678    3348   910  2783  2305
  679     669  3954   668   667
  680     726   727  2614  3310
  681     113   573   111   732
  682    1725  2007  3031   984
  683    1509  1510  4158  1376
  684    1634  4143  2005  2238
  685    1121  2687  2273  2496
  686     654  2861  1287   653
  687    1198  3736   964  1197
  688     592   112  1197  3736
  689    2094  3294  3212  3296
  690    3266   653  3163  1653
  691    2333  2383  2488  2505
  692    1145   112   113  3950
  693     539  2893   541  3373
  694    3680  3008  3192  3773
  695    3045  1991  3435  4096
  696    3006  2137   881  2542
  697    3780  3240  3241  2229
  698     607   254  4050   253
  699    3476  1840   194  2685
  700    3544  3979  3912  3447
  701    3668  3008  3950   959
  702    1922  3188   654  1755
  703     112  1145   592  1943
  704    2267  2261  2546   119
  705      59  3158  3573    60
  706     103  3748  2225  1741
  707     556  2333  2488  2505
  708     593  3192   592  2329
  709     524   523   525  3665
  710    3379  2723  2029  2031
  711    3924  4065    37   845
  712    1203   780  2699  2353
  713    1943   112  3950  3668
  714    1797  3307   168  1404
  715    4064  2894  1592  3010
  716    3837   473  1970  2243
  717    1963  2844  3599  1961
  718    3625  4064  1592  3010
  719    1961  1963  1962  3599
  720    3029   984  3031  3030
  721    3023  3683  2937  2081
  722    4142  4119  3031  2177
  723    4142  3949  3031  2007
  724      60  2950  3158  2949
  725    3251   767   336  2527
  726    2353  3880   780  2029
  727    4045  1171  1172  1170
  728    4126  4083  1341  4082
  729    3631   125  1134  3137
  730    2918  2917  2894  4064
  731    2701   896  3157  2697
  732    2005  1635  1455  1634
  733    3550    39  1009  1513
  734    3378  2723  1568  1567
  735     118  2266   117   136
  736    1244  1847   370  3513
  737    2353   780  1472  2694
  738    2718  2232  2219  2806
  739    3692  1792  2314  1757
  740     634   481   480  3700
  741    2419  3088  3347  3552
  742    2575   909  3028  2576
  743    3340  1338  2231  3985
  744    1456  1636  1454  3338
  745    3471  2723  3472  3378
  746    2524   479  1009  1513
  747    2502  2501  2499  3702
  748    2643  2501  2642  3010
  749    2041  1193  1936  2529
  750    2151  1447  3291  3705
  751    1841  2784  3027  1842
  752    1030  1029  4061  1858
  753      65  2219   714   715
  754    2280  2575  3421  3089
  755    4151   767  3251  2527
  756     543  3939   719   195
  757    3563  1549  1548  4098
  758    1513  1514  1909  2524
  759    3251  4151  3968  3459
  760     468  2706  2722   467
  761     172  3827  1353  3826
  762    3409   624  2610  2325
  763    1007  3010  2964  3330
  764    2811  3073  3944  2812
  765     195  3939   719  3392
  766    2811  3676  3944  3073
  767    4106  3250  3820  3249
  768    2308  4004  1639  4147
  769     603   118  3259  3035
  770    4066  3893  1256  3358
  771     166   168  2745    72
  772    3107  3593  3591  1807
  773    3779  3642  2653  3638
  774    2170  2172  2463  3358
  775     456   578  1267   579
  776    3936  2412   333  2411
  777     481  3905   480   614
  778     318  3927   317   428
  779    3353  2844  3303  1961
  780    3954  3956   668   667
  781    2754  3926  3430  3463
  782    2744  3006   881  1898
  783     848  2198  2197   847
  784    3677   401   319   427
  785     830   828  2800   525
  786    3563   801  4095   144
  787    3905  1977    15  3920
  788    3201   845  1007  1008
  789    3563  1549  4095   801
  790     828   337   525  3665
  791    1258  2170  2463  2462
  792    3121  4126  1137  1138
  793    2061   504  2060   506
  794    1375  3118   331  3687
  795     952   910  2462  2305
  796    3310  2102   413   414
  797    1930  3137  3138  1017
  798    2457  2456  2874  1940
  799    1497   935  3604   936
  800    2335  2569   718  1163
  801    2687  2498  2875  3281
  802    3225  2335  1734  1011
  803    1862  3951  4091  1860
  804    3700   635  1012   634
  805    2470  3617  1484  1402
  806    1161  4129  3394  3530
  807    4066  3559  1257  1256
  808    1959   945  3607  1960
  809    2412  1960  3801  2495
  810     729  2683   730  3968
  811    3921  3922   944   946
  812     639  3600  3494  1674
  813    4151  2527  3090   767
  814    3257   254  4050   607
  815     215  2270  3700   634
  816    4008  3875  1547  3690
  817     622   623  3271   621
  818    3794   320  2790    73
  819    3511   439  3674  2358
  820    1638   728   759  4004
  821    1932  3189  3013  1918
  822    1308  3215  1429  1428
  823    1576   768  3288   193
  824    2277  3288  3251  1576
  825    3371   506  2060  1789
  826    3550  2270   215   216
  827      32  2427    31  2428
  828    1866  1618  2408  3376
  829    3290   379  3288   378
  830    2276  1514  2467  2406
  831     268  1576   503  2895
  832     193   379  3288  1576
  833      26  2557  1423  2552
  834    3137  3160  3138  4127
  835    3310  2613   413  2102
  836    1768  3917  3393   292
  837    1258  2462  2463  2464
  838    3959   147  1135  3826
  839    3160  1930  3138  1625
  840      44   389  2111   537
  841    2799   876  3779   875
  842    1277  3086  3312  2647
  843     614   635  1484  1402
  844     512  3883   925  2340
  845    2564  3449  3704   402
  846    4075  2556  1037  2375
  847    2212  3071  3524   862
  848    3101    70   595   862
  849    1374  2620  2413  1375
  850    1959   477  3503  2114
  851     578   579  3076    71
  852    3965  3505    19  4102
  853    3461  4010  3122  1138
  854     233  1593   368   828
  855    1436  2321  2974  2973
  856     932  2565  3704  2897
  857    3784  3906  2831  3783
  858     722  1593  4102  2068
  859    3576  2576  3421  2171
  860    3310   727  2614  4111
  861     941  1431   942  1432
  862    3942  1200  3740  1277
  863    1403    13    15  1401
  864    3820  2727  2415  3764
  865    3575  2575  3576  2576
  866    2735  2737  3962  1027
  867    3877  1713  2001  1711
  868    2647  3242  2304    43
  869    2127  1631  1078  1715
  870    2766  2683   188  3315
  871    2043  2033  2034  2042
  872      41  2174   686  1281
  873     214  3728  1403  3618
  874    3016  3660  1942  3093
  875    2077  2769  3283  1947
  876     688  1275  4116  1276
  877    3556  1021  3555  3325
  878    2048  3136  3697  4104
  879    3335   530  3647  3761
  880    4151   378  3251   192
  881     861   308  1703   724
  882     726  2033   366  2041
  883    2407  3128   600   601
  884     986  2973   985  3493
  885     120    90   262  2426
  886     516  1274  3337  1272
  887    1000    40  1148  2175
  888    2111    44  1225  1372
  889     424   995   426  3061
  890    1419  3155   426  3061
  891     392  3910  3574  1881
  892    3496  1370  3103   483
  893    3905  3728   214   614
  894    2636  1531  3024   137
  895     161   160   162  1386
  896    1711  2599   510  1713
  897    2111   538  2430  3457
  898    3245  1386   289   935
  899    1144   389  3740   537
  900    1033  3558  1034  1161
  901    2562  2077  3283   990
  902    3394  1161  3558  2969
  903    1420  2751  4054   397
  904    1185  2655  1901  3482
  905     587   484  3497  3386
  906    2830  3600   601  1866
  907    2966  2404  2963  2962
  908     812   810  1274   811
  909    1595  1317  3094  2020
  910    1602  2032  3463  3926
  911    2830   639   601  3600
  912    1345  3817   673   674
  913     888   991  2994   887
  914     534  1831  2072  1830
  915    1830  2670  2072   534
  916    1134   172   518  3606
  917    2562  2769  3283  2077
  918      90   120   121  2426
  919    2709  1679  2900  1253
  920    1761  2774  3815  1292
  921    3002  3437   163  3771
  922    1831  1830  1037  2072
  923    2374  2552  4068  2880
  924    1406  1407   763  2317
  925    2097  1839  2597  1713
  926    3710    23  3614  3293
  927    1318  1317  1501  1595
  928    2679   933   926   927
  929    2527   336   188  2766
  930     509    23  3710   508
  931     518  3606  2786  2787
  932    2968  2375  2556  4144
  933    1702   947  1701  2434
  934    3554  1049  1050   496
  935    1667   679  1668   680
  936    2934  4129  3102  3530
  937    1859  1516  1620  2672
  938    2050  2049  3699  3951
  939     418  3962   355  3737
  940    1559   649  2865   581
  941    3235  2980  2981  2983
  942    3740  2306  1144  3741
  943    2762   458  1024  1597
  944    3925  1867  1471  1868
  945    1538  1536  3475  3941
  946    4129  2934  3394  3530
  947    4079  2178  4042  2179
  948    1329  3229  3225   349
  949    3137  3631  3138  1625
  950     760   414   415   413
  951    3960  1563  3554  1049
  952    1708  2983  3262  3235
  953    2414  3764  2545  2415
  954    2299  2050  2382  2298
  955    4108  2034  2529  3074
  956    2041  2441  1934  1936
  957    1017  1625  3138  1930
  958     502  2706   922  2154
  959    1373  3253   730  3459
  960     812   401  1274  1603
  961    1864  1048  3356  1342
  962    2335  2178   265  1366
  963    3698  3292  3697  4061
  964     367  3505  3003  3004
  965    2277   192  3251   378
  966    3614  1637  2610  2611
  967    2148  2295  1303  3247
  968    2886  3102  1034  1164
  969    3968  3459   729   569
  970    3835  1204  1646  3794
  971    1093  1889   949  1786
  972     162  2432  3604   936
  973    2193  2268  2015  4079
  974     949   947  1785  1562
  975    2001  1839  1838  2668
  976    2269  3201  3550  2061
  977    1769  3317  3318  3367
  978    4015  1551  1655  2479
  979    2277   378  2895   192
  980    2470   635  1484  3701
  981    2860  3605  2658  3806
  982    4054   913  1537  3941
  983    2588  2405  3369  2587
  984    1439  1230  1231  1343
  985     810  1602   811  2032
  986    1861  3623  4133  1863
  987    3363  3118  3364  1375
  988    2381   402  2534   400
  989    1839  1435  1838  1437
  990    2001  1371  4089  2668
  991    1230  1439  1231  2439
  992    1998  2754  2755  1205
  993    1838  4033  1225  1224
  994     277  1093   238  1889
  995     459   487  3270   457
  996    3356  2979  1022  4060
  997    3280  1633   383  2868
  998    2023  3056  3745  3806
  999     318  2032   317  1602
 1000    2759  1200  3942   537
 1001    3558   847  2169   849
 1002    2100  2101   415  2788
 1003    3137  1930  3138  3160
 1004    1625  3631  3138  4127
 1005    3485  1625  3138  3846
 1006    2041   365  3074  2033
 1007    2935   536  2135  2134
 1008    2442  3623  1862  4134
 1009    1860  3623  1862  3136
 1010    1028  2737    35  2736
 1011    3603  2754  2755  1998
 1012    1230  1903   486  1902
 1013    3882  3942  3940  1277
 1014     999  2175  1739    40
 1015    2102  4111  2614  3232
 1016     202   125   203   519
 1017    2396   805  1104  1106
 1018     805  1104  2794  2864
 1019    3743  2916  2781  3587
 1020    3284  2410  1716   308
 1021     860  2773   859   309
 1022     481   614   480  3700
 1023     480  1256  1012  3893
 1024    3704  1272   812   932
 1025    1838  1435  4033  1437
 1026     480   614  1012  3700
 1027    3272  1976  1888  1975
 1028    2572  1887  1888  2573
 1029    1028  2321  1027  2737
 1030    2974  1042  1712   511
 1031    1261   910  2783  2574
 1032    1534  3846  2786  1626
 1033    3766  3140  4020  1536
 1034    2043  1935  3624  2440
 1035    3311  2440    67  3624
 1036    3759  2140  3760  3909
 1037    3089  3602    79   393
 1038    1224  3086  2430  3289
 1039     162   935  1051  2725
 1040    2326  3888  3464  4043
 1041    2988   424  3928  2927
 1042     505  1789  1592  3625
 1043    3275  1013  1483  3701
 1044    3737  4015  3962  2735
 1045    1812  2267  3024  2546
 1046    3759  2433  2141  2140
 1047    1269  1268  2256  2763
 1048     209   185  1992  3974
 1049    3235  1651  2278  2983
 1050      44   391  2111   389
 1051     987   507   232    24
 1052    4110  3139  1814  1601
 1053    2767  1364  1362  2644
 1054     969   971    96    97
 1055     932  1271   516  1270
 1056    1399  1614  1077  3533
 1057    1147  1266  1941  1782
 1058    2170  3348  3552  2305
 1059    2309   390   228  1681
 1060    4006  2327  2022  1613
 1061     199  4111  2102   728
 1062    2517  3423   275  3270
 1063    1807  3107   430  3460
 1064    2431  2195  2196  3812
 1065    3825   888  3814  2914
 1066    3877  1711   416   417
 1067    2233  1700  2451   486
 1068    3914  3246  1223  3569
 1069    2966   746  2776   130
 1070    3615  4058  2480  3614
 1071    2934  2135  2136  2936
 1072     583   560   559  3000
 1073    3558  1161  1033  2169
 1074    2982  1865  3943  3848
 1075    1513  3058  1909  1514
 1076    1765  1764  2570  2198
 1077    3210  3726  2049  1451
 1078     752   598   314   599
 1079     538  2668  1372  3289
 1080    1668   680  1620  1836
 1081    4086  1230  1231  2439
 1082    1935  4134  1452  1451
 1083    2476  4099  2477  2047
 1084    2982  1864  1865  3356
 1085    4133  3726  1893  2442
 1086    2828  2390  2389  1103
 1087     485  1849   486  1230
 1088    2435  1564  3909  3282
 1089     797  1235   796  1236
 1090     764   226  3313   537
 1091    4032  1712  1437  1711
 1092    2435   457   795   459
 1093    1562   947  1785   457
 1094     418  1041   355  1042
 1095    1479  2985  2447  2987
 1096    1372   538  2111  2668
 1097     408   407   409  2190
 1098    2633  4093  2584  2585
 1099    1244  3879   370  1847
 1100    1147  2307  1681  1146
 1101     459  4086  2435  1564
 1102     999   649  1739  1559
 1103    1231  1438   486   485
 1104    3538  1315  3539  3426
 1105    2979  2982  1865  3356
 1106    3609  3885  3884  2282
 1107    3930   276   277  1889
 1108    3135  4121  3844   244
 1109    3452   397  3036  1420
 1110     354  1093   353   238
 1111    3984   496  1865  2979
 1112     642   935  1317  1386
 1113      43    44  2430  3457
 1114    3937  1290  3105  3106
 1115    1326  3951  3699  1860
 1116    2599  1795   510  1713
 1117    2671   535  2669   536
 1118    1860  3951  3699  1862
 1119     999  1559  1739  1558
 1120    3895  3395  4118  3894
 1121    3930  2439   947  1439
 1122    2193  4042  2015   267
 1123     535  3894  3895   536
 1124    4006  1613  2022  1614
 1125    1708  3733  3323  3322
 1126    1931  2814  2466  4115
 1127    2317  1588   763  1406
 1128    3352  1558  3874  1739
 1129    3287   813  2624  1094
 1130    3256  3255   288   287
 1131      45  1144   390   391
 1132    3054  1839  2597  1435
 1133    2002   271   683  3302
 1134     269  2506  3234  1800
 1135    3154  1204  1646  3835
 1136     852  3546   783  1411
 1137    2945  3316  2078  3438
 1138    2517  1889   277   276
 1139     303   642  1501   302
 1140    2597  3086  3312  2097
 1141     537  1200  3740  1144
 1142    1146   686  1148  1147
 1143    2496  1721  1722  1723
 1144     427   811   319   428
 1145    2771  2767  1300  1362
 1146     304  1386  3245   935
 1147    1406  1588   763  1082
 1148    3319  2268  2015  2989
 1149     707   709  1536  3410
 1150    3747   885   886   870
 1151     321   825  2397  1191
 1152     659  3631  4127   661
 1153    1062  2357   469  2400
 1154    3585  1707  4123  1677
 1155     601  2830  2407   639
 1156    2759  2598  3940  3942
 1157    3054  1713  2597  1839
 1158    1053  1497  1242  1052
 1159    1214  3742   889  1628
 1160    2360  3888  3464  2326
 1161     913  3679  4054  3678
 1162    4086   487  2439  2517
 1163    3678  3679  4054  2751
 1164    2464  1262  3088   910
 1165    3028  2419  3347  3552
 1166    3942  3086  3882  2759
 1167     393   909  3602   394
 1168    2675  3144   630  2997
 1169    2981   496  1050  2980
 1170    2588  2403  2405  2551
 1171    3986  1643  2156  1115
 1172    1247  2963  2695   462
 1173    1857  1856  4148  3899
 1174    3320  3870  3099  3771
 1175    1051   407   408  2725
 1176    1610  2227  2224  3343
 1177    2541  1907  1704  1005
 1178     161   160  1595  1596
 1179    1630  2868  1392  1394
 1180    2655  2204  2098  2650
 1181    1616   571  3044  1330
 1182    3651  1302  3011  3762
 1183     815  3870   163  3437
 1184    3870  3648  3771  4132
 1185    1159  2251  4090  3166
 1186    1355  2867  1354   855
 1187     891  1948  1949   108
 1188    1883  1884  1502  1503
 1189    3386  1266  3017  1264
 1190    3532  2604  1643  3531
 1191     708  1607  2650  2204
 1192     342  3725   340  3729
 1193    3570  1223  3213  3571
 1194    3960  1048  3907  1700
 1195    2338  1427  3041  2680
 1196    2065   563  3564   562
 1197      83  1874  2036  2091
 1198     819  2752  3299   605
 1199    1614  1394   384  1630
 1200    4060  3798  1022  1020
 1201    3300  2267  3299  3298
 1202    2284  3802   677  3713
 1203    2957  2187  2839  2551
 1204    2587  4107  2404  2966
 1205    4020   632   631  1184
 1206      98  1182  2294  2149
 1207    3560  3561  1285  1286
 1208    3043   898  3746  2443
 1209    2547  3229   351   349
 1210    1532  3173  1530  1775
 1211    1958  1957   352   354
 1212    3557  4107  2776  2656
 1213    2309  2307   228  2310
 1214     408  3094  2726  3621
 1215    3806   131  3055  3056
 1216    1775  3205  1530  1777
 1217    1323  1322  1398  1349
 1218    4077  1777  2616  1775
 1219    3156   557  2044   243
 1220     967  3520  4074  3444
 1221    2559  2942  3651  3872
 1222    1790  2472  2273  1721
 1223     462  1246  1247   460
 1224    1220  1359  3694  3695
 1225     601  3128  3335  2407
 1226    3371  2271  2060   506
 1227    2513   987   626  2955
 1228    3930  1903  1702  1902
 1229    1497  1386  3604   935
 1230    1812  3334  3024  2267
 1231    1420   399  3452   397
 1232    3021  3969   369   370
 1233    2328  1809  3591  3593
 1234    3889  2902   675  3464
 1235     131   130  1467  2185
 1236    3018  3019  2797  2795
 1237    1360  2127  1715  1631
 1238    1980  2911  4026  3958
 1239    2756  3191  2760  2757
 1240    3925   250  1176  1471
 1241    1357  1245  2188  3436
 1242    1922  3666   114  1950
 1243    2261   136   135  2267
 1244    3797  3410  3320  3678
 1245    3321  4054  3475   913
 1246    1591  1357  1589  3436
 1247    2551  2187  2188  2957
 1248    3110   571  3044  1038
 1249    1847  3020   371   370
 1250    3108    83  2036  2091
 1251    3775  3018   259   260
 1252    2224  1610  1611  1612
 1253    1848  4077   371  3020
 1254    2504   241  3156  3445
 1255    3701  3272  1483  2899
 1256    3423   457   796   275
 1257    1706  1963  2541  1644
 1258     715   714  3434  1123
 1259    1373  3459   730  4025
 1260     403   106  1422   133
 1261    2776  2966  2657  2656
 1262    3023  3048   410   411
 1263    2894  4064  1592  1789
 1264    2503  3373  2489  2893
 1265    1072  1710  1583    10
 1266    4064  3625  1592  1789
 1267     630  3144  1537  1536
 1268    3905    14    15    13
 1269    2771  1364   761  1362
 1270     952   910  2783   953
 1271    1256  3893   481  1910
 1272    4078  2060  1509  1508
 1273    1721  2496  1722  2472
 1274    3236  3179  3272  2783
 1275    1591  2640  1240  1356
 1276    2360  2326  3464  2902
 1277    2905  3901  1523   648
 1278      65  2810  3944  2812
 1279    2471  1908   479  1512
 1280    1513  1009  2467  4158
 1281    2276  1009  2467  1513
 1282     382   790  2218  1561
 1283     697   453   452   695
 1284    2828  2390  1644  2829
 1285    1567  2723  3379  3378
 1286    2956  2957  2188  2187
 1287    2540  3207  2539  3209
 1288    3028  2576  2171  2419
 1289      33   553   155  3750
 1290     346  2661   663   325
 1291    2488   242  2708   243
 1292     329  3178   370  1777
 1293    2812  3073  3944    65
 1294    2219  3073  3944  2806
 1295    2591  1177  2590  2589
 1296    1143  2877  1478  1316
 1297     713  3952  1722   715
 1298    2504  2333  2505  2383
 1299    2040  1458  2630  3490
 1300    3925   250  1471   323
 1301     895   358   241  2867
 1302    1220  2039  3694  1359
 1303    1458  3470  1457  2563
 1304    1470  2803  2322  1469
 1305    1473  3977  3673  3468
 1306    2658  2860  2712  3223
 1307    2445  2985  2447   652
 1308    2312  3196   943  1806
 1309    1704  2541   712  1525
 1310    3560  3377  2778  1842
 1311    1871  1881   392  2166
 1312    3942   537  1277    43
 1313    2470  2469  1908  1910
 1314     324  3390  1584  3391
 1315     488  2984   489  2660
 1316    2835  3144  3663  3036
 1317    1340  2731  1179  3644
 1318    3985  1122  3944  2810
 1319    3781  3378  1569  3472
 1320    1944  2950  1634  2238
 1321    1715  1631  1078  1355
 1322    2469  3893  1908  1910
 1323    1360  1631  2477  2127
 1324    1965  3207  2540  2371
 1325    3894  3852  4118  1073
 1326    4113  1360  2046  1631
 1327    4029  3639  3779  1643
 1328    2771   761  1587  1405
 1329    3167  3173   371  4077
 1330    3226   915   951   655
 1331    3616  3466  3796  4012
 1332    2510  2511  1118  1710
 1333    1709  2882  2320  1710
 1334    2356  3958  2355  4026
 1335    1179  2052  1178  3644
 1336    2123  2124   447  3468
 1337     780  2353  1341  2694
 1338     543  3345   719  3939
 1339    3468  2096  4026  1174
 1340     182  2213  1142  1316
 1341     812  2535  2380  1273
 1342    1867  1822  1746  1868
 1343    4131  2644   911   912
 1344    1180  2491  1179  2693
 1345    2583  2641  3125  3453
 1346    3021  3969   370  1847
 1347     876   875  1084  1587
 1348    2127   896  1715  3492
 1349    1644  1927  2541   712
 1350    2184  2067  2840  2714
 1351    2326  3889  1398   675
 1352    2652  4034  3642  4029
 1353    1670  3670  2213   182
 1354    1670  3670   182   984
 1355    2696  1046  2476  1566
 1356    3466  3467  3720  3465
 1357    2371  2420  1965  2844
 1358     488  2660   489  2661
 1359    2574   910  2419  3088
 1360    3279  1630  3278   384
 1361    3869  3738  3238  1983
 1362    3095  1595  1594  3589
 1363    2963  2695  2776  3557
 1364    3576  3089  3421  2575
 1365    4019  4146  3240  3780
 1366    3173   329  2189   142
 1367    1009  1510  4158  1513
 1368    4013  1392  3279  1630
 1369    1378  1395   908   909
 1370    1740  2666  2225  1611
 1371    3057  2109  1784    39
 1372    1232  3667  2176  2228
 1373    2662  3380   324  3390
 1374    1363  2644  1362  1364
 1375    3560  1087  1842  1285
 1376    1847  3969   370  3513
 1377     450  2888   976   154
 1378    1355   853  1078  1715
 1379    2733  2696  2476  1566
 1380    3658  2888   449   495
 1381    1840    50   194  2685
 1382     953   910  2783  1262
 1383    1963  2844  1965  2420
 1384    2471  3058  1909  1908
 1385     408  2725  2726  1051
 1386    2644   106  1364  2645
 1387    2146  3938  1086  3377
 1388    1913   941  1914   866
 1389     406  3400  1969  2856
 1390    1777  3879   370  2617
 1391    1053  2195  1242  3753
 1392     580   493  2251  2912
 1393    1632  1631  1648  1360
 1394    3582  3581  2663  1014
 1395    2594  1306  3860  2677
 1396     744  2184  3811  2024
 1397    1220  2711  3489  2508
 1398    1874  3616  2091  1873
 1399    1811  3334  3333  1812
 1400    2587  2405  3369  2404
 1401    1363  2860  2919  2067
 1402    3436  2618  3359  2851
 1403    1360  1361  1648  1632
 1404    1288  2315  1289  2103
 1405    3879  1777   370  3178
 1406    1591  1590  2847  2640
 1407    1566  1046  2476  1631
 1408    1809  2039  1359  1807
 1409    2058  1873  2059  1872
 1410    2851  1591  1589  3436
 1411    1531   143  3206  2260
 1412    3040  3901  1523  4030
 1413    3257  1080  4050   255
 1414    3519  3398    76  3527
 1415    3720  3467  2637  3465
 1416    2057    83  3108  3744
 1417    2424  1855  4150   432
 1418    2998  1684  2999  1969
 1419    2449  3170  2998  3171
 1420    2409  3814  3540   309
 1421    1406   876   763  2421
 1422    2105  1364  2106  2461
 1423    4103   453   452   755
 1424    3477  2957  2808  2551
 1425    3828  3439  3442  3829
 1426    1115  2421  1114   763
 1427     262  2889   263   122
 1428    3265  4150  3269  3264
 1429     135   118   117   136
 1430     632  2835  4020  3036
 1431    2546  1531  3024  3206
 1432    1531  1532  3206  1530
 1433    1925  1920  3816  3767
 1434    2455  1213  2338  2436
 1435    2546   117  3204   119
 1436     452  3324   696   454
 1437    2663   871  2664  3362
 1438     885  2483   434  2775
 1439    3636   648  3757  1061
 1440    3598  1359  3758  3592
 1441     429  3424  2832  1807
 1442     943  2120  1411  2245
 1443    2622  3738  3005  3238
 1444    4113  2046  3489  1220
 1445    3156   243  2044  2893
 1446    2296  4105  1303  2295
 1447    3872  2942  3651  3487
 1448    3892  1004  3370  1006
 1449    2476  1631  2477  1360
 1450    2425   430   431  1219
 1451    1232  2215  2879  1233
 1452    3112  3110  2438  1897
 1453    2147   712  2842  1525
 1454    2799  1407  3779  1985
 1455     435   884  2663  3981
 1456    1740  2666  2649  2648
 1457    3541  4043  2901  2326
 1458    1642  2652  1643  4034
 1459    2829  2390  1006  1907
 1460     804  1105  2789  2864
 1461    1207  1330  1897  1896
 1462    1206   749   750  2342
 1463    2914  3814  3286   309
 1464    1113   762  2156   763
 1465     749   520   750   521
 1466    3986  1985  1984  2555
 1467    2680  1213  2338  2455
 1468    3346  4148  3757  3636
 1469    2244  1331    95    93
 1470    1819  3750   155  3748
 1471    1040   995   159  3061
 1472     876   875  1587  1405
 1473    1836  1516  1620  1517
 1474    1558  2018  2865  1559
 1475    3817  3577  1633  2868
 1476    3634  1320  2654  2392
 1477    3635  2521   776  3634
 1478    3829  2392  2654  1320
 1479    3220   850  1966   851
 1480     776   104   102  2521
 1481    2549   817  3838  2550
 1482    2226  2521  2520   775
 1483    1611   103  3729   342
 1484    3443  3919  2262   610
 1485     672  1431  2010  1432
 1486    3639  1642  3779  1643
 1487    1907  2829  1644  2541
 1488     775  1611  2226  2224
 1489    2606  2661   662  2660
 1490     662  2661   489  2660
 1491    1002  2505  3156  1003
 1492    2848  1432   672  1680
 1493    2176  2228  4000  3619
 1494    1115  1113  2156  1114
 1495    4131   106  1422  2644
 1496    2461  1364  2106  2645
 1497    2461   403   911   912
 1498    2245  3196   943  3881
 1499     392  1882  1477  1881
 1500     712  2541  1644  1525
 1501    2622  3240  3005  3780
 1502    1059   777   778  4072
 1503    1118  1710   790  2702
 1504    3216   692  2879  3721
 1505     943  2245   942  1664
 1506     878  2088   694  2089
 1507    1003  2505  3445  2932
 1508     346   325  2125  1868
 1509     229  3858  1544  4017
 1510    1089  1090  1544  4101
 1511    2342    30   769  1330
 1512    2119  2582  2120   693
 1513    1525   711   712   901
 1514    3037  1089  1090  1088
 1515    3400  3401  1969  2856
 1516    1751  1828  1750   940
 1517     806  1683   800   799
 1518     300  2930  3859  3858
 1519    1580  2107  1173   973
 1520    2487  3977  1580  3770
 1521    1725  1461  2007  2600
 1522    1726  3996  1725  3999
 1523    1792  1778   787  2314
 1524     410  3047   412  3048
 1525     735  2769  2129  4024
 1526    1693  1065  3895  2086
 1527    1598   110   891   109
 1528    3127  3822    63    62
 1529    1143   879   694  2089
 1530    4017  3858  1054   229
 1531    1827  3018  3451  3019
 1532     878  1233   694  1834
 1533    3967  3938   998  3067
 1534    2125    50    49  1868
 1535    1071  2553  4069   514
 1536    1994  1546  2348  3805
 1537    2314  1757  1288  2315
 1538    1459  1457  2201  2239
 1539    2560  1071  4069  2561
 1540    3799  3750  3751  3748
 1541    2566  1145  1943  2567
 1542    2210   465   285  1994
 1543    2103  1772  1124  3448
 1544    1156  1063   207  1890
 1545    2928  2152  1728  1727
 1546     211  3545    61  1794
 1547    1725  1726  4142  3996
 1548    2208   463   285   465
 1549     435   884  3153  3159
 1550    3912  2331  3499  3500
 1551    3219   412   116  3935
 1552    3218   521  1449   522
 1553     461  2403   462  3267
 1554     446  1929   448  1732
 1555    3695  3694  2832  2833
 1556    1833  1834  1966  4128
 1557    2924   546  2367  1368
 1558    2127  4099  2477  2696
 1559    1748  2313   800  1389
 1560    4153  3837  3601  1970
 1561    3176   590  3483  3628
 1562     444  1801   443  1259
 1563    2560  2553  4069  1071
 1564    2108  1760  2920  2200
 1565     798  1573   475   473
 1566    1249  1574  3565  2922
 1567    3566  3594  2082  3595
 1568    1770  1843  4017  3858
 1569    2204   560  2098  1565
 1570     851  4128  1966  2582
 1571    3325  1904  1020  3798
 1572    3711  3970  3971  1055
 1573     702  1155  1156  1883
 1574    1897  1923  2438  3112
 1575     229  2796   231  2996
 1576    3023   249  1582   411
 1577    1571   576   340  3725
 1578     770   749  3217  3218
 1579     659  3631  3957  4127
 1580    2449  1748  3851  4157
 1581      95  2244  1896  2437
 1582    2374  2557  4068  2552
 1583    1769  2484  3367    48
 1584    2188  2956  1776  3172
 1585    3111  1924   774  1923
 1586    1054   231  2262  1089
 1587    1359  2039  3598  1361
 1588    1128   571   237   572
 1589    3571  3569   657  3246
 1590    2074  1207  1206  2319
 1591      86  3068    85    84
 1592     103   681  2225  3748
 1593    3776  3970  1056  3077
 1594    2664  1769  3318  2519
 1595    3829  3473  2654  3442
 1596    1526    55  1101  1796
 1597    2830  2000  3430  1674
 1598     342  2227  3729  2224
 1599    1029   624  2325  1550
 1600    4128   692  1966   693
 1601    3842  3840  3722  4154
 1602    1300  3223  1298  2767
 1603     299  2263  1544  1056
 1604       6  2342   608  1206
 1605     185  1978  1979  3273
 1606    1556  2807  1557  2209
 1607     770  1206   608  2342
 1608    1015  3582  3367  1014
 1609    3850  2858  2363  2923
 1610     929  1158   928   992
 1611     320   322  3794  3372
 1612    3581  3842  3722  4154
 1613    2593  2676  4063   501
 1614    1992  1542  1540  1460
 1615    1023  2196  3759   738
 1616    1823   900  2206   290
 1617    2809  2187  2188   330
 1618     361  3011   975  1302
 1619    1577  3746   898  2443
 1620     156   189  1571   422
 1621     892  1428  2301  1308
 1622    3899  1857  3269  4148
 1623    2747  2750  2746  2748
 1624    3416  2402   838   837
 1625     156  3431   189  2648
 1626    1131  3302   359   683
 1627     520  3297   608   770
 1628    3628   590  3483  4063
 1629    3839  2627  2577  3838
 1630    1219  4016  2425   430
 1631      76  3517  3518  3519
 1632    4023  2753  3987  1420
 1633     419  3696  2379   264
 1634    3774  3431  1688  3804
 1635    2795  1088  3853  1279
 1636    2266  3034  3298  3452
 1637    1770  1843  1499  2796
 1638     299  1056  1544  3970
 1639     260  1997  1500   259
 1640     104  3748   102  3750
 1641    3005  3635  3239  3634
 1642    1740   103  2225  1741
 1643    1015  3581  1014  4154
 1644    2063   210   209  3974
 1645    2063  1979  2418  2062
 1646    4127   661  3160   659
 1647    2674   679  2672  3130
 1648    2193  1815  2015  4110
 1649    2402  2401  2664   869
 1650    2519    48  3367  3582
 1651    3746  2004  2259  2289
 1652     205   207  1062  1063
 1653    1128  1662   237  1127
 1654    2014   717  3845   718
 1655    3220  1834  1833  3867
 1656    2421  4037  3640  4029
 1657    1812  3777   818  4137
 1658    2594  1306  1465  3860
 1659    1222  1390  3754  3132
 1660    2793   817  2549  2550
 1661    3420  1521  2765  2691
 1662    2703  3510  1917  2633
 1663    1494  1496  2975  3611
 1664    1918  3538  1932  2814
 1665    3397   833  3686   831
 1666    1627   197  3632  1639
 1667    1987  3149  2027  4052
 1668    2292  4145  3153  3417
 1669    3394  1327  2336  2969
 1670     164  3001   165   814
 1671    3847  2936  2969  3671
 1672    1347  1349    96  3541
 1673    1702  1903  1701  1902
 1674    3256   287   288  2022
 1675    3771  3140   631  1538
 1676     255  2167  1080  3050
 1677    3417  3629  3152   884
 1678    3771  3648  3482  2655
 1679    3437   708  1901   815
 1680    2851  2956  3947  2852
 1681    1919  1926  1605  1925
 1682    2559  1302  3651  2942
 1683     834  3622  2854  2978
 1684    4146  1407  1657  1985
 1685     650   651  2445   652
 1686    2224  1612  1611   342
 1687     553    33   555  2393
 1688    4043  3841  1345  2326
 1689    3110  3304  3044  3112
 1690    3183  3182  2672  2674
 1691    4034  3638  3532  3639
 1692    3841  2360  1345  2326
 1693    2991  2770   387  2343
 1694    1405  1588  1587  2317
 1695     587  1739  3386   588
 1696    1318  1595  3095  3589
 1697    3049  4141  3682  2600
 1698    3066  2716  2252  2222
 1699     642   936   302  2432
 1700    3016  3092  1942  1266
 1701    3767  1856  4059  1857
 1702    1798  1803  1154  3918
 1703    1818   664   289   643
 1704    1987    98  2888   449
 1705    2989  3229  2990   349
 1706    3137   125  1017  1930
 1707    1814  4110  1813  1815
 1708    2433  3753  1242  2191
 1709    1558  1559  3495  2018
 1710    1739   587  3386  3351
 1711    2866  2018  3495   649
 1712    1000  1148  3874  3352
 1713    2066  2587  2742  2183
 1714    2661  3380   663   325
 1715    1245  1357  2188  1246
 1716     651  3536   650  3537
 1717    2326   674  1345  4043
 1718    3806   131  1467  3605
 1719    3326  2754  2755  3603
 1720     975  3656  2003  3657
 1721    3661  1585   385   372
 1722    2632  1444  2821  2631
 1723     685  2346  1130  1131
 1724    3131  1390  3844  2162
 1725    3556  2980  1677  2981
 1726    2513  2388  1269  1268
 1727    3182  3183  2672  1836
 1728    3509  1798   615  4040
 1729    3907  1700  1701  3976
 1730    3660  3017  2087  3093
 1731    2716  2223  2222  3066
 1732    2902  4043  3464  3889
 1733     975  3011  2559  1302
 1734     274   273  1774  1719
 1735    1988  3536  1989  3537
 1736     888  2913  2994  2914
 1737     990  2991  3283  2562
 1738    2361   200  2363    91
 1739    3667  3015  2228  1232
 1740     204   125  3568  3137
 1741     615  1803  2444  1801
 1742    3509   898  3043  2346
 1743    1577  1800  2443  3043
 1744     452   755   696  4103
 1745    1559   491   492  1558
 1746     121  2923  2361  1096
 1747    2445  2621   983  1057
 1748     493  2869  3336  3065
 1749    2484  1153    47    48
 1750    1302  1304  3012  2341
 1751     649  2018  2865  2866
 1752    1189  2364  3587   264
 1753    2164  2163   139  2409
 1754    3137  4127  3138  3631
 1755    1713  3289  2758  1795
 1756    2850  1925  1877  3908
 1757     724  3814  2747  2914
 1758    3114  2948  2533  3649
 1759    4127   125  3160   577
 1760    2854  3622  3724  1689
 1761    2246   567  1898  2300
 1762    3994  1728  1729  1727
 1763    3749  2227  3729  2427
 1764    3714  2290  3685  1259
 1765     809  3650   703  3277
 1766    2873   565   566  2300
 1767     122   120   262  2426
 1768    2887  1727  3792  3994
 1769    1546  3980     9  2208
 1770    3815  4047  2749  2915
 1771    2253   833  3685  1259
 1772    1131  2289   685   269
 1773    1131   684   685   683
 1774    3231  3112  2438  1923
 1775    2019  3840   435   434
 1776    3897   386  3898  2991
 1777    2130  3104  3332   992
 1778    1430  1309  2302  1310
 1779    3316  2986  2939  2940
 1780    2773  2913  3815  2915
 1781    1906  1065  4067  2086
 1782    3182   680  2672  2674
 1783    2631  2586  2632  1444
 1784    2914  3814  2747  2750
 1785    3747   870  1769  3317
 1786    3894  3855  3395  3852
 1787     444  1577  2444  2443
 1788    3914  3221  3884  1223
 1789     990  1947  2076  2077
 1790    1971  1973  1972  2223
 1791    1989  2112  2446  1988
 1792     863    71  3826  3827
 1793    3063  1988  2940  2987
 1794     395   396  4007  2991
 1795    3897  1947  2077  3898
 1796     451  3149  1986  3693
 1797    2994  3814  3285   888
 1798    3381  3382  3898  1641
 1799    1724  2985  2447  3438
 1800    1543  4071  3113  3243
 1801    2994   991  2748  2750
 1802    2855  2903  3161  2904
 1803     990   887  2076   736
 1804     724   310  3521  2747
 1805    1761  1292  3815  2915
 1806    1521  2691  3135  2692
 1807    1930   577  3160   125
 1808    1251  1886  2447  3384
 1809      25  2671  2056  2669
 1810     734   888  2746  2994
 1811    2914   309  3286  1717
 1812    2209  1685  1529  2807
 1813    3166  3164  1159  2130
 1814    1666  2674  2672  3130
 1815     652  3384  2447  2445
 1816    3995  1390  3844  3131
 1817    1309  1445  1310  3114
 1818     677  2284   469   703
 1819    3655  3657  2003  3656
 1820    4094  1444  2632  2586
 1821    2673  3183  2672  2674
 1822    3631   125  4127   577
 1823    2883  1065  4118  1073
 1824     689  3109  2085  3903
 1825    2374  2056  1035  4075
 1826    1600  3319  1814  1601
 1827     534  3109  2056  2671
 1828    3202  2000  3203  3327
 1829    2779  2160  2975  1496
 1830    2968  3233   689  2972
 1831    1693  3894  3895  1073
 1832    1862  1852  3699  1851
 1833    1066  1074  1073  1692
 1834    1326  2048  3699  1324
 1835     511    34   924  2974
 1836    1859   679  1620  1668
 1837     561   583   656   658
 1838    3394  2969  3558   849
 1839    2934  2936  2136  1694
 1840    3098    87  2281  3652
 1841     452  2279   696  3324
 1842     454  4062  2053  3324
 1843    3652  1067  2282    89
 1844    2672  1516  1620  1836
 1845    4014   267   350  1600
 1846    1987  4044   449  3841
 1847     560   583  1565  3000
 1848    3488  3656  3655  2943
 1849    2721  3115  1382  3946
 1850    1504  3712  3713  3802
 1851    3959  3826  1353  1535
 1852    1639   759  1627  3365
 1853     290   291   899  2211
 1854     949   948  1562  1564
 1855     514  4024   386  2769
 1856    3864  3846  2786  1534
 1857    2530   295  2324  3263
 1858    2671   535   534  2095
 1859    1829  3647   424  3429
 1860     623  3927  3926  1602
 1861    2788  2613   413  3310
 1862    2251  3066  2252  2222
 1863    2553   388  3389  1624
 1864    1930  4117  1625  3160
 1865    3894  3855  3895  3395
 1866    2375  2055  1036  4144
 1867    2855  3306  3161  3308
 1868    3160  4117  1625  4127
 1869    2073  1832  2384  1831
 1870     534  2095  1036  2671
 1871    4117  3631  1625  4127
 1872    4160  4117  1627  1639
 1873    4127  3160  3138  1625
 1874    3485  3846  3138  3137
 1875    2054  2095  2055   535
 1876    3160   125  3137  1930
 1877    1033  1164  1034  1162
 1878    4127   125  3137  3160
 1879      69  2529    67  1193
 1880    4127  3631  3137   125
 1881     316  1404   595  3307
 1882     339   338  2831  3783
 1883    3933    72    70  3525
 1884    3309  1018  1019  1017
 1885    3365   760   413   414
 1886    1017  4127   202   124
 1887    1534  3039  3038  1533
 1888    2343  2385  2991  2770
 1889    2529  2033  1936  2041
 1890     456  1135  1267  1151
 1891    1625  3846  3485  4117
 1892    3671  1066  3847  1074
 1893    3847  3395  1906  1905
 1894    2095   535  3852  3894
 1895    3590  1638   757  2308
 1896    2788  4147   413  2613
 1897    1036  2375  1035  1037
 1898    2374  4075  2509   312
 1899    2384  2073  2880  2552
 1900    2077  1947  3283   990
 1901    1831  2073  2072  2384
 1902    1011  1735  1734  1010
 1903    1453  2042  2382  2043
 1904     438  3514   439  2357
 1905    3365   759  1627  1626
 1906    3395  2969  3847  3855
 1907    2343  2769   387  4024
 1908    4118  2883  2884  2971
 1909    3427  3886  4115  1315
 1910     513  2343   387  1424
 1911    2315  3228  1773  1771
 1912    2034  2440  1934  2033
 1913    4024  2769   514  2553
 1914    1830  2375  1036  1037
 1915    3898  2562  2077  3897
 1916    2770  2769   387  2343
 1917    2375  2054  1036  2055
 1918    2054   536  2055  2134
 1919    2055  2054  1036  2095
 1920    2084  3059  2085  2971
 1921    3190  1192  3311  1936
 1922     809  3277   703   701
 1923    2041   365   366  2441
 1924    2374  1832  2509  2557
 1925    2671  2375   534  3109
 1926    2385  2769  2770  2343
 1927    1641  2562  2077  3898
 1928    2343  2344  2385  2073
 1929    2967  2095  4144  3895
 1930    4147  3074  3572   365
 1931    1692  4129  1074  1161
 1932    2344  1832  2073  1831
 1933    3092   222  1782  1266
 1934     351   350  1599  1837
 1935    2552   513  1423  1424
 1936    1035  1832  1423  1037
 1937    2384    27   396   395
 1938     534  2670  2072  2671
 1939    2883  1905  2884  2971
 1940    2883  1073  4118  3852
 1941    3329  2969   176  2970
 1942    3114  3514   438  2357
 1943    1761  1292   868  2774
 1944    1424  2344  2385  2343
 1945    2749  2773   860   309
 1946     737   735  2129   736
 1947    1679  2939   843  4140
 1948    2095   535   534  1830
 1949     508  1858  3710   509
 1950    1832  1831    26    27
 1951    4027  3090  3916  1373
 1952    2669  2054  2056    25
 1953    2671   535   536   534
 1954    1326  1031  1324  1030
 1955    2754  2032  2755  1205
 1956    2886  1164  1033  2169
 1957    4129  2934  2136  1694
 1958    3621   407  3094  1596
 1959    2670  2384    27  2072
 1960    2673  4062  2672  2053
 1961    1255   175  1291  1290
 1962       3     2  3091  2128
 1963    4144  2055  1036  2095
 1964    3523  1158   440   992
 1965    1193  3572  2529  3074
 1966    2041  2033   366   365
 1967     847  1164  2886  2169
 1968    1064  1066  1065  1073
 1969    1714  3846   415  1626
 1970    3852   535   536  3894
 1971    3852   536  2935  2134
 1972    2308  4004  4147   198
 1973     985   923  2763  1026
 1974    3059  2055  4144  2967
 1975    1353  1535  1352  3864
 1976     687  1281   686  2174
 1977     536  3852  2935   535
 1978    2971  3109  2085  2084
 1979    2969  2970  1290  3937
 1980    3894  3852  2134   536
 1981    2001  1713  1838  1839
 1982    3033   351  4014   266
 1983    3394  2970  1327  2969
 1984     547  1170  2924  2925
 1985     351  3033  4014  2547
 1986    4112  2720  2631  2301
 1987    2886  2169  1033  1032
 1988     847  1162   848  1164
 1989    3102  3530  2336  1162
 1990    3530  1161  3558  3394
 1991     688  1276  4116  3741
 1992    2883  2086  4118  1065
 1993    3530  3394  3558   849
 1994    3106   177  1328  1327
 1995    3530  3855  2936  3394
 1996    3394  2934  2936  3530
 1997    2935  3855  2936  3852
 1998    3102  1162  1034  1164
 1999     454  1650  3324  3117
 2000    3394  3855  2936  2969
 2001    2969  2934  2936  3394
 2002    2935  2934  2936  2135
 2003    2135  3855  2936  2935
 2004    1161  4129  2136  1694
 2005    1161  3558  1074  1692
 2006    2673  1518  2672  3183
 2007    3105  1327  1328   890
 2008    4129  2135  2136  2934
 2009    3225  2730  3868  2316
 2010    2298  2034  4108  3074
 2011    1050  3556  3555  4060
 2012    1224  1839  1225  1838
 2013    4004  2308  1639  1638
 2014    1329  4014  3225  3229
 2015    3671  2970  1254  2969
 2016    2671  3109  2669  2375
 2017    3289  2668  2001   538
 2018     847  1032  2168  2169
 2019    3530  1162  3102  1164
 2020     175   177  1290  3937
 2021     528  4031  3929  2133
 2022    3395  3855  3847  1074
 2023    2095   535  2669  2671
 2024    2671   536  2669  2134
 2025    1224  2111  1225   538
 2026    1972  3063  2221  2446
 2027    1886  1724  2447  3384
 2028    1503  2944   526   552
 2029    1254  4129   176  1074
 2030    1972  2222  2221  2252
 2031     311   690  4007   396
 2032    1497  2431  2345   934
 2033    4080  2857  4103  1844
 2034     848  1032  2168   847
 2035    2936  2934  1074  1692
 2036    3293  3614  2610  4058
 2037    1074  3855  3847  2936
 2038    3671  2969  3847  2970
 2039    2684  1576   334  3288
 2040    1196  2475  3876  3479
 2041    1694  2936  2136  3855
 2042    2135  3855  2136  2936
 2043     126  2709  1058  2900
 2044    3329  1066  1291  1064
 2045    2971  2055  2084  3059
 2046    2944   527   526   551
 2047    1424  2344   396   395
 2048    2134  2135  2947  2136
 2049    1860  2048  3699  1326
 2050    2971  2134  2084  2055
 2051    2136  1694  1693  2947
 2052    2883  4118  2084  2971
 2053    2134  2935  2947  2135
 2054    2670    25    26    27
 2055    1693  1692  1073  1074
 2056    2134  3852  2947  2935
 2057    3894  3852  2947  2134
 2058      22    23  3715    24
 2059    3425  3807  4048  3189
 2060    1692  3855  1074  2936
 2061    2533  2133  1915  1062
 2062    1161  3558  1692  1694
 2063    1692  3558  1074   849
 2064    1290   849  2969  3937
 2065    1692  2934  1074  4129
 2066    3895  1065  4118  2086
 2067     848   849  3937   847
 2068    4129  1161  1692  1694
 2069    1074  1066  3847  3395
 2070    1066  1692  1073  1064
 2071      69  1193  2528  2529
 2072    1694  2934  1692  4129
 2073     849  1692  3937  1074
 2074    2936  2934  1692  1694
 2075    1694  3855  1692  2936
 2076    2169  2198  2168   847
 2077    2947  2135  1693  2136
 2078    1831  2072    26    27
 2079     534  2671  2056    25
 2080    2947  2935  1693  2135
 2081    3894  3852  1693  2947
 2082      25  1830  2056   534
 2083      27  2384  2880  2552
 2084    2947  3852  1693  2935
 2085    2134  2947  2054  2669
 2086     535  2095  3895  3894
 2087    2967  3895  4144  4118
 2088    3394  3530  3937   849
 2089    1011   890  1328   848
 2090    1074  1066  1254  3671
 2091     849  1290  2969  3558
 2092    2969  3394  3937   849
 2093    2969  2970  3937  3394
 2094    1074   849  1290  3937
 2095    1074  3558  1290   849
 2096      26  3903   691  2056
 2097    1381   677   438  3929
 2098    1692  1694  1073  1064
 2099    1693  1694  1073  1692
 2100    3063   652   983  2445
 2101    3103  2865  3874  3495
 2102     535   536  2055  2054
 2103    1074  2936  3847  3671
 2104    2136  1694  1073  1693
 2105    2136  1064  1073  1694
 2106    2133  1480  3929   528
 2107    1693  2135  1073  2136
 2108    3894  3852  1073  1693
 2109    2055  2134  2084  2086
 2110    1479   126   983  2621
 2111    2370  3522  3164   992
 2112    1905  3671  1906  3847
 2113    1693  2935  1073  2135
 2114    1693  3852  1073  2935
 2115    3895  2134  2084  2971
 2116    3895  2086  2084  2134
 2117    2884  2967  2972  2968
 2118    2398  3547  1915  2400
 2119     536  2134  2054  2669
 2120     535   536  2054  2669
 2121    2669  2095  2054   535
 2122    3114  2948   438  1381
 2123    2072  2670    26    27
 2124    4144  2967  2556  2968
 2125    1435  4089   510   512
 2126    1578  3512  1579  2721
 2127    1678   842   844   551
 2128    1028  2973  2974  2321
 2129    2670  2671    25  2669
 2130    2671  2670    25   534
 2131    2670  1830    25   534
 2132    2375  1830  1036   534
 2133    1678   842  1679  2939
 2134    2384  1831    27  2072
 2135    3063  2710   126  2709
 2136    2710   127   983   126
 2137    2384  1832    27  1831
 2138      26  3903  2056    25
 2139     140  1761   138   868
 2140    1264  1281  1147  2174
 2141    2343  2344   387  1424
 2142      91  2923  2361    92
 2143    2385  2073   395  2384
 2144     682   264  3587   868
 2145    2385  2344   395  2073
 2146    1424  2344   395  2385
 2147    2385   395  2991  2770
 2148    2361  2923  2363  2362
 2149     273  3896  1719   274
 2150    2398   527  4046  3547
 2151    3897  2991  3898  2562
 2152     395  2344   396  2073
 2153    2173     1  1716  3284
 2154     387   386  4069  2554
 2155     312  1832  2509  2374
 2156    2552  2557  1423  2374
 2157      26    27  2880  2552
 2158    2054  2055  3059  2056
 2159    2056  2669  3059  2054
 2160    2055  2054  3059  2375
 2161    2669  2375  3059  2054
 2162    1037  4075  1035  2056
 2163    3855  3394  3395  2969
 2164    1693  1073  1065  2055
 2165    1254  3671  1906  1905
 2166    3059  2055  2086  1065
 2167    3395  1066  3847  1064
 2168    3129   894  3836  2703
 2169     437  1382   676   678
 2170    2375  2669  1036  2054
 2171    4129  2934  1254  2969
 2172    2055  2134  2086  2947
 2173    2055  1693  2086  1065
 2174    2055  2947  2086  1693
 2175    2971  3895  2884  4118
 2176    3852  3855  3395  2935
 2177    1066  1064  3395  1692
 2178    1692  1074  3395  1066
 2179    1692  3855  3395  1074
 2180    2935  3855  3395  2135
 2181     724   734  2746  2747
 2182    1694  3855  3395  1692
 2183    1692  1064  3395  1694
 2184    2135  3855  3395  2136
 2185    1694  1064  3395  2136
 2186    2136  3855  3395  1694
 2187    3233  3109   689  2972
 2188    2969  2934  3671  2936
 2189    2936  2934  3671  1074
 2190     736  3896  1719   887
 2191    2936  3847  2969  3855
 2192    1693  2947  3895  3894
 2193    2086  2947  3895  1693
 2194    2134  2947  3895  2086
 2195    2134  3894  3895  2947
 2196    3852  3894  4118  3395
 2197    3894  1073  4118  3895
 2198    4094  3813  2632  2720
 2199    2884  3895  2967  4118
 2200    1254  3671  4067  1906
 2201    2883  3852  4118  3395
 2202    3895  1073  4118  1065
 2203    2883  3395  4118  3847
 2204    2086  1065  4067  1064
 2205    3059  2055  2884  2971
 2206    2823  1314  2815  2585
 2207    4118  2883  2967  2884
 2208    3059  2055  2967  2884
 2209    2056  3903  2085  3109
 2210    2302  1430  2720  2301
 2211     535  3895  2884  2971
 2212    2055   535  2884  2971
 2213    1074  2934  1254  4129
 2214    3671  2934  1254  1074
 2215    1254  1064  4067  3671
 2216    3742   890  1735   848
 2217     437  2285   676  1382
 2218    2883  1065  1905  2086
 2219    1733  3845  1734  1215
 2220    2883  3671  1905  3847
 2221    2883  1073  1905  1065
 2222    3847  3395  1905  2883
 2223    3329  4129   176  2969
 2224    1073  2935  1905  2135
 2225    2135  2935  1905  3395
 2226    1073  3852  1905  2935
 2227    2883  3852  1905  1073
 2228    2883  3395  1905  3852
 2229    2935  3852  1905  3395
 2230    3395  2135  1906  1905
 2231    2283  1381   438  2948
 2232    3847  3671  4067  1064
 2233    1906  3671  4067  3847
 2234    1065  1073  4067  1064
 2235    1906  1073  4067  1065
 2236    3847  3395  4067  1906
 2237    3847  1064  4067  3395
 2238    2136  1064  4067  1073
 2239    3395  1064  4067  2136
 2240    1073  2135  4067  2136
 2241    1906  2135  4067  1073
 2242    1906  3395  4067  2135
 2243    2136  2135  4067  3395
 2244    1071   514  4069   386
 2245    4112  2301  2631   892
 2246     535   536  2971  2055
 2247     273  1071  1720  2560
 2248    2985  2939  2113  1253
 2249    3895   536  2971   535
 2250    2055   536  2971  2134
 2251    2086  3059  2085  2084
 2252    3895  2134  2971   536
 2253     535  3895  2967  2884
 2254     535  2095  2967  3895
 2255    2055   535  2967  2884
 2256    2055  2095  2967   535
 2257    3059  2375  4144  2055
 2258    2967  2055  4144  2095
 2259    1037  2375  1035  4075
 2260    2972  3109   689  3903
 2261     689  3233   691   690
 2262    2072  1830  1037  2670
 2263    2991  2553  2560  1071
 2264    2056  3903  2972  2968
 2265    1640  2991  4007  2562
 2266    2552    26  4068  2880
 2267    4160  1626  3632  1627
 2268    2904  3455  2903  3180
 2269     689  3903   691    26
 2270    4075  2556  2509   312
 2271    1685  1545  3414  3963
 2272      26    27   691  2880
 2273    1830  2375  2968   534
 2274    1830   534  2968  2056
 2275     312  2968  2972  3233
 2276    2968  1830  1037  2375
 2277    2968  2375  1037  2556
 2278    1188  3159   435  2019
 2279      25  1830  1037  2056
 2280    2556  2375  4075  4144
 2281      26   396  4007   691
 2282    3895  2375  1036  4144
 2283     388  2553  3389  4024
 2284    3389  2560  4069  2561
 2285    3746  2443   443   444
 2286    1310  3115  2302  1430
 2287    3521   734  1774  1719
 2288    3244  1442  1443  1297
 2289    1830  1831  1037  1832
 2290    4024  2553   514   388
 2291    3894  2375  1036  3895
 2292    2553  1624   514   388
 2293    1424   513  2880  2552
 2294    2556  3903  4075  2056
 2295    1037  2095  1036  1830
 2296    2880  4068  3381  3382
 2297    2556  2968  2509   312
 2298    4144  2095  1036  3895
 2299    3895  2095  1036  3894
 2300      27    26   691   396
 2301    2056  3903  2374    25
 2302    4075  3903  2374  2056
 2303      26  1832  2509   312
 2304    2670  1830  1037    25
 2305    2968  2056  1037  1830
 2306    2556  2056  1037  2968
 2307    2375  2671  1036  2669
 2308    2855  2904  3161  3306
 2309    2073  2384  1423  2552
 2310      26  1832  1423  2557
 2311    2344  1832  1423  2073
 2312    2344  2073  1423  2552
 2313      25  2056  1035  2374
 2314    1037  2056  1035    25
 2315    2670    25  1035  2374
 2316    1037    25  1035  2670
 2317    1037  1831  1035  1832
 2318    2374  1832  1035  1831
 2319    1515  3190  1936  3232
 2320    2072  2670  1035  2374
 2321    1037  2670  1035  2072
 2322    1831  2072  1035  2374
 2323    1037  2072  1035  1831
 2324     724   310   308   725
 2325    2770  2553   514  2769
 2326     386   514  4069  2554
 2327     376  3287   377  2890
 2328    2553  2770   514  2991
 2329     387  4024   386   388
 2330    2374  2557  1423  1832
 2331    1832  2344  1423  1424
 2332     839  2904  3307  2903
 2333    2385  2343   513  1424
 2334     594   290   596   291
 2335    1641  2562  3898  2991
 2336    3389  2553  4069  2560
 2337     514  1624   386   388
 2338     396   395   513  1424
 2339    3059  2055  2084  2086
 2340    2385  1424   513   395
 2341    2552  2344  2880  1424
 2342     514   388   386  4024
 2343     804  2396   803   805
 2344    1424   513   386   387
 2345     290  1404   899   291
 2346     315   596   550   291
 2347    2924  1368   599   752
 2348    3101  3071  3524  1365
 2349    2073  1832  1423  2384
 2350      27    26  1423  2552
 2351      27  1832  1423    26
 2352    2384    27  1423  2552
 2353    2384  1832  1423    27
 2354     387  2770   386  2769
 2355     514  2769   386  2770
 2356     387  2991   386  2770
 2357     514  2770   386  2991
 2358     960   224   223   629
 2359    1640  2562  4007  2077
 2360     272   736     2  1774
 2361     645  1623  3597  3388
 2362      91    92  2275  2274
 2363    1163   717   718  2335
 2364    2554  2552  2880   513
 2365     594  2205   596  3596
 2366    2954   627  2768  1952
 2367     862  3071  3524  3101
 2368     862  3525  3524  3933
 2369     792   598  2367  2365
 2370     274  3896  1719  3388
 2371    2953   599   597  1951
 2372    2972  3903   689  2968
 2373     514   513  2554   386
 2374     513  2343  2554   387
 2375     645  3389  3388   274
 2376     386   513  2554   387
 2377     513  2385  2554  2343
 2378     513   396  2554   395
 2379    2056  3109  2972  3903
 2380     513   395  2554  2385
 2381    1544   300  1995   301
 2382    4075  2557  2509  2556
 2383     313  2557  3382  2509
 2384    3389  2769  2077  1947
 2385    2312  3881   943  3196
 2386    2880  4068  3382   313
 2387    2073  2344  2880  2552
 2388    3233  2670   689    26
 2389    3512  1310  2721  1309
 2390     691   396  4007   690
 2391     821   549   548  1365
 2392    2971  1906  2084  1905
 2393     313  4068  3382  2557
 2394    2991  2553  1071   514
 2395    2374  2557  2509  4075
 2396     387  2991  3898   386
 2397    2770  2769  3389  2553
 2398    2770  2562  3389  2769
 2399    2560  2991  3389  2553
 2400    2770  2553  3389  2991
 2401    2991  2562  3389  2770
 2402    2560  2562  3389  2991
 2403    3389  2560  3388   274
 2404    1170  1172  2953  1951
 2405    2924  2925  1766   546
 2406     736   887  3825   888
 2407     395  2991  4007  1640
 2408    3898  1947  2077  1641
 2409     274  1071   273  2560
 2410     868  4047  2749  2774
 2411     724  2914  2747  2913
 2412    2076   991  1946   887
 2413    2560  3389   273   274
 2414      26  2557  2509  1832
 2415    2750   734  2746  2994
 2416     701  2533   703   809
 2417     120  2364    90  1189
 2418    3389  1624   273  3422
 2419     274  3389   273   645
 2420    3422   645   273  3389
 2421     701  3277  1885  1890
 2422    2554   514  4069  2553
 2423    2880  2561  4069  2554
 2424    2374  4075  4068  2557
 2425    2880  2561  4068  4069
 2426    2357   701   469   703
 2427    2554  2343  4069   387
 2428    2554  2385  4069  2343
 2429    3897  2561  3898  4069
 2430    1479  2987  2447  3384
 2431    1096  2361   121  2426
 2432    2554   395  4069  2385
 2433    1641  2991  1640  2562
 2434    2554   396  4069   395
 2435    2561   396  4069  2554
 2436    2560  2562  2077  3389
 2437    3389  2562  2077  2769
 2438    1945  1071  1720  3897
 2439     312   690  3233   311
 2440    1720  1945  2076   990
 2441    2086  2883  2084  1905
 2442    3239  3240  3241  3780
 2443    2971  1905  2084  2883
 2444    4024   388  1947  3389
 2445    3389  2769  1947  4024
 2446    2991  2343  1641  2385
 2447    4069  2385  1641  2343
 2448    2884  3109  2972  2967
 2449    3382   313  3898  1641
 2450     702  1063  1156  1890
 2451    1640  2562  2077  1641
 2452    2446  2621  1972  2112
 2453    1640   690  4007   311
 2454     206  2399  1482   205
 2455    1832  1831   312    26
 2456    2880  2561  3381  4068
 2457    2374  1831   312  1832
 2458    3897  3382  3898  3381
 2459    1945  2560  1720  1071
 2460    3381  2561  3898  3897
 2461    3382  4068  3381  2557
 2462    1430   892  2301  2302
 2463    1482  2944  1351  1503
 2464    1424  2344   313   396
 2465    2880  2344   313  1424
 2466    2284  1381   438  2283
 2467     396  2344   313  2073
 2468    2073  2344   313  2880
 2469     703  3650  1885  3277
 2470     313   396  3382  1424
 2471     313  1424  3382  2880
 2472    1947   388  1945  3389
 2473    1945  3389  1720  2560
 2474    3329  4067   176  1064
 2475    2554  2561  3381  2880
 2476    2880   513  3381  2554
 2477    2880  1424  3381   513
 2478    3382  1424  3381  2880
 2479    2561  2554  3381   396
 2480     513   396  3381  2554
 2481    3382   396  3381  1424
 2482     513  1424  3381   396
 2483    3381  2561  3897  1071
 2484     312   690   311  2509
 2485    1071  2991  3897  2562
 2486    1071  2561  3897  4069
 2487    4069   386  3897  1071
 2488    3898  1947  1945  3897
 2489     386  1071  2991  3897
 2490    1071   386  2991   514
 2491    2343  2991  3898   387
 2492    1641  2991  3898  2343
 2493    4069   386  3898  3897
 2494    4069   387  3898   386
 2495    4069  2343  3898   387
 2496    1641  2343  3898  4069
 2497     312  2509   311   313
 2498    1947  3389  1945  2560
 2499    2967  4144  2972  2968
 2500    2967  3109  2972  4144
 2501     868  1761   682  1292
 2502    3389  1624  1720   273
 2503     673  3541  3658  2901
 2504    3389   388  1720  1624
 2505    1945   388  1720  3389
 2506    2073   396   311   313
 2507    2509  2557   311   313
 2508    2509   690   311  2557
 2509    2384   690   311   396
 2510     396  2073   311  2384
 2511    2880  2073   311   313
 2512    4068  2557   311   690
 2513     313  2557   311  4068
 2514    2384  2073   311  2880
 2515    2880   690   311  2384
 2516    4068  2880   311   313
 2517    4068   690   311  2880
 2518     313  1641  1640   311
 2519    2869   580  3336   582
 2520    2991  2385  1640   395
 2521    1641  2385  1640  2991
 2522     785  2004  3655   269
 2523    2750  2994  2746  2748
 2524    3382  1641  1640   313
 2525    4069  2385  1640  1641
 2526    4069   395  1640  2385
 2527    1641  2561  1640  4069
 2528     627  1367  1952  1951
 2529    3381  1641  1640  3382
 2530    2561  1641  1640  3381
 2531    2792   433  2624  1094
 2532    1071  1947  2077  3897
 2533    3897  2562  2077  1071
 2534    2560  1071  2077  2562
 2535    1947  1071  2077  2560
 2536    2721  2302  3674  3511
 2537    2968  2556  3233   312
 2538    2556  4075  3233   312
 2539    2086  1906  2084  4067
 2540    2072  2670  3233    26
 2541    4075  2374  3233   312
 2542    2670  2072  3233  2374
 2543    1831    26  3233   312
 2544    1831  2072  3233    26
 2545     312  2374  3233  1831
 2546    2072  1831  3233  2374
 2547    2056   534  2972  3109
 2548    2968   534  2972  2056
 2549    4144  2375  2972  2968
 2550    4144  3109  2972  2375
 2551     534  2375  2972  3109
 2552    2968  2375  2972   534
 2553    1057  2621   983  1253
 2554      26  3233   691   689
 2555    2968  2556   689  3233
 2556    2968  3903   689  2556
 2557    2374  2670   689  3233
 2558      26    25   689  3903
 2559    2670    25   689    26
 2560    2556  4075   689  3233
 2561    2556  3903   689  4075
 2562      25  2670   689  2374
 2563    2374  3903   689    25
 2564    4075  2374   689  3233
 2565    4075  3903   689  2374
 2566    2883  2086  2084  4118
 2567    2971  4118  2084  3895
 2568    2086  3895  2084  4118
 2569    1679   842   843  2939
 2570    2939  2940  2447  2985
 2571    2971  3059  2085  2884
 2572    2884  3109  2085  2971
 2573    2056  2669  2085  3059
 2574    2056  3109  2085  2669
 2575    2884  3059  2085  2967
 2576    2967  3109  2085  2884
 2577    2669  2375  2085  3059
 2578    2669  3109  2085  2375
 2579    2967  3059  2085  4144
 2580    4144  3109  2085  2967
 2581    4144  2375  2085  3109
 2582    3059  2375  2085  4144
 2583    2384    27   691   396
 2584     396   690   691  2384
 2585    3233   312   691   690
 2586      26   312   691  3233
 2587    2880  2384   691   690
 2588      27  2384   691  2880
 2589    4068  2880   691   690
 2590      26  2880   691  4068
 2591     312    26   691  2509
 2592    2509   690   691   312
 2593    4068   690   691  2557
 2594    4068  2557   691    26
 2595    2509  2557   691   690
 2596      26  2557   691  2509
 2597    4069   395  4007  1640
 2598    4069   396  4007   395
 2599     311   313  4007  1640
 2600     311   396  4007   313
 2601    4069  2561  4007   396
 2602    1640  2561  4007  4069
 2603     313  3382  4007  1640
 2604     313   396  4007  3382
 2605    3381  2561  4007  1640
 2606    3381   396  4007  2561
 2607    3382  3381  4007  1640
 2608    3382   396  4007  3381
 2609    2889   264  3815  2915
 2610    2173     2  3091     3
 2611     736   887  3283   990
 2612    1947  2769  3283  4024
 2613    2747   734  2746  2750
 2614    2750  2773  2747  2913
 2615    3091  3825  3285  2128
 2616    2025  4044  1987  4052
 2617    2750  2913  2747  2914
 2618    2516   272   308   310
 2619    2940  3063  1679  2939
 2620    2770  2562  3283  2991
 2621    2916  2913  2915  2914
 2622     201    92   121    90
 2623     888   887  3825   991
 2624    4140  1251  1058  3384
 2625     725   724  2749  2773
 2626    3307  3101   595  4081
 2627    3682  3718   247   248
 2628    2274  2426  2396   121
 2629    1139  2768  2366  1141
 2630    2361    92   121   201
 2631    3950  3008   731   573
 2632    3896   273  1719  1720
 2633     262    90   263   201
 2634     651  3383  4090  1990
 2635    2709  1679   843  4140
 2636    2017  2016   930   929
 2637    3284  2173  3285  3091
 2638     274   272  1774   273
 2639    2274   200  2275    91
 2640    1817  2944  4046  1503
 2641    4024   388  3283  1947
 2642       3  2128  3091  1623
 2643    1947  1945  3283   990
 2644    1947   388  3283  1945
 2645     388  1624  3283  1720
 2646    1945  1720  3283   990
 2647    1945   388  3283  1720
 2648    3597  1623  3091  2128
 2649     273  1624  3283  3422
 2650    1720   273  3283   990
 2651    1720  1624  3283   273
 2652    3422   645  3283   273
 2653     599  2924  1766  3504
 2654     273   274  3283   990
 2655     273   645  3283   274
 2656     274  3388  3283   990
 2657     274   645  3283  3388
 2658     735  2076  2129   736
 2659     599  3917  1766   545
 2660    2017  2018  2865  2016
 2661     537  3289  2758  1200
 2662    3287  1096  1094  2890
 2663     262   201   263  2361
 2664    2889  2774  3815   264
 2665     992   930  2370  3331
 2666    3825   991   737  2128
 2667    3980  1168   981  1546
 2668     262   120   263    90
 2669    3825   888  3285  3814
 2670     827  1191  2293  2397
 2671     201  2361   262  2426
 2672     419  2782  2781  3587
 2673    2748  2994  2746   888
 2674    3540   310  3521   725
 2675    3521   310  1774   272
 2676    1435  1839  1838  3054
 2677    2748   991  1946  2076
 2678     735   388  2129  1624
 2679     120  2774   122   868
 2680    2916  2913  2773  2915
 2681     737  3597  2129  2128
 2682    2858  2923  1095  2363
 2683     469  2357   439  2358
 2684    3972  3069   183  3949
 2685    4047   724  2749   725
 2686    1697  1149  2941  1691
 2687     139  4047   860   309
 2688    3485  3137  3568   125
 2689    2523  1150   982  1690
 2690     264  2774   868  2889
 2691     861  2750  1716   308
 2692     861  3814  1716  2750
 2693     736   887   737  3825
 2694     309  2409   308  3540
 2695     736  2076  3597  1946
 2696    2077  2562  2076   990
 2697    3814   888  2994  2914
 2698    2368  2865   930   492
 2699     990   991  2076   887
 2700    1660  3085  3931  2254
 2701    3597  1624  2129   388
 2702     723  2163   309  4047
 2703     861  1586  1716     1
 2704    2994  2773  2750  2913
 2705    2994   888  2748   991
 2706    2377  2781   421  2376
 2707    1296  1295  1443  1687
 2708     309  4047  3540   723
 2709    2914  3814  2750  2994
 2710    2994  2913  2750  2914
 2711    2914  3814  3540   725
 2712     274   273  2076   990
 2713    2409   725  3540  3814
 2714     725  4047  3540  2749
 2715    1717  2409   859   309
 2716    3597  1623   737   736
 2717    3388   274  2076   990
 2718     309  3814  3540  2914
 2719    1936  2033  1934  2041
 2720    1774  3388     2   272
 2721    3687   570  2493   568
 2722    4056   546  1766  3917
 2723    3388  1623  3597  3896
 2724    1586   644  2410  2516
 2725     724  2913  2747  2773
 2726    2747  2750  2749  2773
 2727     724  4047  2749  2747
 2728    1817  1155  2399  1157
 2729    2747  2773  2749   724
 2730    1482   206  1351  2399
 2731    2274    92  2275   121
 2732    3284  2750  1716  3814
 2733    3726  3623  1862  2442
 2734     724  2773   725  2913
 2735    2914  3814   725   724
 2736     723  4047  3540   725
 2737     724  2913   725  2914
 2738    3815  2915  2749  2773
 2739    2915  2916  2749  2773
 2740    2915  4047  2749  2916
 2741    1685  1687  1686  1690
 2742    2774  4047   723   868
 2743     868  1292   723  2774
 2744    1528  1441  1443  1296
 2745    2627   817  3838  2549
 2746    2916  4047   723  2915
 2747    2915  1292   723  2916
 2748     677  1890   469  3929
 2749     751   771   750   749
 2750    3815  2774   723  1292
 2751    4047  2774   723  3815
 2752      84   879  2089  2214
 2753    1489  2594  1098  1099
 2754    2951  3006  2324  3727
 2755    2915  4047   723  3815
 2756    3815  1292   723  2915
 2757     887   991  1946  3896
 2758    1945  1947  1946  2076
 2759    3825   991  2748   888
 2760    3909  3282   796   795
 2761    2748  3896  1946   991
 2762    3540   310   308   309
 2763       3   736   737  1623
 2764     888  3825  2746  2748
 2765     888   734  2746  3825
 2766    1817   206  1351  1503
 2767     273  1720  1946  2076
 2768     273  3896  1946  1720
 2769     736   887  1946  3896
 2770    2076   887  1946   736
 2771     274   273  1946  2076
 2772     274  3896  1946   273
 2773       3  1623  3091  2173
 2774    3388   274  1946  2076
 2775    3388  3896  1946   274
 2776    1586  2410  1716  3284
 2777     723  1292   309  2163
 2778       1     2  2173     3
 2779     982  3963  1685  1690
 2780     465  1546  2210  2208
 2781     438   677   469  3929
 2782    1623   645  3597  3422
 2783     725   310  3521   724
 2784    2516   272  3521   734
 2785    1063  1890   469  2357
 2786    3842  1016  2159  1015
 2787    2948  3650  2533  3649
 2788     309  1292  3540  1761
 2789     723  1292  3540   309
 2790     723   725  3540  1292
 2791    3422  1623     3  1624
 2792    3850  2858  2923  1096
 2793    3388   272  2516   644
 2794    3254  1217  1661  3932
 2795    2749  2773  3540   725
 2796     309  2773  3540  2749
 2797     309  2914  3540  2913
 2798     725  2913  3540  2914
 2799     309  2913  3540  2773
 2800     725  2773  3540  2913
 2801    2748   272  2516  2746
 2802     980  3963   981  1545
 2803     736   644  2516   272
 2804    2298  2382  3311  1936
 2805    2748   991  2516   272
 2806    1453  2440  1934  2034
 2807     736   272  2516   887
 2808     887   272  2516   991
 2809    3587  2916  2781  2915
 2810    2924   599  2367  3504
 2811    1946  3896  3597   736
 2812    3388   645     2   644
 2813    1586  2516  2410   310
 2814    2747   310   308   724
 2815     308  2409  2410  2164
 2816    3190  3572  1192  3074
 2817    2750   310   308  2747
 2818    2994   310   308  2750
 2819     309  4047   860  2749
 2820    2994   888   308   310
 2821    2177  2228  1835  3015
 2822    3825   310   308   888
 2823    3049   249  3718   411
 2824    2750   734  3521  2747
 2825    2747   310  3521  2750
 2826    2377  3696   421  2378
 2827    2994   734  3521  2750
 2828    2750   310  3521  2994
 2829     888   310  3521  3825
 2830    3825   734  3521   888
 2831    2994   888  3521   734
 2832     310   888  3521  2994
 2833    3388   274  1774  1719
 2834    3388   272  1774   274
 2835    2746  1719  1774   734
 2836    2746   734  1774   272
 2837    2746  2748  1774  1719
 2838     272  2748  1774  2746
 2839    2748   272  1774   991
 2840    2748   991  1774  1719
 2841     887   736  1774  1719
 2842     887   272  1774   736
 2843     887   991  1774   272
 2844    1719   991  1774   887
 2845     308  2409  2164   725
 2846     308   725  2164   724
 2847     725  3814  2164   724
 2848    2409  3814  2164   725
 2849    2409  2163   139   309
 2850    3521   734  1586  2516
 2851    3521  3825  1586   734
 2852    3521  2516  1586   310
 2853    3521   310  1586  3825
 2854     644   272     2  3388
 2855     737   736  2129  3597
 2856    3422   645     3  1623
 2857       2   645     3  3422
 2858       2  3388     3   645
 2859    1623   645     3  3388
 2860    1774   736     3  1719
 2861       2   736     3  1774
 2862    1719   736     3  3896
 2863    1623  3896     3   736
 2864    1774  3388     3     2
 2865    1774  1719     3  3388
 2866    3388  3896     3  1623
 2867    1719  3896     3  3388
 2868       2  1586     1   644
 2869       3  1623   737  2128
 2870    3597   388  2129  4024
 2871     735  4024  2129   388
 2872    2164   308  1703  2410
 2873    2516   644     1  1586
 2874    3091  2173  3285  3825
 2875    3137   125  1019  1017
 2876    1586  3825     1   734
 2877     734  2516     1  1586
 2878    1716  3814  3286  3284
 2879       1   644  2173     2
 2880     860  2409   859  2164
 2881     860   861  1703   859
 2882    2516   644  2173     1
 2883    1717  2164   859  2409
 2884     518   519   203  1134
 2885    2746  3825  2173  2748
 2886    2173   734  3825  2746
 2887    2746  2748  2173  2516
 2888     734  2516  2173     1
 2889     734  2746  2173  2516
 2890     734  2173  3825     1
 2891    2173   644  3091     2
 2892    2173  3825  3091  2748
 2893    2516   644  3091  2173
 2894    2516  2128  3091   644
 2895    2173  2748  3091  2516
 2896    3825   991  3091  2748
 2897    3825  2128  3091   991
 2898    2516  2748  3091   991
 2899    2516   991  3091  2128
 2900     861   724  1703  3814
 2901    3074  3232  1192  3190
 2902    2858  1096  1095  2923
 2903    3814  2994  3284  2750
 2904    2376  3743  3286  1717
 2905    2750  2994  3284   308
 2906      42  1276  4116  1275
 2907    3825  2128   737  3285
 2908    3743  2914  3286  1717
 2909    3285  3284  3286  3814
 2910    3743  3814  3286  2914
 2911     859  2164  1703   860
 2912    3723  1193  1192  3572
 2913     309  2163   139  4047
 2914    1691  1687  1690  1149
 2915    2377   859  2376  1717
 2916    2164   724  1703   308
 2917    4092    68  1325  2528
 2918    3587  3815  2781  2774
 2919     309  2773  1717  2913
 2920     140  2774  2781  2378
 2921    3587  2915  2781  3815
 2922     309  2913  1717  2914
 2923     682  1189    90   201
 2924    3814  2750   861  2747
 2925    1716   861   859  1717
 2926     861  1717  1703   859
 2927     308  2747   861  2750
 2928     308   724   861  2747
 2929    1653  1793  3268  3266
 2930    2954   547  4056  3147
 2931     929  3522   928  1158
 2932     868  2774   140  1761
 2933     201  2361    91   200
 2934     580   493  2912  2869
 2935     157  3479  1647  2475
 2936    2859  2293  1095  2858
 2937     861     1  1703  1586
 2938    4081   840   822   316
 2939     861  2410  1703   308
 2940     840  2903   820   822
 2941    1586  2164  1703  2410
 2942    1586  2410  1703   861
 2943    1717   309   859  2773
 2944     391  1144   390   389
 2945     140   139  2378   860
 2946    2397   827   826  2293
 2947     140  2163  2378   139
 2948    2397  2363   826  2923
 2949     375  2163  2378   140
 2950     861  1717  3286  1703
 2951    3815  2915  2378  1761
 2952     200  2363   826  2397
 2953     140  1761  2378   375
 2954     582  2017  2865   581
 2955    3551  2018  3495  2866
 2956     140  2774  2378  1761
 2957    3815  1761  2378  2774
 2958    2523   980   982  1150
 2959    1690  1150   982  1149
 2960    2825  4001  2531  3328
 2961    2908  1100    57  2743
 2962      90    92    91   201
 2963     376   375   138  2163
 2964    2864  1105  2789  1104
 2965     419   122  2782  2889
 2966    1189   723   682  1292
 2967    3287   420  2623   813
 2968    2364  3287    90  2890
 2969    1080  1079  3051  3050
 2970    3368   980   982  2523
 2971    1232  1233  2176  3667
 2972     826  2363  1095  2923
 2973    3376  3374  3646  3375
 2974    2859  2858  1095  2791
 2975    2890   420  2623  3287
 2976    1189  2364    90   201
 2977     376  3287   138   813
 2978    1766  3504   792   598
 2979     120  1189    90   682
 2980     140   139   138  2163
 2981     263   264  2782  2889
 2982    3448  1773  3446  2315
 2983     320  2332  3794   322
 2984     982  1690  1686  1296
 2985     376  1761   138   375
 2986     376   868   138  1761
 2987    2522  1150  2523  2532
 2988    1096  2858  1094  3850
 2989     868  1292   682   723
 2990     698  2522  1166  1091
 2991    4119  2228  2176  2177
 2992    2016  2018   930  3495
 2993     200  2858  2363  3850
 2994    1944  2950    60    58
 2995    2890  1096  2362  2923
 2996    1988  2987  1989  2940
 2997    1972  2446  2221  2621
 2998    1690  1687  1686  1296
 2999     376   813   377  3287
 3000     826   827  1095  2293
 3001    1150  1149  2522  2941
 3002    1278  4156  3481  2863
 3003     804  2293  2789   803
 3004    1391  3667  3080  1232
 3005    2873  1954  2826   566
 3006    1316  1669  1142  2214
 3007    2941  1149  2522  1691
 3008    2532  1691  2522  1149
 3009    2909    55  1101  1526
 3010    1187  2550  2577  3838
 3011    2858  1106  2791  3850
 3012    1685   465  1994  1686
 3013     512  4089   510  1713
 3014      91  2846  1190   200
 3015     201    90   121  2426
 3016     377   813  2364  3287
 3017     982   980  1685  3963
 3018    2941  1727  1728  1697
 3019    3949  3069  2007  4141
 3020    1150  1687  1690  2523
 3021    1796  1545  2807  1686
 3022    2523  1687  1690  3368
 3023    1442  1687  1443  1295
 3024    2364  1292  1189  1761
 3025    1545  3963  1685   980
 3026     723  4047   682   868
 3027    3963   465  1685   463
 3028    1691  1149  1295  1687
 3029    1685   465  1686   463
 3030    1685  1690  1686   982
 3031    1150  1687  1295  1149
 3032    3143  3735  1772  1791
 3033    2523  3368  1295  1687
 3034    1687  1150  1295  2523
 3035     320  3835  1190  3794
 3036    2361   201   121  2426
 3037     284  2180   706  1660
 3038     704  3085  3931  1660
 3039    2365   598   793   792
 3040    2481  3932  2181  3254
 3041     705  1169   706  3915
 3042     376  1761   682   868
 3043    2807    56  1556  1796
 3044    1442  1295  1297  1527
 3045      55  1796  1526    56
 3046     231  2796  3037  1089
 3047    1251  2621  2113  1886
 3048    1189  1761   682   376
 3049    3580  2237  4051  2950
 3050    1189  1292   682  1761
 3051     377  3287  2364  2890
 3052     377  2890  2364  2362
 3053    3619  3015  4000  2008
 3054    4098  1549  4095  3563
 3055    3805  1546  2210  1994
 3056    1685   982  1686   980
 3057    1296   980  1686   982
 3058    1545   980  1686  1296
 3059    1685   980  1686  1545
 3060    1100  2909  2908  1527
 3061    1670  1671  2213  1669
 3062    3994  1727  3792  1728
 3063    2364   264  1189  2889
 3064     377  1761  1189   376
 3065    2364  1761  1189   377
 3066    2446  1989  2445  3383
 3067    2887  1691  3792  1697
 3068    2890  3287  2624  1094
 3069    2689  2103  1126  2315
 3070    1189  2364   201  2361
 3071    2889   264   682   868
 3072    1189   264   682  2889
 3073     376  1189  2781   682
 3074    2076   736   735   990
 3075     420  3696  2623  2379
 3076     868  2889   122   682
 3077     881   883   882  2744
 3078    2923   121  2361    92
 3079    2362  1096  2361  2923
 3080     120   122   121  2426
 3081    2621   652   983  1479
 3082    1658  2241  1379  1882
 3083     682   868    90   120
 3084     868  2774   122  2889
 3085     983   126  1058  2900
 3086      90    92   121   120
 3087     120  3287    90  2364
 3088      91  2846  2275    92
 3089    2788   199  2613   728
 3090    2364  2361    90   201
 3091    2364  2362    90  2361
 3092    2864  2846   804  2275
 3093    2396  1106  1104  2274
 3094     682  1189   122   120
 3095     682  2889   122  1189
 3096    2395  1105   803  1204
 3097    2623  2792  2624  3850
 3098    1189  2364   122   120
 3099    1189  2889   122  2364
 3100    2364  3287   122   120
 3101    2364   813   122  3287
 3102     262   122   263   120
 3103    2149  2148  3819  3247
 3104     567  2300  2011  2013
 3105      90   201   262  2426
 3106    1373  3314  3916  4027
 3107    3831  1900  3833  1415
 3108    3479  2475  2422  1196
 3109     262   264   263  2889
 3110    2621  2987  1479  2709
 3111     558  2422  2423   150
 3112    2923    91  2361  2363
 3113    1147   686  1148   687
 3114    1728  2522  1091  2532
 3115     263   122  2782   120
 3116    3103   649  3496  3551
 3117     140   868  2781  2774
 3118    2102  2526  2613   728
 3119     180  1415  1043  3480
 3120    2744  2629  3849  2628
 3121     565  2873   566  1092
 3122     999  3386  1739  2175
 3123    1419  3154  3155  2395
 3124    3479  3372  2257   151
 3125    3835  3154  1418  1646
 3126    1419  2395  1418  3154
 3127     263  2889  2782   122
 3128    1764  2198  1894  2197
 3129    3187   565  2297  1695
 3130    1612  2227  2224  1610
 3131      18  2332  4073   322
 3132    3332   442   928  3164
 3133    2395  2846  3154  2275
 3134    2792  3850  2791  1106
 3135     433  1106  1104  3062
 3136    2397  1191  2791  1106
 3137     862  3933  2855    70
 3138    2363  2923  2792  3850
 3139     548   841   550   291
 3140    1729  1696  1695   565
 3141     321  2332   320   322
 3142     200  2363  2397  1191
 3143     823     7   824  3915
 3144     179  2138   178   180
 3145    2300  1729  2297   565
 3146      16    73   426    17
 3147     200  2846  1190  1191
 3148    3994  1728  1091  1729
 3149     558   151  2258   149
 3150     538  3289  2111   537
 3151    1204  1105  3794  3835
 3152     419   120  2782   122
 3153    2257   322  4073  2332
 3154     138   140  2379   813
 3155     263   262  2623   433
 3156    2869   582  3336  2017
 3157     929  3332  3166  3336
 3158    3835   320  2789  3794
 3159    2369  2912  3065  2869
 3160     321   320  1190  1191
 3161    2395  2396   803  2274
 3162     825   321  1190  1191
 3163    3062  2426  2794   262
 3164     825   827  1190   321
 3165     827   825  1190  1191
 3166    2274  2396   804  2864
 3167    3551  4021  3495  2018
 3168    1191  2846  1190  1106
 3169      16   322   426  1419
 3170     263   262  2794   805
 3171    2735  2737  1027  2734
 3172    2274  2396  2864  1104
 3173     826  2923  1095  1096
 3174    2769  4024   735  3283
 3175    2378  3815  2781  2915
 3176     558  2422  3761   530
 3177     990   736   735  3283
 3178     826  2293  1095  2859
 3179    3287   120   419   122
 3180    3287   813   419   420
 3181     122   813   419  3287
 3182     120  3287   419    90
 3183    3643  3350  1400  3351
 3184      90  2361   419   201
 3185    2890  3287   419   420
 3186      90  3287   419  2890
 3187    2362  2361   419    90
 3188    2362   420   419  2361
 3189    2362  2890   419   420
 3190      90  2890   419  2362
 3191    1105  1204  3154  3835
 3192    4100  4156  2726  3621
 3193    1190   827  2395   321
 3194    2788   198  2613   199
 3195    3332  1158   928  3522
 3196    2274  1106  2275  2846
 3197     337   338  2931   339
 3198    1094  2858  2624  3850
 3199     263   120  2782    90
 3200     419    90  2782   120
 3201     263   201  2782  2361
 3202     419  2361  2782   201
 3203     263    90  2782   201
 3204     419   201  2782    90
 3205    1191  1106  2274  2846
 3206    2397  1106  2274  1191
 3207    1264  1280  1281  1265
 3208     805  2864  2794   804
 3209    2789   321  2790   320
 3210    1191   200  2274  2397
 3211    1191  2846  2274   200
 3212    3522  3164   929   442
 3213     805  2426  2396   262
 3214    1716  3284  3286  1717
 3215    1189   264  3587   682
 3216    2274   121  2396    92
 3217     805    92  2396   121
 3218     649  2866  2865   581
 3219    2395  2274   803  2275
 3220     262  2426  2794   805
 3221    2864  1204   804  1105
 3222    1104  2275  2864  2274
 3223      91    92  2396   805
 3224    2274    92  2396    91
 3225    2274    91  2396   200
 3226     805   200  2396    91
 3227    2623   262  2624   433
 3228     419   420  2379  3696
 3229    2865  2018   930  2016
 3230    2022   287   288  4006
 3231     419  2782   433  3062
 3232    2859  2293  2789   804
 3233    2717   127   128  3537
 3234    1104  2846  2864  2275
 3235    4057  3147  4056  4055
 3236    2792  2363   433  2923
 3237    1096  2923   433   121
 3238     262  2426   433  3062
 3239     899   840   316  2211
 3240     263   262   433  3062
 3241    2792   200   433  2363
 3242      91  2923   433  2363
 3243    3062   121   433    92
 3244    2923    92   433   121
 3245    2426   121   433  3062
 3246    2426  1096   433   121
 3247    3062    91   433   200
 3248    2363   200   433    91
 3249      91    92   433  2923
 3250    3062    92   433    91
 3251    1191   827  2293  1190
 3252    2293   827  2789   803
 3253    1106  2864  2789  1104
 3254    2396   805  2864  1104
 3255    3062   262  2794   263
 3256    1001  2174  1147  1281
 3257     321   825  2790    73
 3258    2275  2846  3154  3835
 3259    1190  1106  2791  1191
 3260    2864  2275   804  2274
 3261    2378  2774  2781  3815
 3262    2211   840   822   291
 3263    2792   420  2623   433
 3264    1190  1191  2859  2293
 3265    2791  1191  2859  1190
 3266    2791  2397  2859  1191
 3267    2293  1191  2859  2397
 3268    1168  1546  2992   981
 3269    2395  1204  3154  1105
 3270    2275  2274  1104  1106
 3271     321  1190  3154  2395
 3272    2869   582  2912   580
 3273    2275  1106  1104  2846
 3274    2789    73  3794  2790
 3275    2789   320  2790  3794
 3276    1419  3479   426  3155
 3277    1190  2846  1104  1106
 3278    2395  1190  3154  2846
 3279    2864  1104  2794  3062
 3280    2864  2396   804   805
 3281    1104  1190  2864  2846
 3282    2426   121  2794   805
 3283    2864  2791  2789  2859
 3284    2859  1190  2864  2791
 3285    1104  1106  2864  1190
 3286    2864  1106  2789  2791
 3287    2791  1190  2864  1106
 3288    2275  2274  3154  2395
 3289    2789   825  2790   321
 3290      73   825  2790   827
 3291    2864  2859   804  1190
 3292    2293  1190   804  2859
 3293    2580  2236  3222  3124
 3294     961   963  2824  2459
 3295     804  2274   803  2396
 3296     151  3372  2257   322
 3297    3062   263  2794  2782
 3298    2789  2791  2790  2859
 3299    1190   320  3154  3835
 3300     321   320  3154  1190
 3301     320  3154  2789   321
 3302     992  3522   929  1158
 3303      73  2293  2790  2859
 3304    2789  2859  2790  2293
 3305     804  1204   803  1105
 3306    2395  2275   803  2846
 3307     804  2846   803  2275
 3308    2789  2293  2790   827
 3309    2395  2846   803  1190
 3310     804  1190   803  2846
 3311     601  3128   600  3600
 3312    2293  1190   803   804
 3313    2395  1190   803   827
 3314    2293   827   803  1190
 3315    3062   121  2794  2426
 3316    1104   805  2794  1106
 3317    1104  1106  2794  3062
 3318    3062    92  2794   121
 3319     805   121  2794    92
 3320    3062    91  2794    92
 3321     805    92  2794    91
 3322    1106  2792  2794   433
 3323     433  3062  2794  1106
 3324    2792  1106  2794  3850
 3325    3062   200  2794    91
 3326     805    91  2794   200
 3327     433   200  2794  3062
 3328    2792   200  2794   433
 3329    2792  3850  2794   200
 3330    1106  2858  2794  3850
 3331    2794  2396   200  2858
 3332    3850  2858  2794   200
 3333    2396  2858  2794  1106
 3334    2396  2794   200   805
 3335    2396  1106  2794   805
 3336    2612  3478   626  1269
 3337    2533  3802  1504   809
 3338    3522   442   440   441
 3339     264  2915  3587  3815
 3340     264  2774  3587   868
 3341     150  2422  2423  1196
 3342     929   992   930  2017
 3343    1268  1551  2738  3230
 3344    1990  2251  3166  4090
 3345    2251  3166  2130  3336
 3346     450  2026   451  3149
 3347     929   928   930  3331
 3348     492   491   930  2368
 3349    3164   442  1159  2130
 3350     552  3547   526  2398
 3351    3835  3154  3155  1419
 3352    3712  2399   807   808
 3353    3643   441  3352   440
 3354    3352   441  3874   440
 3355    2370  3165   930  2368
 3356    2398  2399   526   552
 3357    3815  2774  3587   264
 3358    3332   929  3166   928
 3359    3328  2530  2531  2825
 3360     264   419  3587  2782
 3361     263   264  3587  2782
 3362     651  2112  2446  3383
 3363    2252  3537   650  2222
 3364     264  2916  3587  2915
 3365    3587  2774  2781   868
 3366     868   140  2781   138
 3367    2016  2017   930  2370
 3368    2709  2710  1679  3063
 3369     442  3522  1159  2130
 3370    2017  2016  2865   581
 3371    3332  3104   928   992
 3372    4052  2026   451   450
 3373    3336  2251  2548  2130
 3374     451  2026  1986  3149
 3375     652  3383  1479   651
 3376     419   264   421  3696
 3377    1717  2913  3743  2914
 3378    2916  2914  3743  2913
 3379    1717  2773  3743  2913
 3380    2916  2913  3743  2773
 3381     859  2773  3743  1717
 3382    3743  1717  2376   859
 3383     860  2773  3743   859
 3384     860  2749  3743  2773
 3385    2916  2773  3743  2749
 3386     139  4047  3743   860
 3387    2749  4047  3743  2916
 3388     860  4047  3743  2749
 3389     508   507   509   987
 3390     139  2163  3743  4047
 3391     375  1292  3743  2163
 3392     924   511   923   925
 3393     723  2916  3743  4047
 3394     723  4047  3743  2163
 3395     375  1761  3743  1292
 3396    2916  1292  3743  1761
 3397     723  2163  3743  1292
 3398     723  1292  3743  2916
 3399    1795  3289  2758  2598
 3400    2377  2781  2376  3743
 3401     376   868  2781   138
 3402     682   868  2781   376
 3403    3587   868  2781   682
 3404    3587  1189  2781  2364
 3405     377  2364  2781  1189
 3406     682  1189  2781  3587
 3407    1189   376  2781   377
 3408    3541  2360  2901  3817
 3409    3155  2475  3876  1196
 3410     288   664   289  2339
 3411    3691  3494  4049   602
 3412    3350   220  1942  3092
 3413     688  3741  4116  3740
 3414    1264  1266  1147  1001
 3415    1001  1281   687  2174
 3416    3551  3496   588  3046
 3417     442  3522  3164  2370
 3418    1615  1629  2863  1393
 3419    3942  2759  3741  3740
 3420    1739   588  1370  3046
 3421    1990   650  4090   651
 3422     929   442   928  3522
 3423     660  2855   820  1365
 3424    1264   766  1266  1265
 3425     587  3386  3497  2175
 3426    1265   766  1281  1264
 3427    2175    40  1148    41
 3428    1405  1407  1406  2317
 3429    2789   827  2790   825
 3430    3479   322   426  3372
 3431    1400  1739  3352  1000
 3432    2293   827    17    73
 3433    2395  1204  1646  3154
 3434     529    18   530  4073
 3435     580   491   492   493
 3436    1559  1558   492   581
 3437     588  1739  1370   587
 3438     649  1559   492   581
 3439    3794  3835  3155  1419
 3440     803   804  1646  1204
 3441    2258  3128   600   149
 3442     803  1204  1646  2395
 3443     582   580   492   581
 3444     582   491   492   580
 3445    2017   582   492   581
 3446    2017   491   492   582
 3447    2016  2017   492   581
 3448    2016   491   492  2017
 3449    2864  1204  1646   804
 3450     999  1558  1000  1559
 3451     292  3917   599   545
 3452    4073  2257  3761   530
 3453    2536  2245  2537   943
 3454     320   321  2790    73
 3455    4130  2928  1334  1091
 3456      73   827    17   825
 3457     151  3372   558  3479
 3458     193   379   637   916
 3459    3479  1419  3794  3155
 3460    1105  1646  3794  1419
 3461    3154  2395  1418  1646
 3462      18  3372  4073  3479
 3463    1838  1372  4033  2668
 3464    3794  2475  3155  3835
 3465    3835  2475  3155  3154
 3466    3061  2789   426  1105
 3467    2257   151  3761   530
 3468    2257   151   530   529
 3469    2139  2138  2265   179
 3470    2422   149   530  1196
 3471     149  3761  4049  2258
 3472     803  1105  2789   804
 3473    1647  3479  3706  2475
 3474     995   424   159  3061
 3475    3634  3635  3241  2229
 3476     321   827  2789   825
 3477    2395  1105  2789   803
 3478     803   827  2789  2395
 3479    2395   827  2789   321
 3480    1646   803  1418   804
 3481    2395   321  2789  3154
 3482    3154  1105  2789  2395
 3483    3154   320  2789  3835
 3484    3154  3835  2789  1105
 3485    3794  1105  2789  3835
 3486    1646  1105   426  1419
 3487    1419   803  1418  2395
 3488    2395   803  1418  1646
 3489    1419  3154  1418  3835
 3490    3794  3835  1418  1646
 3491    1419  3835  1418  3794
 3492    1646  1105  3794  1204
 3493    3794  1419  1646  1418
 3494    3479  3372   425    74
 3495     825  2332    16   321
 3496    3794  2332    16   322
 3497     321  2332    16   320
 3498     320  2332    16  3794
 3499      16  1105  3794  1419
 3500    1419  3794    16   322
 3501    3706  4073   424  2257
 3502      73  1105  3794    16
 3503    3181  1018  3309  3305
 3504    1105    73  3794  2789
 3505     825   321    17    73
 3506      16   321    17   825
 3507     321   320    17    73
 3508      16   320    17   321
 3509      16    73    17  3794
 3510     320  3794    17    73
 3511      16  3794    17   320
 3512    2370  2368   930  2016
 3513      74   322   425  2332
 3514    3794  3479  3155  2475
 3515     322  3479  3794  3372
 3516    1419  3479  3794   322
 3517    3876  1196  2234  2235
 3518    1378  3602   909  1380
 3519      74    17   425    73
 3520      74  3372   425   322
 3521    3980  3963   981  1168
 3522    2526  2101  2613  2788
 3523    3155  2475   426  3061
 3524    1194  1196  2423  2422
 3525    3061  1105   426  1204
 3526    3832  3830  3688  3834
 3527     601  3600   600   602
 3528    2258   151  3761  2257
 3529    1204  1105   426  1646
 3530    2241  2414  2545  1871
 3531     157   995   159  1040
 3532    2462   953  3552  2464
 3533      16  1419   426  1105
 3534    3876  2475  3706  3479
 3535     558   149  2258  2422
 3536    1040   995  3706  1647
 3537    1196  3479  3876  2422
 3538    1105    73   426    16
 3539    3876  1196  2926  1195
 3540     255  3830  3831  1080
 3541      74  2332   425    16
 3542     425  3372   426   322
 3543     602   149   600   150
 3544    2264   883  2265  1043
 3545    2257  3372  4073   322
 3546      18   322  4073  3372
 3547     606  2264  2265   179
 3548    3740  1200   688  1201
 3549    2001  3877  4089  1713
 3550    3834  3830  3820  3249
 3551    3479  3372  4073  2257
 3552    1411  1432  3081  1680
 3553      18    16  4073  2332
 3554    1196   149   150  2422
 3555    2422   151  3479  2257
 3556     151  2422  3479   558
 3557     425    17   426    73
 3558      16    17   426   425
 3559    3057  2471  1909  2109
 3560      73  2790   426   425
 3561     425   322   426  2332
 3562    1658  1882  1477  2241
 3563      42  1001  4116   687
 3564     424  1196   995  3876
 3565      18   322    74  2332
 3566    1419   322   426  3479
 3567      18  2332    74    16
 3568    2926  2235  4049  1195
 3569    2422  1196   530   529
 3570     607  2165  3633   254
 3571    2258   149   600   602
 3572      18  3372    74   322
 3573    3479  3372    74    18
 3574    1204  1646   426  3061
 3575    1658  2415  1477  2414
 3576    4073  3479    74    18
 3577      73  2789   426  2790
 3578    1602  3672  3927  3926
 3579    3061  1418   159  1646
 3580    2543  1195  4049  1194
 3581    2235  1196   529   149
 3582    2422   149   150   558
 3583     530  2422  3761   149
 3584      41    40    42  2174
 3585    3293    23  3614    22
 3586     941  1432  2311  1431
 3587     941   670   902   903
 3588    2877  2008  2878  3999
 3589    3209  3208  1964  1665
 3590    3139  1815  2193  4110
 3591     602  3600   600  3494
 3592    2258   149  3761  2422
 3593     530   151  3761   558
 3594     149  2423  1196   150
 3595    2423   149  1196  1195
 3596    1195  2423  4049  1194
 3597    2423  1194  1195  1196
 3598     602  3761   600  2258
 3599    2257   149  2258   151
 3600    1700  3976  3960  2233
 3601    1647  2475  3706  3155
 3602    3741  3740  1201  1144
 3603     529  1196   530   149
 3604     558  2422   530   529
 3605    1195  1196  2235   149
 3606     529   151   530   558
 3607      16  2332   426   322
 3608    3155  3479   426  2475
 3609     530    18  3761  4073
 3610    1418  1646   426  1419
 3611    1265   766  3313   764
 3612    2258   558  3761   151
 3613    3085  1171  3084   628
 3614    3430  1619  3646  3375
 3615    1169  3915   931   823
 3616    3761   149  4049   530
 3617    3479  3372   426   425
 3618    3563  2236  1548  1549
 3619    1371  2668  4033  1372
 3620    2927  3691  2988  2836
 3621    1040  1196   995   424
 3622    3061  2475   426  3479
 3623    1713  1795  1712  2599
 3624    1418  1419   426  3061
 3625     425  2332   426    16
 3626     529    74   424   425
 3627    3180  3455  3957  3933
 3628    2102   199  2613   198
 3629     921  2705   468  2706
 3630     548  1767   550   841
 3631    2378   139  2377   860
 3632     529  1196   424  2422
 3633     529  2257   424  4073
 3634     151  2257   424   529
 3635     151  2422   424  2257
 3636     529  4073   424    18
 3637      74    18   424  4073
 3638     529    18   424    74
 3639     529   558   424   151
 3640    2422   558   424   529
 3641    2422   151   424   558
 3642    3061  1646   426  1418
 3643    4108  2034  1936  2529
 3644    1201  2310  1147  2174
 3645    1040   995  1647   157
 3646     765  1275   764  1280
 3647    3478  1268  1269  2612
 3648    3429   424  1829  1675
 3649    1027    34    35  2737
 3650    1040   157   158   159
 3651    1711  1713   510  3877
 3652     529  1196  1040   424
 3653     529  2235  1040  1196
 3654     529  1040  4049   424
 3655     426  3706  3479  4073
 3656     157  2475  1647  3155
 3657    4134  3623  1862  1935
 3658    2034  2033  1936  2529
 3659    2234  1647   158  3706
 3660     995   424  1647   157
 3661     483  1739   482  3046
 3662      74   426   424   425
 3663     355  1041   356  1042
 3664    2453  1869  3602  2804
 3665    3876  1419  3706  3155
 3666     157   424   159   995
 3667    1647   157   158  1040
 3668    2781  2916  2377  2915
 3669    2926  3876  3706  2235
 3670    3706  3876  2234  2235
 3671     157  3155  1647  1419
 3672    1204  1105   159  3061
 3673     483  3497   482   484
 3674    2378   860  2377   859
 3675    1418  1646  1647   157
 3676    3706  3876   158  2234
 3677    1040  3876  3706   995
 3678    3706  1647   158  1040
 3679    3887  3660  1370  2087
 3680     157  1646   159  1418
 3681    1281  1264    41    40
 3682    2234   157   158  1647
 3683     425    74   426  3479
 3684    4073  3479   426    74
 3685    3706  1040   158  3876
 3686     157  1204   159  1646
 3687     157  1419  1647  1418
 3688    3394  1162  2336  3530
 3689    1647  3155  3706  1419
 3690      43  3457  2430  3242
 3691    3061  1646   159  1204
 3692    3876  3155  3706  2475
 3693    1647  1419  3706  1418
 3694    2235  1647  2234  3706
 3695    3743  2916  2377  2781
 3696    2781  2915  2377  2378
 3697    2758  1200  3740  2759
 3698     157  1418   159  1419
 3699    3061  1419   159  1418
 3700     426   159   424  3061
 3701     157  1419   159  3155
 3702    3061  3155   159  1419
 3703     157  3155   159  2475
 3704    3061  2475   159  3155
 3705    1703  3814  3286   861
 3706    3706   424   426   157
 3707    1717   861  3286  1716
 3708    3283  2770   735  2769
 3709     159   426  3479  3061
 3710     157   426  3479   159
 3711     157  2475   159  3479
 3712    3061  3479   159  2475
 3713    4073  2257  3706  3479
 3714    3876  3479  3706  2422
 3715    2257  2422  3706  3479
 3716     995   424  3706  1647
 3717     995  3876  3706   424
 3718    1647   424  3706   157
 3719    2422  3876   424  3706
 3720     426   157   424   159
 3721    3876  2422   424  1196
 3722     484  4028  3887  2087
 3723    2422  2257  3706   424
 3724     157  3706  3479   426
 3725      79  1869  1881  3421
 3726    3706   157  3479  1647
 3727    2234  3876   158  1196
 3728    1040  1196   158  3876
 3729    1040  2234  1196  2235
 3730    2234  1040  1196   158
 3731     147  3070  1267   579
 3732    2378  2915  2377  1761
 3733    2916  1761  2377  2915
 3734    3743  1761  2377  2916
 3735    2378  2163  2377   139
 3736    3723  3572  1192  3190
 3737    2409  2164  3286  1717
 3738    2378  1761  2377   375
 3739     375  2163  2377  2378
 3740    2397  2293   826  2859
 3741    2377   860  2376   859
 3742    3743   859  2376   860
 3743     538   537  2111   389
 3744     887   736   737  2516
 3745    3091  2128  3285  3284
 3746    2377   139  2376   860
 3747    3743   860  2376   139
 3748    2377  2163  2376   139
 3749    3743   139  2376  2163
 3750    2377   375  2376  2163
 3751    3743  2163  2376   375
 3752    2377  1761  2376   375
 3753    3743  1761  2376  2377
 3754    3743   375  2376  1761
 3755    1436  2973  2974  1042
 3756     309  2409  3286  1717
 3757    1716   861  3286  3814
 3758    2377  2378   421  2781
 3759    3283  4024   735   388
 3760    2076   990   735  3388
 3761    3283  3388   735   990
 3762     645  3388   735  3283
 3763    3283   388   735  1624
 3764    3283  3422   735   645
 3765     419  3696   421   420
 3766    3283  1624   735  3422
 3767     308   888  3285  3825
 3768    3825   887   737   991
 3769    3597  2128   737  1623
 3770       1  2173  3285  3284
 3771       1  3825  3285  2173
 3772     308  2994  3285   888
 3773    3284  2994  3285   308
 3774    2410   308  3285  3825
 3775    3284   308  3285  2410
 3776       1  1586  3285  3825
 3777    3284  1586  3285     1
 3778    2410  1586  3285  3284
 3779    2410  3825  3285  1586
 3780    2409  3814  3286  2164
 3781    1703  2164  3286  3814
 3782    1717  2164  3286  1703
 3783    2516  2128   737   991
 3784    2516   991   737   887
 3785    2516   736   737   644
 3786    2516   644   737  2128
 3787       3     2   737   736
 3788    2128     2   737     3
 3789       2  2128   737   644
 3790       2   644   737   736
 3791     735  3388  2129  2076
 3792    3597  2076  2129  3388
 3793     735  1624  2129  3422
 3794    3597  3422  2129  1624
 3795     735   645  2129  3388
 3796    3597  3388  2129   645
 3797     735  3422  2129   645
 3798    3597   645  2129  3422
 3799    3587   264   421   419
 3800    2781  2364   421  3587
 3801    2378   140   421  2781
 3802    2378  3696   421   140
 3803    3210  3951  1862  1852
 3804    2364   264   421  3587
 3805    2364  3696   421   264
 3806     377  2364   421  2781
 3807     377  3696   421  2364
 3808     140   138   421  2781
 3809     140  3696   421   138
 3810     376   377   421  2781
 3811     376  3696   421   377
 3812     138   376   421  2781
 3813     138  3696   421   376
 3814    2791  2397   826  2859
 3815     200  2397   826  2274
 3816    2791  1106   826  2397
 3817     946  3355  3921  3922
 3818    2396  2274   826  1106
 3819    2397  1106   826  2274
 3820     419   122  2379   813
 3821    2889   122  2379   419
 3822     138   376  2379  3696
 3823     813   376  2379   138
 3824    2364   264  2379  3696
 3825    2889   264  2379  2364
 3826    2364   813  2379   122
 3827     122  2889  2379  2364
 3828     377   813  2379  2364
 3829    2364  3696  2379   377
 3830     376   813  2379   377
 3831     377  3696  2379   376
 3832    2379   813  2623   420
 3833    2791  1106  1095   826
 3834    2791  2858  1095  1106
 3835     200  2363  1095   826
 3836     200  2858  1095  2363
 3837    2396  1106  1095  2858
 3838     826  1106  1095  2396
 3839    2396  2858  1095   200
 3840     826  2396   200  2274
 3841    2396   826   200  1095
 3842    2792  1096  1094  3850
 3843    2890  1096  1094  2362
 3844    2623   813  2624  3287
 3845    4055  1170   547  4045
 3846     433  1096  1094  2792
 3847    2362  1096  1094  2361
 3848    1094  3850  2624  2792
 3849     433  2426  1094  1096
 3850    2094  2237   962  3873
 3851    2361  1096  1094  2426
 3852     263  2361  2623   262
 3853    2782   263  2623   433
 3854    2361   420  2623  2362
 3855    2782  2361  2623   263
 3856     419  2782  2623   433
 3857     433   420  2623   419
 3858     419  2361  2623  2782
 3859     419   420  2623  2361
 3860    2362  2890  2624  1094
 3861    2623  2890  2624  2362
 3862    2623  2361  2624   262
 3863    1094   433  2624  2426
 3864     262  2426  2624   433
 3865    2361  2362  2624  1094
 3866    2623  2362  2624  2361
 3867    2361  2426  2624   262
 3868    1094  2426  2624  2361
 3869     629   224  1661   960
 3870    1796  1686  1529  1296
 3871     824   628  3084  1171
 3872    1175  3977  3468  1174
 3873     980  1545   981  1546
 3874     753  1368  1824  2924
 3875    3805  3413  2210  1546
 3876    3263  2825  3328  1696
 3877    2825  3263  3328  2530
 3878     463   465   464  1070
 3879     464  2482  2180  2181
 3880    4055  3147   547  1170
 3881    2602  2609   337  2069
 3882     595   316   314   594
 3883     873   704   705  1660
 3884    4045  1171  3084  3085
 3885    2931  3786  1781   339
 3886     338   794  1991   339
 3887    2807  1545  2209  1685
 3888    2297   295  3328  1695
 3889    4097  1043   882  3007
 3890     962  2093   963  3294
 3891    1722  2496  1940  3281
 3892       7  3915  2992     8
 3893     596   753  1824   594
 3894    3917   545   292   546
 3895    3070  3160  3309  1930
 3896    2212  3071   862    70
 3897    2925   546   547   545
 3898    3051  1081  3574  1881
 3899    3576  3574  3421  1881
 3900    2273  3281  2687  2875
 3901    2603  3922  2068  2601
 3902     594  2205  1824   596
 3903     873     7   931  3915
 3904    1343  1564  1439  1562
 3905    2255  1167  1140  1699
 3906    2170  2172  3347  3552
 3907     123   125   124   577
 3908    3070  3305  3309   579
 3909    1017  1930  3309  1018
 3910    3147  2954   597  4056
 3911    1017   125  1019   577
 3912      70  3071   862  3101
 3913     594   316   315   596
 3914    2684   192  3387   191
 3915     315  1768   314  1767
 3916     315   841   550  1767
 3917    3596   900  2206  1823
 3918    3308   579  1797   578
 3919     144  3690  1547  4095
 3920    1699  3932  3254  2254
 3921    3959   172  1134   174
 3922    3306  2904  3307   839
 3923    1238  3504   792  1766
 3924    1766  3917  3393  1768
 3925     792  1238  2367  3504
 3926    3076   578   455   579
 3927    3180   661  3181   659
 3928    4056  3147  1766  3504
 3929     546   547  4056  2954
 3930    2903   840   820   839
 3931    2855  3933  3161  3957
 3932    3181  3308  3305  3306
 3933     661   659  3180  3455
 3934     921  2527  2705  3090
 3935    3181   579  3305  3308
 3936    1018  1930  3309  3160
 3937     920   921   468  2706
 3938     840   291   839   841
 3939    3307   839  1404   291
 3940    3455  2904  3306  3180
 3941    3180  2904  3306  3181
 3942    3966   234  3965   170
 3943    1505  1674  1506  1673
 3944     627  1368  1367  1172
 3945    1311  1209  1133  2497
 3946    1698  4057  2366  3148
 3947    1404  3307   168   166
 3948     840  2904   839  2903
 3949    1018   579  3309  3305
 3950    3070   579  3309  1018
 3951    3180  3308  3306  3455
 3952    3181   661  3305   659
 3953     579   659  3305   661
 3954    3926  3374   621   623
 3955     123   125  1019  3137
 3956    1823   290  2206   291
 3957    3309  3070  1019   123
 3958    3160  4127  3309  1018
 3959    3070  4127  3309  3160
 3960    3070  3631  3309  4127
 3961    1018  3631  3309  3070
 3962    1018  4127  3309  3631
 3963    3462  2755  1506  1999
 3964     171  2115  3966   170
 3965    1453  2298  1936  2382
 3966    3137  1017  1019  3138
 3967     863  3525  2745   167
 3968      72   168    70   166
 3969     627  1171  1172  4045
 3970    4127  1017   202  1930
 3971    2788   760   413  3365
 3972    3408  3409   625  2610
 3973    2102   728  2613   199
 3974     757  3190  1515   758
 3975    3180   659  3957  3455
 3976    2068  2603   722  3508
 3977     291   290  2206  2211
 3978     455  3076   174   173
 3979     577   125   202  3631
 3980     148   577   202   124
 3981    3070  4127   147  3631
 3982     124  4127   147  1017
 3983     124   123   147  3070
 3984    1017   123   147   124
 3985    1017  1930   147  3070
 3986    1017  4127   147  1930
 3987    1019  1017   147  3070
 3988     123  1017   147  1019
 3989    1019  3070   147   123
 3990    3160  4127   147  3070
 3991    3160  1930   147  4127
 3992    3070  1930   147  3160
 3993    3348   954  3358  1976
 3994     290   900   596  1823
 3995    2855  1365   549  3161
 3996     562   563  1116  2065
 3997    1768  2205   314  3596
 3998    1132   801  1780   802
 3999    3028   909  2898   910
 4000    2412   476  2411  2143
 4001     223   224  1952   629
 4002    2211   900   899   290
 4003     290   292   900   545
 4004     841   292   900   290
 4005     168   166   899  1404
 4006    4127   661  3998  3160
 4007    1934  3232  2614  1936
 4008    3306  3307   168  1797
 4009    3306  2904   168  3307
 4010    2903   166   168  3307
 4011    3307  2904   168  2903
 4012     292   545   599   752
 4013    2365   598  2367   599
 4014     841   292  1767   900
 4015     548   291   550   596
 4016    1823  2205  2206  3596
 4017    3192  3773   592  1943
 4018    2212  3071    70    72
 4019    2411  1763   333  2493
 4020     722   946   721   944
 4021    3076  3826   455  3959
 4022    2205  2925  3596   545
 4023     900   545  3596  2925
 4024    2573   954  1888  3272
 4025     752   594   314   753
 4026    3101  1365   549  3307
 4027     292   545  3596   900
 4028    2205   545  3596   292
 4029     193   378  3288   379
 4030    2816  3769  1547   144
 4031     824   224   629   823
 4032    3435  4096  3782  2608
 4033    1823   900   596  3596
 4034    2206  1823  3101  3071
 4035    2211   166  2212   899
 4036    3455   659   660   661
 4037    3525   579   863  3957
 4038     704  1660  3931  1661
 4039    3307   839   316  1404
 4040    3472  3471    66    64
 4041    3307   166  2212  2903
 4042    1404   166  2212  3307
 4043    2211  2206  3071  2212
 4044     899  2211  3071  2212
 4045    3181   659  3957  3180
 4046    3305   579  3957   659
 4047    1404   899  3071  2212
 4048    3305  3181  3957  3933
 4049    3307  1404  3071  2212
 4050    2212  1365  3071  3307
 4051    3305   659  3957  3181
 4052    3933   579  3957  3305
 4053    3933  3631  3957  3525
 4054      72   166    70  2212
 4055    3524   316   595  4081
 4056    3305  3181  3998   661
 4057    3180  3181  3998  1018
 4058    3181  3180  3957  3933
 4059    3525   579  3957  3933
 4060     594   900   596   290
 4061    3827  3525  3826   863
 4062      70  3525   862  3933
 4063    4096  1991  3435   794
 4064    3563  4143  3562  3564
 4065    1132   802   564   794
 4066     578   579  3933  3181
 4067    3525   579  3933   578
 4068    3181   579  3933  3305
 4069    1018  3181  3998  3305
 4070    3161  1365   549  3524
 4071    2211  2206  3101  3071
 4072     596   291   315   594
 4073     899  2211  3101  3071
 4074    1238   315   550  3393
 4075    3071  1365  3101  3307
 4076    1404   899  3101  3071
 4077    3307  1404  3101  3071
 4078    3161  2903  3524  2904
 4079      70  3308  2855   862
 4080      72  1797    70   168
 4081      72  3308    70  1797
 4082    3524  4081   595  3101
 4083     821   316   548  4081
 4084    2065  3810  3564  3707
 4085      70   166   862  2212
 4086    3504  4056  2367   546
 4087     291   290   596  1823
 4088      70   168   862   166
 4089    1311  1117  1133  1116
 4090    3524   862   595   316
 4091      70  1797   862   168
 4092     315  1768  3393   314
 4093      70  3308   862  1797
 4094     752   545   599  2925
 4095     598  3917   599   292
 4096    1404   840   316   899
 4097    4081   839   316  3307
 4098    3393  1768   550   548
 4099    2365  1368  2367   546
 4100     548  1768   550  1767
 4101     548   316   550  4081
 4102     820   822   821  1365
 4103    3160  1930  3998  1018
 4104    1767   822   821  1768
 4105    3160   661  3998  1930
 4106    3180  3455  3998   661
 4107    1018  1930  3998  1017
 4108    1132   563   801  1133
 4109    3161   862  3524  3933
 4110     839   840   316  1404
 4111    4081   840   316   839
 4112    4127  3631  3998   661
 4113    1018  3631  3998  4127
 4114    3305   661  3998   579
 4115    3305   579  3998  1018
 4116     578   456  1267   616
 4117     148   124   202  1135
 4118    3524  3101   595   862
 4119    2855  3308  3161   862
 4120    3524  4081   549  3161
 4121    2904  2903   660  2855
 4122    2904  3455   660  2903
 4123    3957   659   660  3455
 4124    2855   659   660  3957
 4125    2855  3306   660  2904
 4126    3455  2904   660  3306
 4127    3957  3933   660  2855
 4128    3957  3455   660  3933
 4129    3306  3308   660  3455
 4130    2855  3308   660  3306
 4131    3933  3455   660    72
 4132      72  3455   660  3308
 4133    3933    70   660  2855
 4134    3933    72   660    70
 4135    2855    70   660  3308
 4136      72  3308   660    70
 4137    2212  1365  3524  3071
 4138    3161  2904  3524  3306
 4139    2904  2903  3524   168
 4140    2212   166  3524  2903
 4141     862   166  3524  2212
 4142     168  3306  3524  2904
 4143    3161  3306  3524  3308
 4144    3161  3308  3524   862
 4145     862   168  3524   166
 4146    2903   166  3524   168
 4147     168  1797  3524  3306
 4148     862  1797  3524   168
 4149    1797  3308  3524  3306
 4150     862  3308  3524  1797
 4151     549  1365   821   822
 4152     547  1368  2924  1170
 4153    2206  1823   595  3101
 4154     316  1823   595  2206
 4155    1404   899   595  3101
 4156     316   899   595  1404
 4157    2211  2206   595  3101
 4158     316  2206   595  2211
 4159     899  2211   595  3101
 4160     316  2211   595   899
 4161    1172  1368  1367  1170
 4162     315  4081   550   316
 4163    1823  3101   596   595
 4164     627   628  1172  1171
 4165    2924  1368  1172  1170
 4166     223  2953  1952  1951
 4167    3504   546  2367  2924
 4168     316  1823   596   595
 4169    2366  2365   793  2768
 4170    1767   841   314   315
 4171    1238   315   792   550
 4172     316   595   596   594
 4173     547  4055  4056  3147
 4174    3769  3690   144  3186
 4175     314   598   792   315
 4176    3142   219  3446   218
 4177     824   628   629  3084
 4178    3084   224   629   824
 4179    3084  3085   629   224
 4180     628  3085   629  3084
 4181     223   629  1952   628
 4182    3504   598  1766   599
 4183    2924  1368  1824  2205
 4184     596  2205  1824  1823
 4185    2065  1208  1116  1210
 4186      55  3368    56  1687
 4187    2205  2925  2924  3596
 4188     547   546  2924  1368
 4189    2925   546  2924   547
 4190    1768   292  1767  3917
 4191    3161  1365   820  2855
 4192     660  3455   820  2903
 4193    1140  3932  3931  2481
 4194     628   629  1952   627
 4195    4045  4055  1172   627
 4196    4045  1170  1172  4055
 4197    2925   753  1824  2924
 4198    2924  2205  1824  2925
 4199     907   562   801  2064
 4200    2412   476  3801   478
 4201    1139   628  1141  3085
 4202     314   315  1238  3393
 4203     960   629   223   628
 4204     594  3596   314  2205
 4205     792  3504  2367   598
 4206     753  2925  1824   545
 4207    2205   545  1824  2925
 4208    1951   547  2953  1170
 4209     292   545  1824  2205
 4210     753   545  1824   292
 4211    2954   627  2953  1172
 4212     547  1170  1367  1368
 4213    2903  2855   820   660
 4214     547  1368  1367   546
 4215    1172   627  1951  1367
 4216    2954  2953   223   960
 4217    1170  1172  1951  1367
 4218    1951   752  2953   599
 4219     546   547  1951  1367
 4220    3148  3147  2367  3504
 4221    1367   547  1951  1170
 4222    1208  1210  2497  1117
 4223    3564  2065  1133   563
 4224     752  2925   599  2924
 4225     841  3917  1767   292
 4226    2954  1172  2953  1170
 4227    1951   753   752  1367
 4228    2254  3085  1141  1698
 4229     753  1368   752  1367
 4230    3124  2236  1548   145
 4231    1367  1951   599   752
 4232    2954  1170  2953   547
 4233    1172   627  2953  1951
 4234    2924  1368   752   753
 4235     314   315   792  1238
 4236     292   545   752   753
 4237     546   547  2953  1951
 4238    2954   627  1952  2953
 4239     753  2925   752  2924
 4240    2954   547  2953   546
 4241     753   545   752  2925
 4242    2949  2237  2238  2950
 4243    3101  3307   549  4081
 4244    3524  1365   549  3101
 4245    3772  2566  2567  1145
 4246    1169   823   931  1140
 4247    1574   858  3549  1250
 4248    1140  2481  3931  1660
 4249    1699  2254  3931  3932
 4250    3978  3736   593  3192
 4251     956   959  3772  2566
 4252     822  1365   820   840
 4253    3790  1209  2659  1117
 4254     599  2925  1766  2924
 4255    3147  1170  2954   547
 4256     223   628  1952  1171
 4257    1598   110  3913  3911
 4258    2768  2366   597   793
 4259    2180   284  3931  1660
 4260    1132   562   801   563
 4261    1661  1217  3931  3932
 4262    3782  4096  3875  2608
 4263     960   628   223  1171
 4264     960  1171   223  4045
 4265     960  4045   223  4055
 4266     627  1171  1952   628
 4267    4045  1171  1952   627
 4268     223  1171  1952  4045
 4269    4055   546  4056  4057
 4270    4055  4045  1952   627
 4271     223  4045  1952  4055
 4272     285  2992  2350   286
 4273     465  3963   981   463
 4274    1167  2254  1699  2255
 4275    1167  3085  1169  2254
 4276    3084  2254  1169  3085
 4277     824  3915  1169   823
 4278    1101  1335    57    55
 4279    3980   463   981  3963
 4280     960  2954  1661  1217
 4281    1297  1727  2887  1295
 4282    1768   900  1767   292
 4283    2254  3085  1698  4057
 4284     599   598  1766  3917
 4285    2254  3085  4057  4055
 4286    3504   546  1766  4056
 4287    1168  1167  1169  2992
 4288     465   463   981  1546
 4289    1167  3915  1169  2992
 4290     455   456   616   167
 4291     824  2254  1169  3084
 4292    1546  1168  2992     8
 4293       6  3443   608   610
 4294    2925   545  1766   546
 4295    3393   548   550  1238
 4296    1139  2254  1141  1699
 4297     546  4055  4056   547
 4298     548   596   550   316
 4299     546   545  1766  3917
 4300    4045  3085  4057  1171
 4301    4055  3085  4057  4045
 4302     594  2205   314  1824
 4303    2079  3681  3163   410
 4304    1167  1168  2255  2992
 4305    1139  1699  1140  3254
 4306    1699  1139  1140  1141
 4307       7  1167  2992  3915
 4308    1167     7  2992  2255
 4309    2924   546  1766  3504
 4310    3911   211  3447  2906
 4311    1171  3085  1698   628
 4312    4057  3085  1698  1171
 4313    1169  2254  1699  1167
 4314    3254  1139  2481  1140
 4315    1169   824  1699  2254
 4316    1768   821   548  3393
 4317     315   594   314   316
 4318    3148  2365  2366  2367
 4319    4057  3147  3148  1698
 4320     960   224   225   223
 4321     218  1555  1312  1794
 4322    1167  1169  1140  1699
 4323    4055  3147  3148  4057
 4324     981   465  1994  3963
 4325    2255  3980  2482  1168
 4326    1172   627  3148  2954
 4327    2768  1698  2366  1141
 4328     285     8  2350  2992
 4329    1660  1217  3931  1661
 4330    1172  4055  3148   627
 4331    1170  1172  3148  2954
 4332    2954  3147  3148  1170
 4333    3932  2254  3931  3085
 4334    1170  4055  3148  1172
 4335    1170  3147  3148  4055
 4336    3596   292  1768  2205
 4337    3504   599  2367   598
 4338    3596   900  1768   292
 4339    1767  3917  1766  1768
 4340     316   840   822  2211
 4341    1699  3932  1140  3254
 4342    3254  2254  1139  1699
 4343     839   840   820  1365
 4344    2365   546  2367  4056
 4345     223  2954  2768  1952
 4346    1441  3963  1994  1685
 4347    1139  3085  1141  2254
 4348    1238  3393  2367  3504
 4349    3147  4056  2367  3504
 4350    2365  3147  2367  3148
 4351    2481  3932  3931  2181
 4352     599   545  1766  2925
 4353    3307   839   820  1365
 4354    2903   839   820  3307
 4355    3161  2903   820  3524
 4356    3524  1365   820  3161
 4357    2212  3307   820  1365
 4358    2903  3307   820  2212
 4359    3524  2212   820  1365
 4360    2903  2212   820  3524
 4361    3393  3504  1238  1766
 4362    3911  2906  3447  3141
 4363    3307   839   549  4081
 4364    3307  1365   549   839
 4365     839   840   549  4081
 4366     839  1365   549   840
 4367     822   840   549  1365
 4368    4081   840   549   822
 4369    1768  3504  3393  1766
 4370    2365  1238  2367   792
 4371    3393   315   550  1768
 4372     821  1767   548   841
 4373    2365   599  2367  1368
 4374     821  1768   548  1767
 4375    1767  1768   550   315
 4376     821  4081   548   549
 4377    1767  1768   314   900
 4378    1768  3596   314   900
 4379     594   900   314  3596
 4380     291   594   314   315
 4381     315   841   314   291
 4382    1767   900   314   841
 4383     291   290   314   594
 4384     291   841   314   290
 4385     290   900   314   594
 4386     290   841   314   900
 4387    1767   841   821   822
 4388     823   824  1660  1140
 4389     549   822   821  4081
 4390    2481  2181  3931  1660
 4391     822   841   821   291
 4392     822   316   821  4081
 4393    2211   291   821  2206
 4394     822   291   821  2211
 4395    2211   316   821   822
 4396    2211  2206   821   316
 4397     548  4081   550   549
 4398    1768  2205  3393   314
 4399    1768   292  3393  2205
 4400     821   841   548   291
 4401     316  1823   548   596
 4402    1823   291   548   596
 4403    2206   316   548   821
 4404    2206  1823   548   316
 4405    2206   291   548  1823
 4406     821   291   548  2206
 4407    2365  4056  2367  3147
 4408    2481  1140   931  1660
 4409    1766  3917  1238  3393
 4410    1661  3932   225   224
 4411     314  2205  1238  1824
 4412    3393  2205  1238   314
 4413    3393  3917  1238   292
 4414     874  2992   872     8
 4415    3911  1794  3447   211
 4416    3393   292  1238  2205
 4417    1824  2205  1238   292
 4418     314  1824   792   753
 4419    1238  1824   792   314
 4420     752   598   792   314
 4421     314   753   792   752
 4422    1766  3917   792  1238
 4423    1766   598   792  3917
 4424    1824   292   792   753
 4425    1238   292   792  1824
 4426     752   292   792   598
 4427     752   753   792   292
 4428    1238  3917   792   292
 4429     598   292   792  3917
 4430    3904  1208  2497  1117
 4431    1993  1441   286  1994
 4432    2953  2954   597   599
 4433    1218  1217   597  2954
 4434     599  1367  2365  1951
 4435    1367   546  2365  1951
 4436     599  1368  2365  1367
 4437    1698  3085  1141   628
 4438    2993     8     9     7
 4439    1367  1368  2365   546
 4440    2924  1368  2367   599
 4441    3254  3085  1139  2254
 4442    2254  3932  3254  3085
 4443    3085  3932  3254   224
 4444    2824  2237  3708  3873
 4445     627  4055  2768  1952
 4446     960   704   225  1661
 4447    1952  4055  2768   223
 4448     793   599   597   598
 4449     628  3085  1139   629
 4450    3085   224  1139   629
 4451    3254   224  1139  3085
 4452    2768  4057  2366  1698
 4453    2768  2954  2366   627
 4454    3148   627  2366  2954
 4455    4057  4055  2366  3148
 4456    2768  4055  2366  4057
 4457    2768   627  2366  4055
 4458    3148  4055  2366   627
 4459     284  1169  2180  1167
 4460    2255  1168  2482  2992
 4461    1140  2482  2481  2255
 4462    1140  3932  2481  3254
 4463     963  2237  2824  3873
 4464    1699  1169  1140   824
 4465     823   824  1140  1169
 4466    1218  2768   597   793
 4467     284  2255  2180  2482
 4468     629   224   931   823
 4469    1140  2255  2481  1167
 4470    2181  2255  2180  1167
 4471    2181  2482  2180  2255
 4472    1167  1169  2481  1140
 4473    2954   546   597  4056
 4474     981  3963  1994  1441
 4475     115  3188  3226  1922
 4476     464  2992   872   874
 4477    1661   704   225  3932
 4478    2600  4141  3682  3719
 4479     284  2482  2180   464
 4480     981  1546  1994   465
 4481    1993  1070  1994   465
 4482    1441  1686  1994  1296
 4483     465  1296  1994  1686
 4484    1685  3963  1994   465
 4485    1661  3932  3931   704
 4486    1168  3980   464  1070
 4487     546  2954   597  2953
 4488    1685  1686  1994  1441
 4489    1070   465  1993   463
 4490    1218  2954   597  2768
 4491    2992  1168   464  1070
 4492    3980   463   464  1070
 4493    2482   463   464  3980
 4494    3148  2365   793  2366
 4495     793  1951   597   599
 4496    2366  2954   597  3148
 4497    3980  1070  1993   463
 4498    1145   573   113   732
 4499    2992  1070  1993  1168
 4500    3254  3932  1218  1217
 4501    1168  1070  1993  3980
 4502    1660  2181  3931  2180
 4503     284   464  2180  1070
 4504    2482  2481  2181   464
 4505     286   284  2180  1993
 4506    3809  2950  4051  2237
 4507    2481  2482  2181  2255
 4508    1167  1169  2181  2481
 4509    2481  2255  2181  1167
 4510    1556  2807  2209    56
 4511    1994   465   286  1993
 4512    1993   465   286   463
 4513     284  1070  2180  1993
 4514    2009   705   706   872
 4515    2181  1070  2180   464
 4516    3708  3809  3810  3873
 4517     463  3980   286  1993
 4518     464  1070   872  2992
 4519    2009  2946  2350   286
 4520    3980  1168   286  1993
 4521     705  2180   706  1169
 4522    1168  2992   286  1993
 4523     284  1169   706  2180
 4524     793   546   597  1951
 4525     705   873  2993   874
 4526    2366  3148   597   793
 4527    2953  1951   597   546
 4528    3147  4056   597   793
 4529    2768  2954   597  2366
 4530     793  4056   597   546
 4531    1139  3254  1218  1217
 4532    2768  3254  1218  1139
 4533     223  2954  1218  2768
 4534    1141  1139  1218  1217
 4535    2768  1139  1218  1141
 4536     960  2954  1218   223
 4537     960  1217  1218  2954
 4538    2768  4055  1218   223
 4539    1141  1217  1218  1698
 4540    1141  1698  1218  2768
 4541     960  4055  1218  1217
 4542     223  4055  1218   960
 4543    4057  4055  1218  2768
 4544    4057  1217  1218  4055
 4545    1698  4057  1218  2768
 4546    1698  1217  1218  4057
 4547    3922  3355  2068   946
 4548    3084  2254  1660   824
 4549    1140   824  1660  1699
 4550     873   225   705   704
 4551    3084  3085  1660  2254
 4552    2992  1993  2009   286
 4553     824  2254  1660  1699
 4554     704  1660   931   823
 4555    2365   546   793  1951
 4556    2180  2181  3931  3932
 4557    2365  4056   793   546
 4558    2330  2331  3913  3912
 4559    3148  3147   793  2365
 4560     704  3932  3931  3085
 4561    3147  4056   793  2365
 4562    1199  1198  1553  3145
 4563    3148  3147   597   793
 4564    3148  2954   597  3147
 4565    1660  3084   704  3085
 4566     225   823   931   224
 4567    3773   112  1943  3668
 4568    1169  2181   931   873
 4569     873  3915   931  1169
 4570     824  3084   704  1660
 4571      62  3127    61    63
 4572     955  3809  3708  2459
 4573     823   824   704  1660
 4574     823  3915   931     7
 4575    3254  3932  1661   224
 4576     224   629  1661  1139
 4577     628   629  1661   960
 4578    3254   224  1661  1139
 4579    1139  1217  1661  3254
 4580     629   628  1661  1139
 4581     960  1171  1661   628
 4582    1139   628  1661  1141
 4583    1141  1217  1661  1139
 4584    4045  1171  1661   960
 4585     628  1171  1661  1698
 4586    1698  1217  1661  1141
 4587    1141   628  1661  1698
 4588    4057  1171  1661  4045
 4589    4055  4045  1661   960
 4590     960  1217  1661  4055
 4591    4057  1217  1661  1698
 4592    1698  1171  1661  4057
 4593    4057  4055  1661  1217
 4594    4045  4055  1661  4057
 4595    1660  2254  3931  1699
 4596    1699  1140  3931  1660
 4597    1699  3932  3931  1140
 4598     225   224   931   873
 4599    2181  2481   931  1660
 4600    3785  1991  3768  3186
 4601     873  1660   931   704
 4602     955   958  3708  3809
 4603    1994  3805  2348   285
 4604    3244  1149  1297  1691
 4605    3912  2331  3978  3979
 4606    3580  3787  2567   958
 4607    3544  3545  3912  3979
 4608     704  3085   225  3932
 4609     224  3932   225  3085
 4610     823   824   225   704
 4611     823   224   225   824
 4612     704   225   931   873
 4613     704  3084   225  3085
 4614     224  3085   225  3084
 4615     824  3084   225   704
 4616     824   224   225  3084
 4617    2208  1546  2210  3413
 4618    2807  3805  2209  2210
 4619    1169  1140   931  2481
 4620    2181  1660   931   873
 4621    1169  2481   931  2181
 4622    3980   463  2208  1546
 4623    1994  1546  2210   465
 4624      56  1556  1526  2909
 4625      55    56  1526  2909
 4626     284   286   285  2946
 4627    1796    55  2807    56
 4628     872  2946   706  2009
 4629    1557  3413  3414  1545
 4630    2831   524   525   829
 4631    1546  3413     9     8
 4632     874   873   872   705
 4633    1529  3413  2349  1546
 4634    3822  3127  3126    62
 4635    1660  2180   873  2181
 4636    2992  2482  2993   464
 4637    1169  2181   873  2180
 4638     874   873  2993   931
 4639    3069  3719  3682  4141
 4640    2009   286  2350  2992
 4641     873  1660   705  2180
 4642    2208   465   285  2210
 4643     873  3915   705     7
 4644     873  2180   705  1169
 4645     285  3805  2348  2350
 4646     873  1169   705  3915
 4647    1166  2743  1334    57
 4648    3822  1555  1794  3127
 4649    3142  3143  3446  3997
 4650    3873  2237  3708  3809
 4651    3544  3545  1553  3500
 4652    2093  1944  3158  2567
 4653    2208  3413     9  1546
 4654    1686  1545  2807  1685
 4655    2826   295  3328   567
 4656    3047  1463  1462  1921
 4657    2993   874     9     8
 4658    1296  1545  1796  1686
 4659    1546     8     9  3980
 4660     698  2743  1166    57
 4661     962  3294   963  2237
 4662    3680  3008  2386  3978
 4663    1454  2949  3573  1455
 4664      63  3545  4139    61
 4665    1081  3633  1881  3050
 4666    1546   463  2208   465
 4667    2065  4036  1116  3709
 4668     954  1434  1976  3920
 4669    1690  1687    56  3368
 4670      56    55  1527  2909
 4671    1654  3060  3219  1921
 4672    3692  1793  3226   950
 4673    1527  1687  1442  1295
 4674    3544  3141  3447  2906
 4675    1295  1691  2887  1297
 4676     567  2825  3328  2826
 4677    2300   295  3328  2297
 4678    4001  2532  1166  2522
 4679    1690  3368  1556   982
 4680      56  3368  1556  1690
 4681    1198  1197   964   965
 4682    1691  2152  2743  1102
 4683    1125  1598  1124  2104
 4684    1166  1102  1334  2743
 4685    1166  3763  1334  1102
 4686    1529  2909  1442  1527
 4687    1456  1455  1454  1636
 4688     733   732   731  3008
 4689    1101  1100    57  1335
 4690    2941  1727  2887  2522
 4691    2210  1994   285  3805
 4692    1757   115  2314  3226
 4693    2946  3915   706  1169
 4694    1653  1950   116   412
 4695    3668   959  1943  2566
 4696    3950   573   111   113
 4697    2871  1921  3219  3060
 4698    2946   284   706  1660
 4699    2210  3805  2009   872
 4700     733    58  2761    60
 4701      39  3058  1784  3057
 4702       7   873  2993   705
 4703      62  3668   959  3126
 4704    2210  3805  3414  3413
 4705    1527  3244  1297  1442
 4706    3192  2331  2329  3978
 4707     284  1660  2946  3931
 4708    1461  3049  3682  2600
 4709    3226  3692   915  2314
 4710    3680  3979  3978  4139
 4711    3773  3008  2386  3680
 4712    1994   465   285   286
 4713    3935  3666   116   114
 4714     705  1660   706  2180
 4715    3126  3823   959   956
 4716     964  1198  1553  3822
 4717    1943  3773   592   112
 4718    1697  1727  2887  2941
 4719    1796  3805  2348  2807
 4720    2386  3008   957  2460
 4721    3219  1921   116   412
 4722    1099  1097  2740  1542
 4723    3810   963  3707  2824
 4724      61  3545  4139  3979
 4725    2946   286  2009  1993
 4726      56  1796  1526  1556
 4727    1528  1686  1529  1685
 4728     285  1441  2348  1994
 4729    1529  1546  2349  1528
 4730    3787   958   959   956
 4731    2348  1546  2349  3413
 4732    3668  3823   959  3126
 4733     964  3822  2387  3912
 4734    3773  3668  1943  2566
 4735    3008   956   957   732
 4736    2807  1685  1529  1686
 4737    2870  3948  3032  1463
 4738    1792  3692  3227  3228
 4739    1757   786  1288  1771
 4740    1921  3047   412   410
 4741    3048   411   412   410
 4742    3219  3935   116   114
 4743    3668  3773  3772  2566
 4744    1794  3127    61   211
 4745    3545   211    61  2906
 4746    1794   218   219   211
 4747     471  2110  2764  2891
 4748    2009  2992  2350     8
 4749    3911  3448  3446  3447
 4750    2330   110  3913  1598
 4751     209  3974  1992  2063
 4752    1555  3127    61  1794
 4753    1794  3545    61  1555
 4754     903  1412  2291  1414
 4755    3773  4139  3680    63
 4756    3072  3075  2693  2491
 4757     872  1993  2992  1070
 4758     872  2992  2009     8
 4759    1993   872  2992  2009
 4760     705   704   706  1660
 4761     286  1993  2946   284
 4762    2825   699  1165  2826
 4763     872  1070  2946  1993
 4764     284  1993  2946  1070
 4765    1527  2909  1442  1545
 4766     872   874  2946   464
 4767     872   874   706  2946
 4768    1994  1441  2348  1546
 4769     872   464  2946  1070
 4770     284  1070  2946   464
 4771     464  2482  2946   284
 4772     284  2482  2946  2255
 4773    1529  1796  2349  2807
 4774    1167     7  2946  3915
 4775     284  2255  2946  1167
 4776       7  1167  2946  2255
 4777    1167  1169  2946   284
 4778    1167  3915  2946  1169
 4779    2887  1697  3792  1727
 4780     285   286  2350  2946
 4781    2210  2208  3414  2209
 4782    2807  1796  2349  2348
 4783    2531  1165  2825  2530
 4784     463  3980   285   286
 4785    2208  3980   285   463
 4786    1168  2992   285   286
 4787    1168     8   285  2992
 4788    3980  1168   285   286
 4789    3980     8   285  1168
 4790    3787  3772  4051  3580
 4791    2209  1556  3414  1557
 4792       9  2208  3414  3413
 4793    1528  1546  2349  2348
 4794    1009  1008  1511  1510
 4795    1970  1574  3601  4153
 4796    2009  2208  2350  2210
 4797     285  2210  2350  2208
 4798    2009  2210  2350  3805
 4799     285  3805  2350  2210
 4800    1526  2348  2349  1796
 4801    1528  1296  1529  1686
 4802    1527   982  1442  1690
 4803    2946     7   706  3915
 4804     705  3915   706     7
 4805    2807  3805  2348  2209
 4806     285   286  1529  1528
 4807    3413  3805  2348  1546
 4808    1208  3904  1116  1117
 4809     285  1441  1528  2348
 4810     573  1145   113  3950
 4811    1442  1690  1443  1687
 4812    3049  3948  3032  2870
 4813    1771  3022  1757   115
 4814    2522  1691  2887  2941
 4815     286  1993  1528  1441
 4816    1297  1295  1443  1296
 4817    1297  1727  1728  3244
 4818    2941  1691  2887  1697
 4819    1442  3244  2152  1527
 4820    1528   285  2349  1529
 4821    1441  1296  1528  1686
 4822    1528  2348  2349   285
 4823    1529  2909  2349  1526
 4824    1441  1686  1528  1685
 4825    1441  1685  1528  3963
 4826    2348  1441  1528  1546
 4827    1441  3963  1528   981
 4828    1441   981  1528  1546
 4829    2350   285  2349  2348
 4830    1528  1685  1529  3963
 4831    1528   981  1529  1546
 4832    3413  1546  1529   981
 4833    2824   963  3709  4036
 4834    1528  3963  1529   981
 4835    2209  2807  2349  2348
 4836    1529  2807  2349  2209
 4837      56  1687  1527    55
 4838    3727  3006  2324   295
 4839      56  1690  1527  1687
 4840    2297  2300  2324  2951
 4841    2909  1556  1527    56
 4842    1690    56  1527  1556
 4843    1556   982  1527  1690
 4844    1165   700  2827   698
 4845    1442  1441  1443  1528
 4846    4130  3763  1334  2928
 4847    1970  1682   404   473
 4848    2600  4141  1725  1726
 4849    2871  3948  3060  2870
 4850    1528  1296  1443  1529
 4851    3586  2928  3734  1091
 4852    1994  1296  1443  1441
 4853    1442  1295  1443  1297
 4854    2139  2138   180   253
 4855    1527  1545  1442   980
 4856     776  3751  2229  3799
 4857    1527   980  1442   982
 4858    3244  1727  2887  1297
 4859    1691  1149  2152  3244
 4860    2523  3368  2152  3244
 4861    1150  1149  2152  1335
 4862    3244  1149  2152  1150
 4863    2271   505  1592  2272
 4864    3244  1150  2152  2523
 4865    1729  1728  1091   565
 4866     410  1921  3219   412
 4867     700  2928  3586  1091
 4868    2941  2522  1091  1728
 4869    3244  1150  1297  1149
 4870    1295  1149  1297  1150
 4871    1695  1729  2297  3994
 4872    3763  2928  3734  3586
 4873     411   249  3718  3023
 4874     156  1820   189    31
 4875    3244  2523  1297  1150
 4876    1295  1150  1297  2523
 4877    3820  3249  2241  3764
 4878    2152  3244  1091  1728
 4879    2523  3368  1297  1295
 4880    3244  3368  1297  2523
 4881    1296  1687  1443  1690
 4882    1690   982  1443  1296
 4883    1442   982  1443  1690
 4884    1442  1529  1443  2909
 4885    1526  2909  1443  1529
 4886    1529  1296  1443  1796
 4887    1529  1796  1443  1526
 4888    1442   980  1443   982
 4889    1296   982  1443   980
 4890    1442  1545  1443   980
 4891    1296   980  1443  1545
 4892    1442  2909  1443  1545
 4893    1526  1545  1443  2909
 4894    1796  1545  1443  1526
 4895    1796  1296  1443  1545
 4896    3244  1691  2887  2152
 4897    1922  1653  3188  1950
 4898    1695  1696  3187   565
 4899    1297  1527  1100  3244
 4900    1449  1450   230  1995
 4901    1297  3244  1100  3368
 4902    2928  2152  1091  1728
 4903    1092  1091  3734  2928
 4904    1100  3244  2908  3368
 4905    2909  1526  1101  1100
 4906     566  1954  2826   567
 4907    2532  1691  2887  2522
 4908    2522  1727  2887  2532
 4909    1691  1149  2743  2152
 4910    4097  3480  1043  3301
 4911    3060  3047  1654  3048
 4912    2008    85  2177    84
 4913    2522  1727  1728  2941
 4914    2744   883   882  2629
 4915    2522  2532  1728  1727
 4916    1100  1527  1101  2909
 4917    2743  1149    57  2152
 4918    3060   411  1654  3683
 4919    1481   565  1092  3187
 4920      55  2909  1101  1527
 4921    1729   565  1091  3994
 4922    2628   566  3849   567
 4923    1726  2008  4119  3999
 4924    2854  2978  2853   834
 4925    3158    60    59  3295
 4926     182  4142  1316  3031
 4927    4001  2522  2531  2532
 4928    2797  2995  3037  1088
 4929    1695  1696  3792  1697
 4930    1695   295  2324  2297
 4931    2152  3368  2908  3244
 4932    1697  2941  1091  1728
 4933    1100  1527  2908  3244
 4934    1450   300  1995  1544
 4935    1792  3735  1791  1778
 4936    1778   786  1791   217
 4937    1695  2297  2324  2951
 4938    3727  3006  3328  2825
 4939    2908  1100  1102  3763
 4940     700  3763  3586  2928
 4941    1102  1100  2743  1101
 4942    1044  3007   882  1043
 4943     883  1043   882  2265
 4944     945   946  1959  3355
 4945    3763  2152  1102  2908
 4946    1527  1295  1101  1687
 4947    1527  1687  1101    55
 4948    1297  1527  1101  1100
 4949    1297  1295  1101  1527
 4950      55  1687  1101  3368
 4951    1295  3368  1101  1687
 4952    1297  3368  1101  1295
 4953    1100  3368  1101  1297
 4954    1922  1921   114  3219
 4955    2928  2152  3763  2908
 4956    2724  2723  2029  3880
 4957    2744  3006   882   881
 4958     565  1729   567  2300
 4959    3023  2081  2079   410
 4960    2928  1727  3763  2152
 4961    1851  2048  1862  3136
 4962    1166  2928  1334  3763
 4963    1695   565  2297  1729
 4964    3049  4141  2600  3032
 4965    2887  1691  1102  2152
 4966    3763  1727  1102  2152
 4967    2887  2152  1102  1727
 4968    1101    55    57  2743
 4969    4001  2532  1334  1166
 4970    4001   565  2827  2531
 4971    2093  2949  3158  2950
 4972    2523  1335  4130  1150
 4973     614  1910  3905  3728
 4974    2532  3368  4130  2523
 4975    3529   846  3528  2965
 4976      55  1335    57    56
 4977     410   412  3219  3935
 4978     700  1102   698  2743
 4979     700  3763   698  1102
 4980    2152  3368  1336  2908
 4981     700  2928   698  3763
 4982    1091  2928   698   700
 4983    2531  2532  4130  4001
 4984    2941  2522   698  1091
 4985    2137   567  3849   566
 4986    1898  3006  2542  2137
 4987    1697  1091   698   700
 4988    1697  2941   698  1091
 4989    2908  1335    57  1100
 4990    2908  2152    57  1335
 4991    2743  2152    57  2908
 4992    3328   295  2531  2530
 4993    3994  1696  1695  1729
 4994    2941  1697  3263  1696
 4995    3810  3708  3707  3809
 4996    1793  3666  3188  1950
 4997    2446  2985  2113  2112
 4998    1695  2825  3187  1696
 4999      56  1335  1336    55
 5000    1729   565  3263  1696
 5001    1729  1696  3263  3994
 5002    1652  3047  1654  1921
 5003    2530  2532  2531  2522
 5004    2297  2013  2011  2300
 5005    3994  1696  3792  1695
 5006    2873  3187  3734  1092
 5007      56  3368  1336  1556
 5008     562   563  3564  4143
 5009    3727  3007   882  3006
 5010    3032  1463  2872  2870
 5011    1481  2825   699  1696
 5012    2081  3047   410  3023
 5013     566  2873  3849  2137
 5014    2952  1898  1417  2246
 5015    2247  1898  1900  2246
 5016    1481   565  3187  1696
 5017     567   295  3328  2300
 5018    3187  1695  2297  2825
 5019    3187  2825  2297  2873
 5020    1481  1696  3187  2825
 5021    2214  2177    84  2008
 5022    3478  1550  2612    22
 5023    3670    86   984  1726
 5024    2007  3949  3031   984
 5025    2300  2825   566  2873
 5026    3187  1481  3734  1092
 5027    3187  3586  3734  1481
 5028    2007  1670   984  3670
 5029    1091   565  3734  3994
 5030    1092   565  3734  1091
 5031     881  3006  2826  1954
 5032    3263  1696  2324  2951
 5033     565  3994  4001  3734
 5034     293  2952  2324  2951
 5035    3972  3973  3030  3948
 5036     567  2825   566  2300
 5037    1695  2013  2011  2297
 5038    2728  2729  3480  1416
 5039    2216  3667  4000  1143
 5040    2216  1143  4000  3619
 5041    2176  2228  1835  2177
 5042    2297  2300  2011  2246
 5043    2300  3994  2297  1729
 5044    1143  1233   694  2215
 5045     567  2300   566   565
 5046    2853  1688   190  3774
 5047    3263  1697  3792  1696
 5048    3263  1696  3792  3994
 5049    3994  1695  3792  2297
 5050    1091  1728  3792  1697
 5051    3994  1728  3792  1091
 5052    3586  1091  3792  1697
 5053    1695  1696  2324   295
 5054    2951  1696  2324  1695
 5055    1697  3586  4001  3792
 5056     295   293  2324   294
 5057    1091  3586  3792  3734
 5058    3734  3994  3792  1091
 5059    3048  3049  3682   411
 5060    1898  2137  2542   567
 5061    3243  1996   610  3443
 5062    1461  2600  1725  1726
 5063    1411  2312  3081  1805
 5064    2247  1900  3480  1416
 5065    1232  3667  2538  3216
 5066    1921  3047  2871  1462
 5067    3220   693  1966   692
 5068    3534  1827  3451  1825
 5069     374  3150  2296  4105
 5070    2228  1233  2176  1232
 5071     567  2825  2826   566
 5072     880  2877  1143  1316
 5073    2246  2300  2011   567
 5074    1416  1415  3480  1043
 5075    2246   567  2011  1898
 5076     567  2137  2011  1898
 5077    1898  2137  2011  3006
 5078    1898  3006  2011  2246
 5079    1044  1415  1416  1043
 5080    2877  3015  2878  2008
 5081    3432  2428    31  1820
 5082    2012  1415  1416  1417
 5083    4119  2177  4142  3996
 5084    1155  2399  1883   527
 5085    3217   608  3174   770
 5086    1411  2120  3081  2245
 5087    1307  2907  1186  1305
 5088    1391  1806  3080  2537
 5089    1689  3804  1688  3431
 5090     248  1671  1670   247
 5091    1879  1038  2977  3044
 5092    2120  2245  2537  2536
 5093    1670  1671  1581   247
 5094    2177  3996  4119  3999
 5095    3670    86    84  2214
 5096      39  3058  1513  1784
 5097    2216   692  1143  3721
 5098    3666  1922  3935  3188
 5099    4136    31   189  1820
 5100      84  2008  1316  2214
 5101    1820  2427  3729   342
 5102    3770   973  1580   974
 5103    1089  2996   231  2796
 5104    3972  3949   183   984
 5105    3619  2008  4000  3999
 5106    1819  1741   155    32
 5107    3749  2224  3729  2227
 5108    2977   751  3052   750
 5109    2646  2392  3634  3803
 5110    4136  1820   189  2649
 5111      32  2428    31  3432
 5112    3725  1610   340  3343
 5113    3948  1463  1462  3973
 5114     785  2289  2288  3488
 5115     237  1127   235  1128
 5116    2518  3747  3579   445
 5117     880   879   694  1143
 5118    1463  3948  3032  3973
 5119    3692  3226  3227  3228
 5120     247  1671   183   248
 5121    1463  3948  1462  2870
 5122     115   951  3226   950
 5123     749  3217   750  3174
 5124    1582  1463  2876   411
 5125    3032  1463  2600  1461
 5126    1924  3112  1923  3111
 5127    3666  3060  3935  1654
 5128    2871  1921  3060  3047
 5129    1154  1153  1152  3918
 5130    3049  3032  2600  1461
 5131    3703  2917  2875  3281
 5132    3023  3047   410  3048
 5133    3069  4141  3682  3049
 5134      95  1331    29    93
 5135    1598   110   109  1125
 5136    3718   411  3682  3049
 5137     114  1921   116  3219
 5138    1922  1950  3188  3666
 5139    2977  1879  2704  1039
 5140    3622  1688  2854  3774
 5141    1820    31   156   423
 5142    3047  3032  3048  1463
 5143     114  1950   116  1653
 5144     300  3858  3859  3857
 5145     749   771   750   769
 5146    2158  2907  3176  1186
 5147    1819  2225  3750  3748
 5148    1725  4141  2007  3069
 5149    3949  4141  2007  2600
 5150    2232  2806  1939  3340
 5151    1726  3999  4119  3996
 5152    2089    84  2088    85
 5153     774  3297   750   749
 5154      53   571   237  3044
 5155    2438  1330   771  3231
 5156     610  3919  2262   609
 5157    2572  2573  1888  3272
 5158     941  2312   942  1805
 5159     247   248   183   181
 5160    3684  3681  3666  1652
 5161    3842  1016  2793  3722
 5162      86  3068  2214  1669
 5163    2870  3948  3682  3049
 5164     951  1778   787  1792
 5165    3170  4155  2999  1490
 5166    3175  3919  3174  3443
 5167    3935  3060  3219  1654
 5168    3861  3566  3567  1731
 5169    3935  3666   114  1922
 5170    1088  2795  3037  2797
 5171    3049  3948  3682  3973
 5172    3949  2600  2007  1461
 5173    3047  1463  3048  1462
 5174    3718  3719   248  3682
 5175    3972  2870  3949  3948
 5176    2876  1476  1474  2937
 5177    1581   249  2938  1582
 5178    2081   249  1582  3023
 5179    3049  3032   411  3048
 5180    3049   249   411  3032
 5181    3048  3032   411  1463
 5182    2007  3670   984  1725
 5183    3048  1463   411  1462
 5184    1760   972  3770   974
 5185    1943  1145  3192  3978
 5186    1921  3047   410  2081
 5187     114  1922   654  1755
 5188       6     4   608  3297
 5189    1652  1476  1474  1921
 5190    4142  2007  3031  1725
 5191    3171  3601  3549   856
 5192    2872  1581  3029   247
 5193    3023  2081  2937  2876
 5194     218   211   108  2906
 5195    2500  2456  2498  2687
 5196    3226  3692  1757  1771
 5197    1726  2228  4119  3015
 5198     280  2121  2911  2124
 5199     182   984   183  1671
 5200    3682  3719   248  2600
 5201     411  1463  2876  1462
 5202    1671  1581   183  2938
 5203    1089  3970  1054  3971
 5204    3688  3250  2242  4106
 5205     249  1463   411  3032
 5206    1463   249   411  1582
 5207    1126   786   787  2689
 5208    2600  3682   247   248
 5209    2600  1461   247  3682
 5210    1461  3049  2872  3682
 5211    3949  1461  2872  3972
 5212    3032  2870  2872  3049
 5213    1616  1038  3044   571
 5214    2177  3015  4119  2228
 5215    2177  2008  4119  3015
 5216    2929     5  3113  4071
 5217    2177  3999  4119  2008
 5218       4  2929     6     5
 5219    4141  2600  4119  1726
 5220      84  3068    85  2177
 5221    2177  4141  4119  3069
 5222    2876  2081  1474  1582
 5223    1726  3069  4119  4141
 5224    2007  1671   984  1670
 5225     984  2177   182  3031
 5226    4119  1726  3068  3069
 5227    4119  3069  3068  2177
 5228    2214  3068    84  2177
 5229    1056  3970  1054  4109
 5230     183  3029   984   181
 5231    2214    86    84  3068
 5232    1043  1044  3480  1416
 5233    3069  3719    86  3068
 5234    2214  1669  1670  3670
 5235    1726  3069    86  3068
 5236      86  1669  2214  3670
 5237    3069  3719  3670    86
 5238    1726  3069  3670    86
 5239    3732  3401  1997  3402
 5240    1835  3015    85  2177
 5241     248   247  1670  3670
 5242    2177  1669  2214  3068
 5243    1992   209  1540  1542
 5244    2176   879  2089  1835
 5245    2177  2008  2214  3999
 5246     880  1669  1142  2213
 5247    3996  1669  2214  2177
 5248    2177  3999  2214  3996
 5249    2471   614  3618  1908
 5250    2938   181   183  3169
 5251    1835  3015  1316    85
 5252    3667  1232  2216  2215
 5253    3212  1636  1635  3296
 5254      85  2008  2177  3015
 5255    1233  2215  2216  1232
 5256    1476   410  1474  1921
 5257     248  3719  1670  1671
 5258    3670  3719  1670   248
 5259    1725  2600  2007  4141
 5260    3069  3719  1670  3670
 5261    3069  1671  1670  3719
 5262     607   606   179   180
 5263     247   249  1581  1582
 5264    3029  3948  3169  2938
 5265     247  3718  1581   249
 5266    2937  3683  3684  1476
 5267    2063  3014  1992  1460
 5268    3682  3718  1581   247
 5269    1779  2315   788   217
 5270    2872  2870  2007  3949
 5271    2216  2215  1478  2877
 5272    1581  3718  2938   249
 5273    2872  2870  3029  2938
 5274    1461  1725  2007  2872
 5275    2870  3948  2938  3682
 5276    3682  3718  2938  1581
 5277     495  2888   494   904
 5278    2012  2247  3480  1416
 5279     856  3851  2448  2449
 5280    3068  1669  2213  2177
 5281    2689  1126   344   787
 5282    3010  2643  3543  3330
 5283    3032  3049  2872  1461
 5284    3684  3683  3162  1476
 5285    1835   879  2089    85
 5286    3548   858  3549  3837
 5287    1461  1463  2872  3032
 5288    1476  3683  1474  2937
 5289    1726  4141  1725  3069
 5290    3972  3069  3949  4141
 5291    2081  1921  1474   410
 5292     279  1175   280  1174
 5293    1384  2199  1758  1249
 5294     411  3683  2937  3023
 5295    1462   411  2937  2876
 5296    2871  3973  3060  3948
 5297    2872  2938  3029  1581
 5298     279  2096   280  2230
 5299    3072  2491  2693  1337
 5300    3371  1789  2060  4078
 5301    3030  3948  3029  2870
 5302    2213  3996  1316  4142
 5303     741  2232  2352   742
 5304    2200  2862  2201  1787
 5305    2247  1415  1416  2012
 5306     896  3492  3157  2697
 5307    1772  3228  1773  3227
 5308    2079  2081  2080  1474
 5309    3973  3948  2871  1462
 5310    2729  4106  3301  3480
 5311    2579  2885  3338  3212
 5312    3030  3973  3029  3948
 5313    2938  2870  3029  3948
 5314    3996  1669  1316  2214
 5315    1644   712  2842  1927
 5316    2008  3015  1725  1726
 5317    1726  3999  1725  2008
 5318    2872  3949  2007  1461
 5319    3949  3972  3031   984
 5320    3168  3948  3169  3029
 5321      85  1835  2088  2089
 5322    1316  2213  1142  1669
 5323     115  1922   114  3022
 5324    3060  3666  1950  1654
 5325    3047  1921  1652  2081
 5326    1462  3948  2871  2870
 5327    2871  3060  3219  3935
 5328    3048  3047  1652  3023
 5329    1652   411  1654  3048
 5330     951   786  1778   950
 5331    4083  2694  1341  3673
 5332    3047  2081  1652  3023
 5333    3048  3023  1652   411
 5334    4142  3972  3031  3949
 5335    3069  3972  3029  3030
 5336    2938  1581  2872  3682
 5337    2938  3682  2872  2870
 5338    1581   247  2872  3682
 5339    1461  3682  2872   247
 5340    1725  3999  2007  2008
 5341    1725  3996  2007  3999
 5342    3949  3999  2007  3996
 5343    3949  1671  2007  3069
 5344    1670  3069  2007  1671
 5345    1725  3069  2007  3670
 5346    1670  3670  2007  3069
 5347    3250  3832  1416  1415
 5348    2744  2629  2628  1955
 5349    3168  3029  3169   181
 5350    3060  1921  1654  3047
 5351    3060  3973  1654  3948
 5352    1654  3666  1950  1652
 5353    2331  4139  2329  3978
 5354    2744  2542   881  2137
 5355    1652  3048  1654  3047
 5356    1462  3047  2871  3048
 5357    1316  3996  1478  4142
 5358    3717   213  1779   219
 5359     410  3681  3163  3666
 5360    1462  2870  2871  2872
 5361    3935  1922  3219  3188
 5362    1462  3048  2871   411
 5363    2906   211   213   219
 5364    1462   411  2871  2937
 5365    2937   411  3060  3683
 5366    2871   411  3060  2937
 5367    2871  3048  3060   411
 5368    2871  3047  3060  3048
 5369    1250  1385  3549  3601
 5370    3684   410  3666  3681
 5371    1462  2871  3219  3935
 5372    3022   412  1756   116
 5373    1948   110   108   891
 5374    2992  2255  2993  2482
 5375     606  2264   179   180
 5376    1462  1921  3219  2871
 5377     950  1793  1950  3666
 5378     883  2139  2265  1899
 5379    1462  1463  3219  1921
 5380    1792  1778  1791   217
 5381     211  1794   213   219
 5382    3831  1900  4050  3257
 5383    3666   412  1950   410
 5384    1779   891   788   109
 5385    3972  3948  3030  2870
 5386    1652  1654  1653  1950
 5387    2492  2490  1339  2491
 5388    2629  2137   178  2542
 5389    1778  3735  3227  1792
 5390    2861   653   654   655
 5391    2120  1806  2537  2245
 5392     345  2689   344   787
 5393    2729  4106  2242  2240
 5394    1948   891  1779   213
 5395     915   653  3266   655
 5396    2538  3866  3080  1233
 5397    1950   412  1653   410
 5398     654   653  3163  3681
 5399    1950   950  1653  1793
 5400     951   950  1653  1950
 5401    2906   212  3997  3141
 5402    1555   218   219  1794
 5403    1778  3735  1791   786
 5404    2816  3875  1547  4008
 5405     410   412  3935  3666
 5406     211   218   219  2906
 5407    3935  1922   114  3219
 5408     217   212  1791   213
 5409    2906   218   219  3141
 5410    2200  2920  2201  2239
 5411    3228   786  3227  1778
 5412    1922  1950   114  1653
 5413    2213  1669  1316  3996
 5414    1778  1793  1792   950
 5415    1778   950  1792   951
 5416    2906   212   213   211
 5417    2200  1759  2201  2862
 5418    2356  2911   447  3958
 5419    3141  2906   213   219
 5420    3141   212   213  2906
 5421    2103  1773  3448  2315
 5422    3022   115   116   114
 5423    3544  3979  4139  3545
 5424     115  3226  1757  1771
 5425    3692   950  3226   951
 5426    1791   212  3997  3735
 5427     217   212  3997  1791
 5428    1772  1771  1773  3228
 5429    1771  2315  1289  1288
 5430     655  2689  1126   915
 5431     115  1793  3226  3188
 5432    1793  1792  3692  3188
 5433    2871  3060  3935  3666
 5434    1793  3666  3935  3188
 5435    1654  1652  3935  3666
 5436    3666  3684  3935   410
 5437    3666  1652  3935  3684
 5438    1476  3684  3935  1652
 5439    1476  1921  3219   410
 5440    1654  1652  3219  3935
 5441    1654  1921  3219  1652
 5442    3935  1476   410  3684
 5443    1476  3935   410  3219
 5444    1652  1476  3219  3935
 5445    1652  1921  3219  1476
 5446    3188  1793  3226  3692
 5447     115   950  3226  1793
 5448    2861   655  1289  1288
 5449    1792  1793  3692   950
 5450    1792   950  3692   951
 5451    2201  1459  1758  2199
 5452     610   609   608     6
 5453    2103  2689  1126  1124
 5454    1771   786  1289  3228
 5455     114  3047   116  1921
 5456    3057   216  4018  2109
 5457    1778   786  3227  3735
 5458    1684   405  1968   404
 5459    1288   786  1289  1771
 5460     422  3774   190  1688
 5461    3047  3048   116   412
 5462    3226  3692  2314  1757
 5463     750   520  3052   521
 5464    1490  1969  2999  1684
 5465    1574  1250  3549  3601
 5466      48  2519  4154  3581
 5467    3400  1492  3732  3401
 5468     412  1921   116  3047
 5469    1922  3188  3022   115
 5470    4072  2436   778  1059
 5471    1778  1792  3227  3228
 5472    3732  3402  2797  2795
 5473    3188  1793  3022   115
 5474    2315  3735  1773  3227
 5475    3227  3735  1772  3143
 5476     115  1793  3022   950
 5477     115   950  3022   951
 5478    3935   412   116  3666
 5479    1950  3666   116   412
 5480     114  3666   116  1950
 5481     471  2891  2764  2107
 5482    3978    63   593    62
 5483     114  3022  1756   116
 5484    1771  1756  1757  3022
 5485    1922  3022  1756   114
 5486    1771  2315  1757  1773
 5487    1792  3735  3227  3692
 5488    3398  3527  2418  2063
 5489    1922  3188  1756  3022
 5490    3188  1793  1756  3022
 5491    3022  1793  1756   950
 5492    3022   950  1756   951
 5493    3484  3770  2474   974
 5494    1771  2315  1288  1757
 5495    2330  3912  3913  3447
 5496     856  1572  2448  3851
 5497    1250   858  3549  1385
 5498    3227  3735  3143  3997
 5499    1791   217  3143  3997
 5500    3997  3735  3143  1791
 5501    1772  3735  1773  1791
 5502    1772  3227  1773  3735
 5503    3143  3228  1772  3227
 5504    2104  3448  1124  1125
 5505     654  1475  1287  2861
 5506    2103  1772  3448  1773
 5507     115  3226  1771  3228
 5508    1491  1492  3732  3400
 5509    2315  3227  1773  3228
 5510    2104  3448  3446  3911
 5511    2487  3977  1473  1175
 5512    3226  3692  1771  3228
 5513    1970  3837  3601   473
 5514    1791   217  1772  3143
 5515     955  3580  4051  2459
 5516    3692  1792  1771  3228
 5517    3228  1778  1771   786
 5518    1792  1778  1771  3228
 5519    3484   973  2474  2107
 5520    3142  1772  3446  3143
 5521    1757  2315  2314  1773
 5522    3978  3192   593  2329
 5523    2314   786  1288  1757
 5524     218  1794  1949   211
 5525    2079   410  3163  1653
 5526    2315  1791  1773  3735
 5527    1772  1791  1773   217
 5528    2315   217  1773  1791
 5529    3717  1948   788  1779
 5530    1490  1684  2999  1748
 5531     114  1922  1755  1756
 5532    1475  1476   654  3684
 5533     116   114  1755  1756
 5534    3060  3973  3637  1654
 5535    1922  3188  1755  1756
 5536    1756   410  1755   412
 5537    3484  2563  2474  3770
 5538    1756   412  1755   116
 5539    3630  3022  1287  2314
 5540    2201  2200  1758  1759
 5541    3188  1793  1755  1756
 5542    3068  2177   182   984
 5543     654   653  1287  3630
 5544    1756  1793  1755   950
 5545    3268  3266  3163  1653
 5546    1756   950  1755   951
 5547     114  1755   654  1475
 5548    3692  1792  1757  1771
 5549     655  1288  2861  2314
 5550    1771  1778  1757   786
 5551    1792  1778  1757  1771
 5552    2103  1124  1126  1289
 5553    3681  3684   654   653
 5554    1757  3022  2314   115
 5555    3680  4139  3978    63
 5556    2861  1288  1287  2314
 5557    2861  2314  1287  3022
 5558    1922  1653   654  3188
 5559    1757  1778  2314   786
 5560    1792  1778  2314  1757
 5561     915  1288  1289   655
 5562    1757  1756  2314  3022
 5563    1755  1756  2314  1757
 5564    1755  3630   654  1475
 5565    1653   412  2079   410
 5566    3268   915   344  3266
 5567    2998  3171  2999   856
 5568    3692  1792   915  2314
 5569    2104  2103  1124  3448
 5570    3773  3008   592   112
 5571    1943  3680  3192  3773
 5572    2104  3911  3446  3142
 5573    3978  3008  3192  3680
 5574    2592   741  3985  2492
 5575     856   858  3549  3171
 5576    3266  3681  3163   653
 5577    1755   950  3268   951
 5578    3227   786  2689  3735
 5579     345  1125   109  2689
 5580    3142   218  3446  2104
 5581    3594  2040  1731  3491
 5582    2314  1756  3630  3022
 5583    1755  1756  3630  2314
 5584     951  1756  3630  1755
 5585     951  3022  3630  1756
 5586    3401  3402  3732  3400
 5587     771  1330   769    30
 5588    1574  1250  1384   857
 5589     655   915  1126  1289
 5590     891   110   108   109
 5591    1772  1773  3446  3448
 5592    2689  1125  1126  1124
 5593     915  1288   655  2314
 5594     951  1792   915  3692
 5595    1950  1652  3163  1653
 5596    4139  3979  3978  2331
 5597    1459  2239  2201  2920
 5598    3227  3735  2689  2315
 5599    3227  3228  2689   786
 5600    2315  3228  2689  3227
 5601    1653  1922   654   114
 5602     915  3226   951  3692
 5603    2314  3226   655   915
 5604     410  1476  2079  3684
 5605    3448  3143  1125  3997
 5606    1289  2315  1126  2103
 5607    3911   110   108  3141
 5608    1779  1948   788   891
 5609     110  3911   108  3913
 5610    3448  1772  1125  3143
 5611    3188  1653   654   653
 5612    1755  3188   654   653
 5613    2314  3226  2861   655
 5614    2314   115  2861  3226
 5615    2314  3022  2861   115
 5616    3630  1755  2080  1475
 5617    1289  2861  1126   655
 5618    1755   410  2079   412
 5619    2079  1755  2080  3630
 5620     655  3226  2861   951
 5621     115   951  2861  3226
 5622     951   115  2861  3022
 5623     951   950  3268  1653
 5624    1287  3630  2080  1475
 5625    1475  3684   654  3681
 5626    1755   653   654  3630
 5627    1653   114   654  1475
 5628    3168  2937  3169  2876
 5629    1289  3228  1126  2315
 5630    2689  2315  1126  3228
 5631    1289   786  1126  3228
 5632    2689  3228  1126   786
 5633    3142  3997  3446   212
 5634    3544   211  3447  1794
 5635    3448   218  3446   219
 5636    2263  3019  4109  3018
 5637    3997  3143  3446  3448
 5638    1474   410  2079  2081
 5639    3544  2906  3447   211
 5640    3630  2314  1287  1288
 5641    1288  2861  1287  1289
 5642    1722  2687  2457  2456
 5643    3601  3837  3549   473
 5644    2007  3996  4142  3949
 5645    3911  1555  3447  1794
 5646    3142   212  3446   213
 5647    3681   410  2079  3684
 5648    1653   410  3163  1950
 5649     345   915   344  2689
 5650     951  3022  1287  3630
 5651    2861  3022  1287   951
 5652    2079  1474  2080  1476
 5653    1475  1476  2080  1474
 5654    1475  1755  2080   114
 5655     116   114  2080  1755
 5656    1755   412  2080   116
 5657    2079   412  2080  1755
 5658    2079  1476  2080  3684
 5659    1475  3684  2080  1476
 5660    1653   114  2080   116
 5661    1475   114  2080  1653
 5662    2079  1653  2080   412
 5663     116   412  2080  1653
 5664    3681  3684  2080  1475
 5665    2079  3684  2080  3681
 5666    2104  1598  3913  3911
 5667    3448   212  3446  3997
 5668    1208  1209  2497  1210
 5669    3448  3143  3446  1772
 5670    2104   218  3446  3448
 5671    3127  3822  3912  3979
 5672    3913  2330  1949   108
 5673    2906  3545  3544  3141
 5674     211  3545  3544  2906
 5675    1794  1555  3544  3545
 5676      62  3126  3680  3773
 5677    3773    63  3680    62
 5678      61  3979  3912  3545
 5679    1794  3545  3544   211
 5680    3580  2566  2567  3772
 5681    1025   973  2474   974
 5682    3911  3447  3913  3912
 5683    3127    63  4139    61
 5684      61  3979  4139  3127
 5685    3127  3822  4139    63
 5686    3127  3979  4139  3822
 5687    3544  1794  3447  1555
 5688    3544  3141  3142  3447
 5689    3009  2609  3782  2608
 5690    3447  3141  3142  3911
 5691    3997  3141  3142  3143
 5692     956  3787  3772   959
 5693    3997   212  3142  3141
 5694    3192  1943   592  1145
 5695    1598  2104  3142  3911
 5696    3141   212  3142   213
 5697     219   218  3142  3141
 5698    1598   218  3142  2104
 5699     110  1598  3142  3911
 5700    3911  3141  3142   110
 5701    1943  3978  3192  3680
 5702     219  3141  3142   213
 5703     110  3141  3142   218
 5704     110   218  3142  1598
 5705    3448   213  3446   212
 5706     219   213  3446  3448
 5707    3142   213  3446   219
 5708    1943   959  3950   573
 5709     959  3668  3772  2566
 5710    3294  3904  3296  2094
 5711      62  3668  3773    63
 5712    3126  3668  3773    62
 5713    3978    62   593  3736
 5714    3823  3668  3773  3126
 5715    1554    63  2387    62
 5716    3668  3008  3773   112
 5717    2386  3008  1554   731
 5718    2824   963  3707  3709
 5719    3126  3823  3680  3773
 5720    1125  2104   109  1598
 5721    3448   219  3717   218
 5722    3499  3500  1553    61
 5723    2093  2950  4051  3809
 5724    3145  2330  1553  3500
 5725    3911   211  1949  1794
 5726    3499    61  1553  1199
 5727    3295  2238    59  2237
 5728    1199  2329  3499  2331
 5729    1760  2563  3770   972
 5730    3912  3447  2330  3544
 5731    1173  2230  2096  1202
 5732    3680    63  3978    62
 5733    3126  3823  3978  3680
 5734      62  3126  3978  3680
 5735    2200  2239  2201  1457
 5736    2566  3680  1943  3773
 5737     794   339  1781  1991
 5738    2005  1634  1455  4143
 5739      61  3545  1553  1555
 5740    2005  4143  3338  3212
 5741    1510  3201  4158  2061
 5742    4096  2816  4008  3875
 5743    3340  3985  2231  2592
 5744    3978  3008  2386   731
 5745    3785  3784  2802  2608
 5746    1511  1510  4158  1009
 5747     959   956  1943  2566
 5748    2064  1132  3562   564
 5749     907  1549   801  2816
 5750    1547  1549  1548  2816
 5751    1025   972  3770  2563
 5752    3498  2601  2602  2603
 5753    3790  1209  1117  3904
 5754    3950   573   965  1197
 5755    3295  2237   963  3294
 5756    3008   956   732   573
 5757    3500  2331  3499  2329
 5758    1008  2061  1007  3201
 5759    3126  3822  2387  3823
 5760     345  1125   343   109
 5761    1199  3736  3499   593
 5762     951   915   344  3268
 5763    2689   915   344  1126
 5764     251  1177  1853  2702
 5765    1949  1948  3717   108
 5766    1472  2353  2051  2699
 5767     280  2230  2911  2121
 5768    1341  4082  1178  2052
 5769    3499  1199  1553  3145
 5770    3736   112  1197  3950
 5771    3192  3008   592  3773
 5772    3736  3192   592   593
 5773     593   112   592  3736
 5774    1954   295  2826   567
 5775    1199    61  1553  3127
 5776    1117  2005  3904  2065
 5777    3448  2104   109  1125
 5778     957   956   955   958
 5779    1943  1145  1944  2567
 5780    3212  1635  3338  2005
 5781     592   112   113  1145
 5782    3668   959  3950  1943
 5783    2329   593   964  1198
 5784    2899  3559  1888  1887
 5785    3950   573   574   111
 5786    1145   112  3950  1943
 5787     959  3008  3950   573
 5788    3008   956   573   959
 5789    1944  2950  3158    60
 5790    1145  3772   113  2567
 5791    2157  1087  1841  2028
 5792    3809  2237  2949  2950
 5793     959   956   573  1943
 5794    1145  3772  2761   113
 5795    2718  1383  2352  2351
 5796     108   218  3717  1949
 5797     732    58   733    60
 5798    3124  1636  1456  3222
 5799     113   112   111  3950
 5800    3295  3294   963  2093
 5801    1943  1145   732   573
 5802     573   956   732  1943
 5803    2605   740  1180  2490
 5804    3736  3192  1197   592
 5805    2731  4082  1340  1341
 5806     295  1954  2826  3006
 5807    3736  3978  1197  3192
 5808     573   732   574   111
 5809    3250  1415  1416  4106
 5810    3126  3823  1197  3978
 5811      62  3978  1197  3736
 5812      62  3126  1197  3978
 5813    1197  3823   965  3978
 5814     592   112   965  1197
 5815     961  2460  2459  2761
 5816    1197  3978   965  3192
 5817    1197  3192   965   592
 5818    1944  2237  2238  2567
 5819    2492   740  1339  2490
 5820     961  3158  2761    60
 5821     113  3787   111  2567
 5822    3338  3295  1454    59
 5823    2992   464  2993   874
 5824    2005  4143  2006  4098
 5825    1455  3295  1454  3294
 5826      58  2950  2949   574
 5827    3338  1635  1454  2005
 5828     574  2950  2949   111
 5829    3904  1209  1208  3791
 5830    2567  3787   574   958
 5831     111  3787   574  2567
 5832     961  2093   963   962
 5833    2497   563  1133  1117
 5834    1944  2950  2238  2237
 5835    1312  1948  3717  1949
 5836    2724  2723  3378  3072
 5837     111   113  1944  2950
 5838    2567   113  1944   111
 5839    1458  3595  3490  2040
 5840     655   653  3266  2861
 5841     574  2950  1944    58
 5842      58  2567  1944   574
 5843     574   111  1944  2950
 5844    2567   111  1944   574
 5845    2352  2232  3340  3341
 5846    2917  2918  2514  2875
 5847    3904  3790  2578  1117
 5848    1173  1580  2096  2230
 5849    1553  3822  2387   964
 5850    1920  1855  4150  1925
 5851    2998  1969  2999  4155
 5852    2487  3770  1580   974
 5853    1748  4157  2999  1490
 5854    2200  1787  2201  2108
 5855     974   972  3770  1025
 5856    4082  4035  4126  4010
 5857    2144  4026  3515  2356
 5858     798   806   475  1750
 5859     972  1760  2862  1759
 5860     972  1760  1787  2862
 5861    1025  2107  2474   973
 5862    1173  1202  2096  1174
 5863    2107  2764  2474  3484
 5864     972  2862  1787  1025
 5865    2200  2563  3770  1760
 5866    1760  1759  2200  2862
 5867     506   505  1509  1508
 5868    2353  2029   780  2031
 5869    2487  3977  3673  1473
 5870    3146  1987  2888  3149
 5871     471  2110  1202  2107
 5872    1138  4010  4126  4035
 5873    2123  3515   447  2144
 5874    1138  4083  4126  3469
 5875    2107  2110  2764   471
 5876    4001  2941  2531  2522
 5877    3471  1180  2719  2731
 5878     788   109   343  1125
 5879    1653   950  3268  1793
 5880     279   278  1203   780
 5881    2121  3977  2124  2487
 5882    1199  2331  3499  3912
 5883    3469  4083  3123  3461
 5884    1175  1580  1174  1173
 5885    1175  2487  1174  1580
 5886    3977  2487  1174  1175
 5887    1580  2487  2096  2230
 5888    1174  2487  2096  1580
 5889    3977  2487  2096  1174
 5890    3977  2230  2096  2487
 5891    2605  1383  1180   740
 5892     280  1175  2911  1174
 5893    1509  2060  1376   506
 5894    1250  1572  3851  1385
 5895    1202  2110  2764  2107
 5896    3484   974  2474   973
 5897    1653   653  3163   654
 5898    3666  3681  3163  1652
 5899    1748   799  3851  1572
 5900    1199  1198  3145  1312
 5901    3601   473  3549  1574
 5902    1076  3817   970  3661
 5903    2177  3996  2213  4142
 5904    1198  3736  1199   593
 5905    2177  1669  2213  3996
 5906    2329   593  3499  3500
 5907    2862  1760  1787  2200
 5908    1555  3822  1553  3127
 5909     108  2330  1949  3500
 5910    3912  3545  3500    61
 5911    2330   110   108  3913
 5912    1199   593  3499  2329
 5913    3141   218   108  2906
 5914    1198   593  1199  2329
 5915     182  1671  2213  1670
 5916    1124  1125   345  2689
 5917     410  3666  3163  1950
 5918     345  2689   787   786
 5919    2689   786   345  3735
 5920    1791  3735   345   786
 5921    1124  2689   345  2103
 5922    2877  3031  1478  4142
 5923    2315  2103   345  2689
 5924    2315  3735   345  1791
 5925    2689  3735   345  2315
 5926    2330  3544  1553  3500
 5927     984  2177  3031  4119
 5928    3997  3448   109  1125
 5929    1199  3822  1553  1198
 5930    3912  2331  3500  2330
 5931    1555  3127  1553    61
 5932     218  1794  1312  1949
 5933    3973  3168  3029  3948
 5934    2824  2093    59   963
 5935     109  2104   891  1598
 5936    3448  2104   891   109
 5937    3448   212   891   213
 5938    2013  3006  3727  2011
 5939    1779   217   788   786
 5940    3997  3448   891   109
 5941    3997   212   891  3448
 5942     891   212  1779   213
 5943    1949  3500  3499   108
 5944    1598   110  1948   891
 5945     217   218  1779   219
 5946    2329  2330  3500  2331
 5947     213  3448  1948   891
 5948    1198  1197  1199  3736
 5949    1312   218  3145  1555
 5950    3717   219  1779   218
 5951     891  2104  1948  1598
 5952    3448  2104  1948   891
 5953    3831  1079  3257  1080
 5954     786  1778  1779   217
 5955     217   219  1779   213
 5956    3637  3683  3168  2937
 5957    3912  3544  3500  3545
 5958    2330  3544  3500  3912
 5959    2011  2013  3849   567
 5960    3666  1652  3163  1950
 5961    3187  1954  1955  1481
 5962    2617  1777  1776  2852
 5963     219  1555  1553   218
 5964     218  1555  1553  3145
 5965    3145  1198  1553   964
 5966     891   109  1779  3997
 5967    1115  1588  2156  2317
 5968    1198  2329  1199  2331
 5969    1198   593   964  3736
 5970    3912  3822  1199  1198
 5971    3912  3127  1199  3822
 5972    2457  2456  1940  1722
 5973    1198  2331  1199  3912
 5974    3912    61  1199  3127
 5975     108   211  1949  3911
 5976    1199  3912  3499    61
 5977    3500    61  3499  3912
 5978    3911  1794  1312  1555
 5979    1949  1794  1312  3911
 5980    3499  1199  1312  1949
 5981    1949  3911  1312  3913
 5982    1949  3500  1312  3499
 5983    3913  2330  1312  1949
 5984    1618  1619  2408  3376
 5985      60  2567  3158  1944
 5986    1949  2330  1312  3500
 5987    1199  3127  1553  3822
 5988    3145  3500  1553  3499
 5989    3500  3545  1553    61
 5990    3499  1199  3145  1312
 5991     178  1417   882  2952
 5992     787   345   343   344
 5993    1288  2314   787   786
 5994    1949   218  3717  1312
 5995    1312  3500  3145  3499
 5996     891  3997  1779   212
 5997    3717  1948  1779   213
 5998    1125  3143  1779  3997
 5999    1180  2490  1179  2491
 6000    1312  2330  3145  3500
 6001    1898  2542   178  2138
 6002     213   212  1779   217
 6003     109  1125  1779  3997
 6004     345   786   343  1791
 6005    3913  2330  3145  1312
 6006    1312  1555  3145  3911
 6007    1312  3911  3145  3913
 6008    1312   218  3717  3145
 6009    1653  1793  3266  3188
 6010    1198  2331   964  2329
 6011    1555  3822  2387  1553
 6012    1553   964  2387  1554
 6013    3912  2331   964  1198
 6014    1198  3822   964  3912
 6015    1554  3823  2387  2386
 6016    1555  1553  2387  1554
 6017    3544  1555  1553  3545
 6018    3145  3913  1553  2330
 6019    3447  2330  1553  3913
 6020    3447  3544  1553  2330
 6021    3447  1555  1553  3544
 6022    3145  1555  1553  3911
 6023    3447  3911  1553  1555
 6024    3913  3911  1553  3447
 6025    3145  3911  1553  3913
 6026    3972  1461  3030  2600
 6027    2458  2592   741   742
 6028    1962  3967  3199  3200
 6029     108  1948  3717   110
 6030     108   110  3717   218
 6031    3448  2104  3717  1948
 6032    3448   218  3717  2104
 6033     213  3448  3717  1948
 6034     213   219  3717  3448
 6035    1598   110  3717  1948
 6036    1598   218  3717   110
 6037    1598  2104  3717   218
 6038    1948  2104  3717  1598
 6039     217  3997  1779  3143
 6040    1124  1772  1779  1125
 6041    1772  3143  1779  1125
 6042    1772   217  1779  3143
 6043    2103  1772  1779  1124
 6044    1773  2315  1779   217
 6045    2103  2315  1779  1773
 6046    1773  1772  1779  2103
 6047    1773   217  1779  1772
 6048    2538  1233  3080  1232
 6049    1779  2103   788  2315
 6050    3622  3774    29  1688
 6051    1779   109   788  1125
 6052    4141  3069  3030  3972
 6053     788  1948   343   891
 6054    1654  3683  3637  3060
 6055    1779  1124   788  2103
 6056    1779  1125   788  1124
 6057    1654  3973  3637  1652
 6058    3188   653  3266  1653
 6059     787   788   343   786
 6060     788   217   343   786
 6061    2861   653  3266  1287
 6062    3728  3617  3618  2470
 6063    3188  1793  3266  1755
 6064    1755   653  3266  3188
 6065    2314  1778   787   786
 6066     951   786   787  1778
 6067    3630   653  3266  1755
 6068    1287   653  3266  3630
 6069    1755  1793  3268   950
 6070    3266  1793  3268  1755
 6071    1755  3630  3268  3266
 6072    1755   951  3268  3630
 6073     655   915  3268  3266
 6074     655   951  3268   915
 6075    3630  1287  3268  3266
 6076    3630   951  3268  1287
 6077    2861   655  3268  3266
 6078    2861   951  3268   655
 6079    1287  2861  3268  3266
 6080    1287   951  3268  2861
 6081    1378   909   908  1380
 6082    1289   786   787  1126
 6083     787   786   343   345
 6084     788   891   343   109
 6085     181  2938   183  1581
 6086    2718  2232  2352  3072
 6087    1289  1288   787   786
 6088    1123  2472  3434  1121
 6089    2472  1721  2642  2643
 6090     523  1593  4102   721
 6091    1475  1653  3163   654
 6092     654  3681  3163  1475
 6093    2079  1653  3163  2080
 6094    2080  3681  3163  2079
 6095    2080  1475  3163  3681
 6096    1653  1475  3163  2080
 6097    1126  1289   344   787
 6098    1126   915   344  1289
 6099     951  1792   344   915
 6100     787  1792   344   951
 6101     787  1289   344  1288
 6102     915  1288   344  1289
 6103    1792  2314   344   915
 6104     787  2314   344  1792
 6105     787  1288   344  2314
 6106     915  2314   344  1288
 6107    1791   786   343   217
 6108    1791  2315   343   345
 6109     788  1125   343  1124
 6110     345  1124   343  1125
 6111     788  2315   343   217
 6112    1791   217   343  2315
 6113    2315  2103   343   345
 6114     788  2103   343  2315
 6115     788  1124   343  2103
 6116     345  2103   343  1124
 6117    3050  2167   254   255
 6118    3031  2177   182  4142
 6119    3060  3683  3637  2937
 6120      84  2214  1142   880
 6121     606  2264   180   253
 6122    2952  2246  1417  2011
 6123     181  1581   183   247
 6124     215  2109  1783   216
 6125    3030  2870  3029  2872
 6126    2245  1806   943  3196
 6127    1652   411  3162  1654
 6128    3060  2871  3637  3973
 6129    2937  2871  3637  3060
 6130    2723  2354  3880  2724
 6131    1076   372  1075   373
 6132    1652  1654  3162  3637
 6133    2937  2876  3637  1462
 6134    3637  1654  3162  3683
 6135    2871  2937  3637  1462
 6136    2871  1462  3637  3973
 6137    3681  1652  3162  3163
 6138    1462  1463  3637  3973
 6139    2876  1463  3637  1462
 6140    1582  1463  3637  2876
 6141    3637  3683  3162  3168
 6142    3049  3718  3637  3682
 6143    3682  3973  3637  3049
 6144    1582   249  3637  1463
 6145    3718  3049  3637   249
 6146    3032  1463  3637   249
 6147    3973  1463  3637  3032
 6148    3049  3973  3637  3032
 6149    3032   249  3637  3049
 6150    1725  3670   984  1726
 6151    4136  2373  3724  3804
 6152      86  3068   984  1726
 6153    3681  3684  3162  1652
 6154    1835  2176  2088  2089
 6155    4119  1726   984  3068
 6156     181  3719   183  3069
 6157    3068  2177   984  4119
 6158    2600  4141  3030  3972
 6159    3168  3683  3169  2937
 6160    3069  3972   183  3029
 6161    4141  3069  3029  3030
 6162    4141  3719  3029  3069
 6163    2872  1461  3029  3030
 6164    2872   247  3029  1461
 6165     248  2600  3029   247
 6166    3949  3069   183  1671
 6167     984  3972  3031  3030
 6168    4142  3030  3031  3972
 6169     248  3719  3029  2600
 6170    2600  4141  3029  3030
 6171    2600  3719  3029  4141
 6172    2600  1461  3029   247
 6173    3030  1461  3029  2600
 6174    4119  3996  4142  1726
 6175    3029  1581   181   247
 6176    1316    84  1142    85
 6177    3029   183   984  3972
 6178    3972   984  3029  3030
 6179    2501  2965  3010  2502
 6180     247   248   181  3029
 6181     183  1671  2213   182
 6182    3029  3719   181  3069
 6183    3684  1476  3162  1652
 6184    3681  3683  3162  3684
 6185    1654   411  3162  3683
 6186    1316    85  1142  1835
 6187     248  3719   181  3029
 6188    4119  1726  3031   984
 6189    4142  1726  3031  4119
 6190    4142  1725  3031  1726
 6191     984  1726  3031  1725
 6192    2354  2052  2051  3644
 6193    2342  1038   769  1039
 6194    3637  2876  3168  1582
 6195    3168  3973  3029  3637
 6196    3682  3973  3168  3637
 6197    3682  3948  3168  3973
 6198      85   879  2089    84
 6199    3637  3718  3168  3682
 6200    3637  1582  3168   249
 6201     712  1704  1927  2541
 6202    3637   249  3168  3718
 6203    1143  1834   694  1233
 6204     411  3023  3162  3683
 6205    1652  3023  3162   411
 6206    1474  1476  3162  3683
 6207    1652  1476  3162  1474
 6208    3023  2081  3162  3683
 6209    1652  2081  3162  3023
 6210    1474  3683  3162  2081
 6211    1474  2081  3162  1652
 6212    3168  2876  3169  1582
 6213    2938  1582  3169  2876
 6214    3168  3682  3169  3948
 6215    2938  3948  3169  3682
 6216    3168  1582  3169   249
 6217    2938   249  3169  1582
 6218    3682  3718  3169  2938
 6219    3168  3718  3169  3682
 6220    3168   249  3169  3718
 6221    2938  3718  3169   249
 6222    1316  2214  1142    84
 6223     984  1671   182  1670
 6224    2176   880  1142  1316
 6225    3985  2500  3992  2592
 6226     715   713  3434   714
 6227    4128   878   693  2582
 6228    2731  2031  4120  3379
 6229    1143  1316  1142   880
 6230    2008  3999  1316  2214
 6231    2251  1990  3166  3066
 6232    2214  1669   880   879
 6233    1262   953  3236  2783
 6234    2213  4142  1316   182
 6235    3999  3996  1316  2214
 6236    2219  2806  3944  2810
 6237    1411  1805  3081  1432
 6238    1580  1173  2124  2121
 6239     182  2177  2213  4142
 6240    1449   522  3174  3217
 6241    1143  1316  1478  2216
 6242     182  3031  1316   984
 6243    1103  2390  2389  1006
 6244    1671   247   183  1581
 6245     941  1431  2311  1805
 6246    1835    85  1142   880
 6247    2245  2120  3081  2536
 6248     880  2214  1142  1669
 6249    2214   879   880    84
 6250    1664  1431   942  1805
 6251    1835   879   880  2176
 6252      85    84  1142   880
 6253      84   879   880    85
 6254    3996  4142  2878  2877
 6255      85   879   880  1835
 6256    2176  1835  1142   880
 6257     248  3719   183   181
 6258     248  1671   183  3719
 6259    1670  1669  2213  3670
 6260      86  3068  2213   182
 6261      86  1669  2213  3068
 6262    3670    86  2213   182
 6263    3670  1669  2213    86
 6264    3353  1962  3303  3199
 6265    1316  3999  1478  3996
 6266     878   879  4128  2089
 6267    1416  4106  3480  3250
 6268    1159   442  4090  3522
 6269    2501  2502  3010  2643
 6270    1990   442  4090  3164
 6271    2728  1415  1416  1044
 6272    3619  3996  2878  3999
 6273    3050   255  3051  1080
 6274    1316  1835  1142  2176
 6275     878  1834  4128  1233
 6276     692  3721  2216  2215
 6277    3089  3602   909  1378
 6278    2877  3996  1478  3999
 6279    2089  2088  4128   878
 6280      85  2008  1316    84
 6281    3015  2008  1316    85
 6282    2176  2228  1316  1835
 6283     423  3725   156  2373
 6284    3015  1835  1316  2228
 6285    2437   572  1896   571
 6286    2216  1233  1143  2215
 6287     878   879   694   880
 6288    4000  3216  2538  3667
 6289    1142   880   694  1143
 6290    3774  1331  2244    93
 6291    2216  3667  1143  1232
 6292    1233  1232  1143  3667
 6293    2216  1232  1143  1233
 6294    3832  1415  3833  3834
 6295    2121  2110  2124   471
 6296    2877  4142  1478  3996
 6297    2216  2877  1478  1143
 6298    3721  2215  3881  2216
 6299    1473  2699  3673  1472
 6300    1202   471  2124  2110
 6301    2247  1900  3833  3831
 6302    2008  3015  4000  3667
 6303    3031   984  1478  1316
 6304     943  2245  1664  2118
 6305    1079  2167  1080  2165
 6306    1985  3986  4019  2555
 6307    3722  2019  1188  3993
 6308    1316  4142  1478  3031
 6309     670   672   671  2010
 6310    1316  2008  1478  3999
 6311    2877  3999  1478  2008
 6312    1316  3015  1478  2008
 6313    2877  2008  1478  3015
 6314    1316  2228  1478  3015
 6315    2877  3015  1478  2228
 6316    1316  2176  1478  2228
 6317    2877  2228  1478  2176
 6318    2877  1316  2176  1478
 6319    2545  3249  1881  1081
 6320    1316  2877  2176   880
 6321    2487  3977  2124  1580
 6322     694  1233  4128  2215
 6323     878  1233  4128   694
 6324     878   692   693   694
 6325     279  2230   280  2121
 6326     694  2215  4128   692
 6327     694   692  4128   878
 6328    4128   692   693   878
 6329    2582   692  2120   693
 6330     555  1320  2392  2393
 6331     812  1603  1274   810
 6332    2166  3050  3574  2167
 6333     602   424   600   529
 6334    4000  3619  2538  3216
 6335     490  1842  2157  2485
 6336     941  2311   902   670
 6337    2216  2215  4000  3667
 6338    1234  1806  1391  2537
 6339    2280   393  1869  3089
 6340    1431  1432  3081  1805
 6341     672  1432  2010  1680
 6342    3011  1129  1303  3739
 6343    1806  3196  1805  2312
 6344    2123   446   448  2124
 6345    1805  2312  3081  2536
 6346    2118  1664  3584  1103
 6347     670  2010   671   866
 6348     255   607  3831  3832
 6349    1044  1043  3688  2728
 6350    1805  1431  2537  2536
 6351    1004  1706  1704  1005
 6352     954  1976  1888  3272
 6353    3584  3892  3765  3370
 6354     909  3028  2171  3347
 6355    2545  3249  3830  3248
 6356     901  2828   903  1414
 6357    2729  4106  2727  3820
 6358    1805  1431  2311  2010
 6359    3027  2784  4003  4125
 6360    2165  2167  1080   255
 6361    1664  1805   942  2312
 6362    2545  3249  3248  1881
 6363    2312  2120  2118  1805
 6364    1914  1665  1964   865
 6365    2879  2215  4000  3619
 6366     105  2126  3640  2421
 6367    1664  1680   942  1432
 6368    1664  1432   942  1431
 6369    3667  3015  4000  2228
 6370    2471  1908  1909  2524
 6371    2118  1664  2539  3208
 6372    2120  2536  2537  3081
 6373    3559  3617  1975  1977
 6374    3559  1977  1975  3920
 6375     943  1806  2537  2312
 6376    3088  2576  2171  2464
 6377    3881  3721   943  2245
 6378    2457  1722  1940  3281
 6379    2245  2120  1664  2118
 6380     692  2582  2120  3721
 6381    2539  1006  3370  1004
 6382    2843  3067   998  3938
 6383    3353  3207  2540  3599
 6384    2312  1806  2537  1805
 6385    2245   692  2120  3721
 6386    3687   570  3252  3253
 6387    1300  1084  1083  1298
 6388    1680  1805  1411  1432
 6389    2724  2354  2693  3644
 6390    2119  2120   851   850
 6391     852  2118  2581  2119
 6392    2010  1432  2311  1680
 6393    1805  2120  1411  2312
 6394    3240  1983  1984  3780
 6395     942  1664  1665  3208
 6396    3196  1806  2120  2245
 6397    3619  3999  2878  2008
 6398    3881  3196  2120  2245
 6399    3881  3721  2120  3196
 6400    2245  3721  2120  3881
 6401    2120  1805  1411  2119
 6402    1680  2848  1408   672
 6403    1413  2291  2389  1103
 6404     941  1680  2311  1432
 6405    1143  1834  1833   694
 6406    3128  2258   600  3761
 6407    1805  2312  2311   941
 6408     941  1432   942  1680
 6409     943  2245  2118  2120
 6410     941  1805   942  1431
 6411    1379  1881  1396  1477
 6412    2415  2545  2414  3248
 6413    2010  1680  2311   941
 6414    1913   866   864   865
 6415    2010  1431  2311  1432
 6416    2771  1362   761  2767
 6417    1914   942  1665   941
 6418    3208   941  1665   942
 6419    3432  2427  2225  2227
 6420    1680  1432  2118  1805
 6421    2120  2312  2118   943
 6422    1805  1432  2118  1431
 6423    2119  2120  3546  1411
 6424    1548  3124  3222  2236
 6425    2010   903  2311   902
 6426    2371  1928   864   865
 6427     941  2010   903  2311
 6428     711   670  1293   710
 6429    1618  2896  1866  2150
 6430    2118  2312  1664   943
 6431    1181    96  3817    97
 6432    3830  3834  3248  3249
 6433    2118  1805  1664  2312
 6434     941  3584  1680  1664
 6435    1103  3584  3765  3890
 6436    1414   672  2389  2848
 6437    2118  1431  1664  1805
 6438    2118  1680  1664  1432
 6439    1103  3892  3765  3584
 6440    2118  1432  1664  1431
 6441    3834  3832  3248  3249
 6442    3688  3832  2242  3250
 6443      80  1881  2453  1882
 6444    3749  3748   155  3750
 6445    3688  2728  2242  1044
 6446    3688  2729  2242  2728
 6447    1079  3050  1080  2167
 6448     607   255  3831   254
 6449    4066  3893  3358  2469
 6450    4136  2648  3724  2649
 6451    1900  1415  1416  2247
 6452    2804  1881  1396  1882
 6453    3617  1977  3905  3728
 6454    1263  1395    79  1378
 6455    2165   255   254  2167
 6456    1881  3050  3574  3051
 6457    3575  2171    79  2576
 6458    2464  2462  3613  3179
 6459     927   467   922   379
 6460    1391  1232  3080  1233
 6461    2536  3081  1234  2537
 6462    3834  3830  3833  3831
 6463    3250  1415  3833  3832
 6464    2264  1043   179   180
 6465    2729  1415  1416  2728
 6466    1554    62  2387  3126
 6467    1234  2537  1391  2536
 6468    2093  3294  3158  3295
 6469    2414  1871   392  2841
 6470    1431  1805  3081  2536
 6471    3196  1806  2879  3216
 6472    3294  2237  2094  2238
 6473    2209  2807  1557  1545
 6474    2013  2011   294   293
 6475    2729  4106  3480  1416
 6476    1347   675  2901  3541
 6477    2537  3196  1234  1806
 6478     944  1593  3415   523
 6479    2386   731  1554  3823
 6480    3203  2837  1829  1675
 6481    3945  3834  2545  3830
 6482    2012  2247  3301  3480
 6483     607  3832  3688  4106
 6484    3832  3250  3688  4106
 6485    2265   179   178  2629
 6486    3250  3832  3833  3831
 6487    2812  2810  3944  2811
 6488    2727  2728  2240  2729
 6489    3257   255  4050   254
 6490    3667  1232  2879  3216
 6491    3764   392  1477  2414
 6492    2089  2176  4000  3619
 6493     255  3832  3831  3830
 6494    3832  3834  3833  3831
 6495    1079  3830  3688  1080
 6496    3238  3237  3005  2622
 6497    2165   607  3633   606
 6498    1417  2012  3480  1416
 6499    1079  2167  3830  3050
 6500    2165  2167  3830  1079
 6501    2165  3050  3830  2167
 6502    3643  3523  1400   440
 6503    3050  2165  1881  2167
 6504    3832  3250  3248  3249
 6505    2729  4106  2240  2727
 6506    1075  3817   970  1076
 6507    2264   606  3633  3688
 6508    3832   607  3688   255
 6509    2240  4106  2242  3250
 6510    3688  4106  2242  2729
 6511    2534  2153   926  3418
 6512    3832  3834  3820  3249
 6513     607  2728  3688   606
 6514    1081  3945  1881  2545
 6515    3954    38    39   669
 6516    3832   255  3688  3830
 6517    2879  2215  2878  2877
 6518    2728  4106  3688  2729
 6519     607   254  3633  3688
 6520    3250  3832  3820  3249
 6521    4106  2728  3688   607
 6522    2952  1417  3480  1416
 6523     254   255  3688   607
 6524    2453    80  3983  1263
 6525    3830   255  3688  1080
 6526     699  2825  2530  3263
 6527    2264   606  3688  1043
 6528     969  1322    96   971
 6529     254   255  4050   253
 6530    3619  3015  2878  2228
 6531    1081  1079  3051  1080
 6532    2240  3250  2242  3832
 6533    1866  1618  3430  1619
 6534    3646  3376  1675  3429
 6535    4106  3250  2727  3820
 6536    3248  2545  2414  1659
 6537    3250  3832  2727  3820
 6538    2877  2215  2878  2216
 6539    3832  3834  2727  3820
 6540    2545  2544  2414  1659
 6541     401   402  2535  3677
 6542    1881  3574  3421  2280
 6543    2804  1378  1396  1380
 6544    3830  2727  3834  3820
 6545    4106  3250  2240  2727
 6546    3462  3327  3430  2000
 6547     952   953  3552  2462
 6548    3830  2727  2240  3834
 6549    3688   606  3633   607
 6550    2911  2355  2030  3958
 6551    3248  3764  2241  3249
 6552    3250  3832  2240  2727
 6553    1044  2728  2242  2240
 6554    3688  1044  2242  1043
 6555    3832  3834  2240  2727
 6556    2240  2728  2242  2729
 6557    3463  2754  3603  1998
 6558    3773  3668  2386  3008
 6559    1087  1842  1285  2157
 6560    1081  3902  1881  3945
 6561    3830  1079  1081  3902
 6562    1143  2877  2878  2216
 6563    3832  3834  2242  2240
 6564    3688  3834  2242  3832
 6565    1881  3633  3574  2165
 6566    2242  3249  1881  3820
 6567    2242  2727  3830  3820
 6568    2727  2242  3830  2240
 6569    3688  3830  2242  3834
 6570    2242  3633  3830  3688
 6571    2240  3834  2242  3830
 6572    2165  3050  1881  3633
 6573    1006  2829  1644  2390
 6574    1871  1081  1870  3902
 6575     254   255  3633  3688
 6576     254  2165  3633   255
 6577    3249  3830  2242  3633
 6578    3830  2165  3633  3050
 6579    1080   255  3633  2165
 6580    3688   255  3633  1080
 6581    1079  3830  3633  3688
 6582    1079  2165  3633  3830
 6583    1080  1079  3633  3688
 6584    1080  2165  3633  1079
 6585    1081  2545  3830  3945
 6586    2242  3688  1881  3633
 6587    2545  3832  3248  3834
 6588    2414  2415  1396  1379
 6589    2545  3834  3248  3830
 6590    3945  1645  2841  2545
 6591    3635  3780  3241  2229
 6592    1882  3820  1881  3249
 6593    1081  3945  3830  3902
 6594    2241  3764  1477  1658
 6595    3830  1079  3051  1081
 6596    3830  3050  3051  1079
 6597    2545  2841  1870  1871
 6598    1081  3050  3830  3633
 6599    3050  1081  3830  3051
 6600    3633  3830  1081  3249
 6601    2242  3820  3830  3249
 6602    2545  1081  3830  3249
 6603    1411  2312  2120   943
 6604    2139   883  2265  2138
 6605    3619  2008  2878  3015
 6606    2139  2542  2138  2137
 6607    1391  1233  3080  1234
 6608    3999  3996  2878  2877
 6609    1143  2216  2878  3619
 6610    2247  1415  3833  1900
 6611    2879  3216  2878  3619
 6612    3619  2215  4000  2216
 6613    2013  2011  3727   294
 6614    3619  2215  2878  2879
 6615    2538  1232  3080  3667
 6616    1391  3196  3080  1806
 6617    1234  3081  1391  1411
 6618     699  1954  2826  1481
 6619    3619  2228  4000  3015
 6620    3881  2215  2879  3196
 6621    2176  3667  4000  2228
 6622    1044  2728  3480  1416
 6623    3619  2216  2878  2215
 6624     733  3158  2761  2093
 6625    1680  1432  3081  2536
 6626    1411  1680  3081  1410
 6627    2536  1432  3081  1431
 6628    3881  3721  2879  2215
 6629    2879  3216  4000  3667
 6630     943  2245  2537  1806
 6631    2120  3721  2537  3196
 6632    2312  1805  2537  2536
 6633     943  2312  2537  2536
 6634    2536  1431  2537  1432
 6635    2879  3667  4000  2215
 6636    3667  2215  2879  1232
 6637    3881  3196  2879  3216
 6638    2312   943  3081  2536
 6639    1411   943  3081  2312
 6640    1411  2245  3081   943
 6641    2536   943  3081  2245
 6642    1127    94  1662    93
 6643    2215  1966   692  2879
 6644    1234  1233  3080  3866
 6645    1391  2537  3080  2536
 6646    2139  2542  1899  1898
 6647    2538  2536  3080  2537
 6648    2537  1806  2538  3216
 6649    3785  3906  1781  3786
 6650    1234  2536  1391  3081
 6651    2538  2537  3080  1806
 6652     253   607   180   606
 6653    3081  1411  1234  2537
 6654    3831   607  3257   606
 6655    2538  1806  3080  3196
 6656    2536  3081  3080  1391
 6657    1234  1232  1391  1233
 6658    2011  2013  1417  2952
 6659    3480  1415  1900   180
 6660    2877  2228  2878  3015
 6661    2089  1143  2878  3619
 6662    2176  2228  2878  2877
 6663    3619  2228  2878  2176
 6664    1143  2089  2878   879
 6665    3619  2176  2878  2089
 6666    2176   879  2878  2089
 6667     880  2877  2878  1143
 6668    1143   879  2878   880
 6669     880  2176  2878  2877
 6670     880   879  2878  2176
 6671    2537   850  1234  3721
 6672    1899  1900  4050   253
 6673    2582   692  1234  3721
 6674    3196  2537  1234  3721
 6675     693  3866  1234   692
 6676    2582  3866  1234   693
 6677     693   692  1234  2582
 6678    3881  3196  1234  3721
 6679     179  1043  2265   180
 6680    1143  2089  4000  3619
 6681    2088  2176  4000  2089
 6682    2088  2089  4000  1143
 6683    4000  1833  1143  3667
 6684    1233  1232  2538  3216
 6685    3080  1234   692  1391
 6686    1806  3196  2538  3216
 6687    2538  3667  3080  4000
 6688    3196  3881  2538  3216
 6689    3216  3881  2538  3721
 6690    2291  1413  1414  1412
 6691    3216  3721  2538   692
 6692    2393  1320  2646   555
 6693    1234  3196  1391  1806
 6694     253  1899   180  2139
 6695    1234  3881  1391  3196
 6696    1234  3721  1391  3881
 6697    1234   692  1391  3721
 6698    1234  3080   692  3866
 6699    2538   692  3080  3866
 6700    1391  3881  3080  3196
 6701    2538  3196  3080  3881
 6702    1391   692  3080  3721
 6703    2538  3721  3080   692
 6704    1391  3721  3080  3881
 6705    2538  3881  3080  3721
 6706    2247  2011  2012  2246
 6707    2246  2011  2012  1417
 6708    2139  2138   179   180
 6709    3831   255  3257   254
 6710    1302   684  3011  3012
 6711    1527   980  1557  1545
 6712    1695  2825  3328  2297
 6713     253  2139  4050  1899
 6714     293  3301  4097   294
 6715    3831   254  3257   607
 6716    3831  1080  3257   255
 6717    1556  3368  1557   982
 6718    3263  2941  2530  1697
 6719    2013  2011   293  2952
 6720    1044  3007  4097  2728
 6721    1415   180  1043   253
 6722     699   700  1165   698
 6723    3480  2952   293  3301
 6724    1417  2011  2012  2013
 6725    4098  2064  3562  4143
 6726    2247  2246  2012  1898
 6727    1417  1898  2012  2246
 6728    2012  1900  1898  1899
 6729    2264  1043  2265   179
 6730    1417  2012  3301  3480
 6731     180  1899   179  2139
 6732    4106  1415  1416  2729
 6733     179  1899  2265  2139
 6734    2951  3727  2324   294
 6735    1898  2542  2138  2139
 6736    3727   295  3328  3006
 6737    1116  2065  1133  1311
 6738     254   607   180   253
 6739    3263  1696   699  2825
 6740     881  1954  1955  3006
 6741    1955  1481  2628  3187
 6742    2744   883  2629  2265
 6743    2264  1043   180   253
 6744    1898  2138  1899  2139
 6745     253  1900   180  1899
 6746    2993  2208     9   874
 6747    1899  2012   882  2138
 6748    2012  1899  1898  2138
 6749    2012  1417  2138  1898
 6750    2628  2873  3849   566
 6751     180  1900   179  1899
 6752    1165  2531  2825  2827
 6753    2246  1898   293  2952
 6754    2011  2246   293  2952
 6755     566  1954  1955  2873
 6756    1882  3688  1881  2242
 6757    4049  3761   602  2258
 6758     294  3007  4097   293
 6759    3834  3830  3831  3832
 6760    1898  2542   881  2744
 6761    3831  3832   607  4106
 6762    3250  3832  3831  4106
 6763    1898  3006   881  2542
 6764    4106   607  3831  2728
 6765    2728   607  3831   606
 6766    4106  2728  3831  2729
 6767     606  1043  3831  2728
 6768    1043   606  3831  2264
 6769     253  1415  3831  1043
 6770     178  2629  3849  2137
 6771    1043  1044  3831  2728
 6772    3831   606  3257  2264
 6773    2952  1417  3301  3480
 6774    3831  2264  3257  1043
 6775    1043  3831  4050  3257
 6776    1043   253  4050  3831
 6777     606   607  4050   253
 6778    3257   607  4050   606
 6779    3831   253  1900  1415
 6780     253  3831  1900  4050
 6781    1043  2264  4050   253
 6782    3257  2264  4050  1043
 6783    2264   606  4050   253
 6784    3257   606  4050  2264
 6785    1415   253  1900   180
 6786    1415  3480  1900  1416
 6787    2728  2729  3301  3480
 6788    2247  1900  3301  3480
 6789    1044  2728  3301  3480
 6790    2300  2825  3328   567
 6791     294  3007  3727  4097
 6792    1043  1044  3301  3480
 6793    2171  1263   909  3552
 6794    2946  2255  2993     7
 6795    4106  3250  3833  3831
 6796    4106  1415  3833  3250
 6797    3043   898   269   784
 6798     673  1345  2025  3817
 6799    2729  4106  3833  3831
 6800    2729  1415  3833  4106
 6801    2729  2728  3833  1415
 6802    3831  2728  3833  2729
 6803    2728  1044  3833  1415
 6804    3831  1044  3833  2728
 6805    1043  1044  3833  3831
 6806    1043  1415  3833  1044
 6807    3831  1415  3833  1043
 6808     294   293  2951  2013
 6809     567  2137  3849  2011
 6810    2744  1954  1955   881
 6811    3187  2873  1955  1954
 6812    3187  2825  2826  1481
 6813     178  2137  3849  2138
 6814     476  2116   478   477
 6815    3006   293   882   294
 6816    2530  3263  3328   295
 6817    2530  2941  2531  1697
 6818    2826  2825  3328  3006
 6819    2011  2246   294   293
 6820     293  1898   294  3006
 6821    2246  1898   294   293
 6822    3912  3979  2387  1554
 6823    1554  4139  2387    63
 6824     179  1900  2265  1899
 6825     883  1899  2265  1900
 6826     179   180  2265  1900
 6827    2265   882  1900   180
 6828    3126  3823  2387  1554
 6829     180   882  1043  2265
 6830    3006   294   882  3727
 6831    1940  2500  2874  3992
 6832    1043  1044  4097  3301
 6833    1043  3007  4097  1044
 6834    2952  1417  4097  3301
 6835    2952  3007  4097  1417
 6836    2754  3463  3430  3462
 6837    1506  1674  3430  3462
 6838    1417  2012  4097  3301
 6839    1417  3007  4097  2012
 6840    2269  3201  3956  3550
 6841    2816  3875  1780  1547
 6842    2012  2247  4097  3301
 6843    2012  3007  4097  2247
 6844    3009  2069   337  2609
 6845    2247  1900  4097  3301
 6846    2247  3007  4097  1900
 6847    1900  3480  4097  3301
 6848    2115   477  1959  2114
 6849     295  1696  3328  1695
 6850    2297  2825  3328  2300
 6851    1695  1696  3328  2825
 6852    2011  2246  3727   294
 6853    2011  3006  3727  2246
 6854     294  1898  3727  3006
 6855    2246  1898  3727   294
 6856    2246  3006  3727  1898
 6857    1955  2873  2628   566
 6858    2265  2138   178   179
 6859    2629   883   178  2265
 6860     178   293   882  2629
 6861    1593   944   721   523
 6862    2265   883   178  2138
 6863    2744  2137  2629  2542
 6864    2138  1417   178  1898
 6865     293  1898   178  2952
 6866    2138  2542   178  2137
 6867    2629  2542   178  1898
 6868     964  3912  2387  1554
 6869    2744  1898  2629   293
 6870    2744  2542  2629  1898
 6871    1116   563  1133  2065
 6872    2952  1898   178  1417
 6873    1955  3187  2628  2873
 6874     566   567  1955  1954
 6875     295  3006  1955  1954
 6876    2628  3187  3849  2873
 6877     567   295  1955  1954
 6878    2629  1898   178   293
 6879     881  2744  2628  1955
 6880    1955  1954   699  1481
 6881    1955   566  2628   567
 6882    3006   881  2628  1955
 6883    1091  2522  1166  2532
 6884    2826  3006  3328   295
 6885    3263  2522  2530  2941
 6886    2744  2137  3849  2629
 6887    2011  2137  3849  3006
 6888    2011  3006  3849  2013
 6889    3006   881  3849  2628
 6890    3006  2137  3849   881
 6891     881  2744  3849  2628
 6892     881  2137  3849  2744
 6893    1481  3586   699   700
 6894    1481  1696   699   565
 6895    3263   565   699  1696
 6896    3586  1481   699  3734
 6897    3263   295  2324  1696
 6898    1481   565   699  1092
 6899    2951   294  2324   293
 6900    3734  1481   699  1092
 6901     566  2825  2826  2873
 6902    2873  2825  2826  3187
 6903    3187  1954  2826  2873
 6904    2013  1696  2951  1695
 6905    3727   294  2951  2013
 6906    2522   698  1166  4001
 6907    2530  2522  2531  2941
 6908    2297  2013  2951  1695
 6909    3727  2013  2951  3006
 6910    2300  2013  2951  2297
 6911    2908  1335  1336  2152
 6912    4130    57  1334  2743
 6913     567  2013  2951  2300
 6914    1955  3006  2951  2628
 6915    3849  3006  2951  2013
 6916    2628  3006  2951  3849
 6917     567  1955  2951  2628
 6918    1150  2532  4130  2523
 6919    3849  2013  2951   567
 6920    3849   567  2951  2628
 6921    3263  1697  2530  3792
 6922    4130  3368  1336  2523
 6923    3792  3994  2530  3263
 6924     699  3263  2530   565
 6925     980  3368  1557  1545
 6926    3994  1729  2530  3263
 6927     294   295  3328  3727
 6928    3263  1729  2530   565
 6929    2297   295  2324  2300
 6930    1955  3006  2324  2951
 6931    1955   295  2324  3006
 6932    2300   567  2324  2951
 6933    2300   295  2324   567
 6934     567  1955  2324  2951
 6935     567   295  2324  1955
 6936    4130  1091  1334  2532
 6937    4130  1335  1334    57
 6938     569  1369   348   729
 6939    3348  3179  2783  2898
 6940      57  1149  4130  1335
 6941     982  3368  1557   980
 6942    1166   698  2827  4001
 6943    4001  1697  2531  2941
 6944    1166  4001  2827  1334
 6945    2941  2522  4001   698
 6946     700  1697  4001   698
 6947    2531  2825  2827  4001
 6948      55  3368  1336    56
 6949     698  1697  4001  2941
 6950    3586  1697  4001   700
 6951    3586  3734  4001  3792
 6952    1165  2826  2827  2825
 6953    4130  2532  1334  4001
 6954    3734  3994  4001  3792
 6955     945  3355  1959  2115
 6956    3734  1092  4001   565
 6957    2523  3368  1336  2152
 6958    3994   565  4001  1729
 6959    1091  2928  1334  1166
 6960    4001   565  2531  1729
 6961    2530  1729  2531   565
 6962    4001  3792  2531  1697
 6963    2530  1697  2531  3792
 6964    4001  1729  2531  3994
 6965    2530  3994  2531  1729
 6966    4001  3994  2531  3792
 6967    2530  3792  2531  3994
 6968    2807  1796  1557  1545
 6969    1556  1796  1557  2807
 6970    1527   982  1557   980
 6971    1556   982  1557  1527
 6972    2909  1556  1557  1527
 6973    1527  1545  1557  2909
 6974    1796  1556  1557  1526
 6975    1526  1545  1557  1796
 6976    2909  1545  1557  1526
 6977    1526  1556  1557  2909
 6978    1165  2531  2827   565
 6979     698  1102  1166  2743
 6980    1091  2928  1166   698
 6981     698  3763  1166  1102
 6982     698  2928  1166  3763
 6983      57  2743  4130  1149
 6984    1149  2532  4130  1150
 6985    1150  1335  4130  1149
 6986    1617  3374   623  3375
 6987    2596  1575  2597  3054
 6988    2754  2032  3463  1602
 6989    2743  1691  4130  1149
 6990    2532  1149  4130  1691
 6991     699  1954  1165  2826
 6992    2743  1102  4130  1691
 6993    3763  1727  4130  1102
 6994    1102  2887  4130  1691
 6995    2532  1691  4130  2887
 6996    1335  2523  2152  1150
 6997    3763  2928  4130  1727
 6998    2887  1727  4130  2532
 6999    1102  1727  4130  2887
 7000    1728  2928  4130  1091
 7001    1091  2532  4130  1728
 7002    1728  2532  4130  1727
 7003    1728  1727  4130  2928
 7004    1556  1335  1336    56
 7005     699  2825  1165  2530
 7006    1556  3368  1336  1557
 7007     699  3586  1165   700
 7008    2530   565  1165   699
 7009    2531   565  1165  2530
 7010    2523  1335  1336  4130
 7011     699   565  1165  1092
 7012    3734  3586  1165   699
 7013    4130  1335  1336  1334
 7014    1092  3734  1165   699
 7015    4001   698  2827   700
 7016    1165   565  2827  1092
 7017    4001  1092  2827   565
 7018    1165  3586  2827   700
 7019    4001   700  2827  3586
 7020    1165  1092  2827  3734
 7021    4001  3734  2827  1092
 7022    1165  3734  2827  3586
 7023    4001  3586  2827  3734
 7024    2523  1335  2152  1336
 7025    3480   882  1043   180
 7026    1617  2565  3271   623
 7027     621  2565  2897   623
 7028      55  1335  1336  1101
 7029    1101  3368  1336    55
 7030    1100  1335  1336  2908
 7031    2908  3368  1336  1100
 7032    1100  3368  1336  1101
 7033    1101  1335  1336  1100
 7034    4097  3007   882  1900
 7035    2629   883   882   178
 7036     293  2744   882  2629
 7037    3727   294   882  3007
 7038    1900  3480   882  4097
 7039    1899   883   882  1900
 7040    3480  4097  1043   882
 7041     178   883   882  2138
 7042     294   293   882  3007
 7043     293  3006   882  2744
 7044     293  2952   882  3007
 7045     293   178   882  2952
 7046    1900   180   882  3480
 7047    2545  3764  3248  2415
 7048    2139   883   882  1899
 7049     882  2265  1900   883
 7050    2138   883   882  2139
 7051    2138  2139   882  1899
 7052    2012  1899   882  1900
 7053    1417   178   882  2138
 7054    1417  3007   882  2952
 7055    2012  1417   882  2138
 7056    2012  3007   882  1417
 7057    2012  2247   882  3007
 7058    1900  2247   882  2012
 7059    1900  3007   882  2247
 7060     338  2069   337  3009
 7061      58  2950    60  2949
 7062    2497  1117  1133  1311
 7063    3880  2052  2051  2354
 7064    3702  3703  2894  2502
 7065     965   573   731   732
 7066    1944    58    60  2567
 7067    2093  2950  3158  1944
 7068    3904  1209  3791  3790
 7069     100  2153   926  2534
 7070     367  3922  4102  2068
 7071    3294  3295  3212  3296
 7072    3559  3893  1256  4066
 7073     952  2305  3236  2783
 7074    3295  3294  3158    60
 7075    2567  3580  2459   961
 7076    3295  2237  3294  2238
 7077    3057  1909   215  2109
 7078     732   573   731  3008
 7079    2094  1208  1210   962
 7080    3680  3823  2386  3773
 7081    2094  2093   962  3294
 7082    1554  3979  2387  4139
 7083     731  3823  2386  3978
 7084    3950   573   731   965
 7085    3126    62  2387  3822
 7086    3248  3764  3249  2415
 7087    2824  3708  3707  3810
 7088     214  3905    15  1403
 7089     965  3823   731  3978
 7090    2946  2482  2993  2255
 7091     959   956  2386  3008
 7092    2949  2950  2093  3809
 7093    3296  3212  2005  1635
 7094    3158  2093  2094  3294
 7095    1944  3580  2093  2950
 7096    1944  2567  2093  3580
 7097    3822    63  2387  4139
 7098     959  3823  2386   956
 7099     732   574   733    58
 7100    3822    62  2387    63
 7101     732   113   733   111
 7102     732   111   733   574
 7103    2460   733  2761  3008
 7104     961  2093  2761  3158
 7105     113   732   733  1145
 7106    1943  1145   733   732
 7107    4139  3979  2387  3822
 7108       8  2992  2993   874
 7109    1261  1262  3236  2783
 7110      60  3158  2761   733
 7111     905  1117  1311  1116
 7112    2094  3294   962  2237
 7113    2567  3580   961  2093
 7114     955  2459  3708  2824
 7115    2830   640  1866   641
 7116    3823  3668  2386  3773
 7117    3008  3668  2386   959
 7118    2237  3580  4051  3873
 7119    3158    60   961  2567
 7120    3158  2567   961  2093
 7121     955  3809  4051   958
 7122    2579  2885  3212  3296
 7123    2885  3212  1456  3338
 7124    2064   562  3564  4143
 7125    3192  3978   731  3008
 7126     965  3978   731  3192
 7127    3054  2596  3053  1435
 7128    3950   112   731  3008
 7129     965   112   731  3950
 7130     592  3192   731  3008
 7131     965  3192   731   592
 7132     592   112   731   965
 7133     592  3008   731   112
 7134     731   964  1554   965
 7135     731   965  1554  3823
 7136       8     7  2993  2992
 7137       7   705  2993   706
 7138     931   873  2993     7
 7139    3978  3823  2386  3680
 7140     959  3668  2386  3823
 7141    3912  3822  2387  3979
 7142    2992     7  2993  2255
 7143    2209  3805  3414  2210
 7144     733   574  2761    58
 7145    2460   958  2761  3787
 7146     574  3787  2761   958
 7147    2460  3787  2761  3772
 7148     111   574  2761   733
 7149     111  3787  2761   574
 7150    2460  3772  2761  2566
 7151     113  3772  2761  3787
 7152     111   113  2761  3787
 7153     733   113  2761   111
 7154    1943   733  2761  2460
 7155    2460  2566  2761  1943
 7156    3772  1145  2761  2566
 7157    1943  1145  2761   733
 7158    1943  2566  2761  1145
 7159     733  1145  2761   113
 7160    3126  3823  1554  1197
 7161    1197   965  1554   964
 7162    1197  3823  1554   965
 7163    1197    62  1554  3126
 7164    3736  1197  1554   964
 7165    3736    62  1554  1197
 7166     593    63  1554    62
 7167    2386  3823   957   956
 7168     593  3736  1554   964
 7169     593    62  1554  3736
 7170     593  4139  1554    63
 7171    3810  3809  4051  3873
 7172     593  2329  1554  4139
 7173     964  2329  1554   593
 7174    2386   956   957  3008
 7175    4139  2331  1554  3979
 7176    2329  2331  1554  4139
 7177     964  2331  1554  2329
 7178    3912  2331  1554   964
 7179    3912  3979  1554  2331
 7180    2460  3787   957   958
 7181     956   958   957  3787
 7182     732   956   957  1943
 7183    3008   733   957  2460
 7184    3008   732   957   733
 7185    3772  3787   957  2460
 7186    3772   956   957  3787
 7187    1943  2566   957  2460
 7188    1943   956   957  2566
 7189    2460   733   957  1943
 7190     732  1943   957   733
 7191    2566  3772   957  2460
 7192    2566   956   957  3772
 7193    1116  1117  1133   563
 7194     931     7  2993   823
 7195    2761    60  2459   961
 7196     961    60  2459  2567
 7197    1557  1545  3414  2209
 7198     957   958   955  2460
 7199    2824  3709  3707  3708
 7200     962  1210  4036   963
 7201    2761  2460   955   958
 7202    2459  2460   955  2761
 7203    2567  3580   955  2459
 7204    2567   958   955  3580
 7205    2761    60   955  2459
 7206    2761    58   955    60
 7207    2761   958   955   574
 7208    2761   574   955    58
 7209    2459    60   955  2567
 7210      58  2567   955    60
 7211     574  2567   955    58
 7212     574   958   955  2567
 7213    2946   464  2993  2482
 7214     874   464  2993  2946
 7215    2946     7  2993   706
 7216     706   874  2993  2946
 7217    3124   145  1456  1636
 7218     872   874     9  2208
 7219     872     8     9   874
 7220     285  3980     9     8
 7221    2208  3980     9   285
 7222    2009     8     9   872
 7223    2009   872     9  2208
 7224    2350   285     9     8
 7225    2208   285     9  2350
 7226    2009  2208     9  2350
 7227    2350     8     9  2009
 7228    2209  1545  3414  1685
 7229     981  3963  3414  1545
 7230     981  1545  3414  3413
 7231    2349  2348  3414  2209
 7232    3413  2348  3414  2349
 7233    1529  1685  3414  3963
 7234    2209  1685  3414  1529
 7235     981  3413  3414  1529
 7236    1529  3963  3414   981
 7237    1529  3413  3414  2349
 7238    2349  2209  3414  1529
 7239     961  2093  2824   963
 7240    1455  2949  3573  1634
 7241      59  3338  3573  1454
 7242    2719  2731  4120  3471
 7243    2458  2500  3342  2456
 7244    2578  3790  2659  1117
 7245    1938  2496  2273  1940
 7246     962  2094  4036  1210
 7247    2642  3010  2688  3330
 7248    2458  2456  3342  2457
 7249    3873  4143  3564  3810
 7250     963   962  3709  4036
 7251    4036  1210  1116  1117
 7252     962  2094  3709  4036
 7253    2459   961  3708  2824
 7254    2459  3809  3708   961
 7255      60    58  3573    59
 7256     961  2093  3708  2824
 7257     961  3809  3708  2093
 7258    2065  3904  1116  1208
 7259     958  3580  4051   955
 7260     958  3787  4051  3580
 7261    3580  2950  4051  2093
 7262    2459  3809  4051   955
 7263    3708  3873  3810  2824
 7264    1635  1636  1454  1455
 7265     742  1383  2352   741
 7266    3222  2580  1456  2885
 7267    3873  4143  3810  2237
 7268    2065  1210  1116  4036
 7269    2824  3873  3810   963
 7270    2094  3873  3810  2237
 7271    1180  2723  2719  2605
 7272     962  3873  3810  2094
 7273    3904  1209  2497  1208
 7274     963  3873  3810   962
 7275    2093  3809  4051   961
 7276     961  3580  4051  2093
 7277     961  3809  4051  2459
 7278    2459  3580  4051   961
 7279     963   962  3707  3709
 7280    3810   962  3707   963
 7281    1940  2456  2874  2500
 7282    3296  2579  2578  3212
 7283    3288   378  3251  4151
 7284     962  2094  3707  3709
 7285    3810  2094  3707   962
 7286    4098  2236  3562  2064
 7287    1209  3790  2659  3791
 7288    1210  1208  1116  1117
 7289    3709  4036  1116  1117
 7290    2065  1117  1116  3904
 7291    2816  1549  1548  2236
 7292     562  1117  1116   563
 7293    4084  3769  1547  2816
 7294    2580   905  2659  2236
 7295    3768  4084  2801  3769
 7296     905  1209  1311  2497
 7297    1117   905  1311  2497
 7298    1132   794   564  1991
 7299    2271  2918  1788  2917
 7300    2064  2065  3562  3564
 7301    2065   562  2064  1116
 7302    1548   145   146  1549
 7303    2495  2493  1763  2494
 7304    3707  3709  3564  2065
 7305    3707  4143  3564  3709
 7306      59  3295  1454  1455
 7307    3379  2031  3122  4010
 7308    3709  4036  3564  2065
 7309    3709  4143  3564  4036
 7310    4036  1210  3564  2065
 7311    4036  4143  3564  1210
 7312    1210  1208  3564  2065
 7313    1210  4143  3564  1208
 7314    1548  1549   146  2006
 7315    1208  3904  3564  2065
 7316    1208  4143  3564  3904
 7317    2065   905  1311  1116
 7318    2609  3508  3009  2069
 7319    1991  3045  3875  4096
 7320    2603  3508  3665   721
 7321    2069  3498   337  2602
 7322     905  2065  1311  3564
 7323    3791  1209  1311   905
 7324    3564   905  1133  1311
 7325    3564  4143  1133   905
 7326     905  2236  1133  1311
 7327    2841  1645   392  2544
 7328    1484  3701   614  1483
 7329    2580  3222  2579  2885
 7330     828  3665   525   523
 7331     907  1133   801   563
 7332    1512  2270  2468   479
 7333    4096  3045  2608  3435
 7334     907   563   801   562
 7335     721  2069   337   722
 7336    1311  1133   801   907
 7337    1132  2064   801   562
 7338    2619  2116   169  1960
 7339    1762   476   281  2143
 7340    1393  1629  4013  1615
 7341    4096  3045  3875  2608
 7342    1272  1271  2380   100
 7343    3921  2115  2114  3922
 7344    2006  1635   146  2005
 7345     794   802  1781   339
 7346     999    41  1000    40
 7347    2005   145   146  4143
 7348    3791   905  2659  1209
 7349    3124  4143  3222  2580
 7350     171   945  3503  2114
 7351    2005  1635   146   145
 7352    1132   562   564  2064
 7353    3028   393  2419   394
 7354      13   216  1403   215
 7355     562  2064  3435   564
 7356    4008  4084  2801  3768
 7357     569   570   332   568
 7358    2064  3564  3562  4143
 7359    1634  3294  1455  2094
 7360    2005  4143   146  2006
 7361    1132   563   564   562
 7362    3782  3009  3783  2609
 7363     338  3009  3045  1991
 7364     339   338  3045  1991
 7365    1548  2236  3222  2580
 7366    3435  4096  3562  2064
 7367    4098  4143  3562  3563
 7368     564   794  3435  1991
 7369    3563  2236  3562  4098
 7370    3563  3769  3435   564
 7371    3875  3784  3783  3782
 7372     564  1991  3435  3045
 7373    3782  4096  3783  3875
 7374     801   907  3563  1549
 7375    3690  3186  3875   802
 7376    3563  4096  4008  3875
 7377    2420  2844  3599  1963
 7378    2812  3075  2811    66
 7379     722   944   721  1593
 7380    1635  1636   146   145
 7381    1132   801  3562  3563
 7382    3705   379  3290  2151
 7383    3563   564  3562  1132
 7384     564  3769  3435  2816
 7385     564   802  3435   794
 7386    4096   794  3435   802
 7387    3665  2069   337   721
 7388    3435   564  3562  3563
 7389    3435  2064  3562   564
 7390     515   640   517  2896
 7391    2608  3784  3875  3782
 7392     167  1797   616  3308
 7393    3690  3186  4008  3875
 7394    3992  3339  3342  2500
 7395    3009  2609  2608  3045
 7396    2115  3922  3921  3355
 7397     338  3009  2608  3045
 7398     339   338  2608  3045
 7399    1132  2064  3562   801
 7400    3563   801  3562   907
 7401    2064   907  3562   801
 7402    2412  2495  3801  3936
 7403    1959   945  3503  3502
 7404     801  2816  4095   144
 7405    3563  4096  3875  3562
 7406    3563  3769   144  4098
 7407    4098  3563  4084  4008
 7408    2603  2601  3921  3922
 7409     338  3009  3782  2608
 7410    2874  2231  1938  3808
 7411     339   338  3782  2608
 7412    1548  1549  3222  3124
 7413     794  1991  3875  4096
 7414     794  3186  3875  1991
 7415     802   794  3875  4096
 7416     802  3186  3875   794
 7417     953   910  2464  2462
 7418    2885  3904  3296  2579
 7419    3782   338  3783  3009
 7420    3782   339  3783   338
 7421     905  3124  2236  2580
 7422     620   619   618   283
 7423    3124   905  2236  1133
 7424    4008  3186  3768  3875
 7425    2068   944   233   367
 7426    4098  3769  4084  3563
 7427    3690  3186  4084  4008
 7428    3690  3769  4084  3186
 7429    3563  3769  4084  3435
 7430    3529  2965  4078   846
 7431    3435  3769  4084  2816
 7432    4008  3563  4084  4096
 7433    3435  4096  4084  3563
 7434    4008  4096  4084  2816
 7435    3435  2816  4084  4096
 7436    3906  3786   524  2831
 7437     801  1132   144  3563
 7438    2816  1132   144   801
 7439     564  3769   144  3563
 7440    3563  1132   144   564
 7441     564  1132   144  2816
 7442     564  2816   144  3769
 7443     193   768  3288   378
 7444    4084  4008  1547  3690
 7445     564  2816  1780  1132
 7446    3501  3936  3801  2495
 7447    1151   147  1267   148
 7448    3501   476  3801  2143
 7449    3800  2412  3801  3936
 7450    4114  3118  3119  2142
 7451    3501  2143  3119  3854
 7452     331   281  2413   332
 7453     721  3508  3665  2069
 7454    3916  3090  3387   767
 7455    3498  2603  2602  3508
 7456    2609  3508  2602  2603
 7457    3783  3782  2602  3498
 7458    3783  2609  2602  3782
 7459     944   523  3665   721
 7460    2069  3508  2602  2609
 7461    3498  3508  2602  2069
 7462     524  3665   525   337
 7463    1593  2068   722   944
 7464    3827  3631  1134   172
 7465    2816   907  1780   801
 7466     828   523   525  1593
 7467    3375  1617  1619   623
 7468    3186  3690  2831  3906
 7469     801  1549  4095  2816
 7470    4084  3690  1547  3769
 7471    2115   170   945  3355
 7472    3508  2069   722  2068
 7473    3088  2464  2171  3347
 7474    2115  2114  1959   945
 7475     768   378   193   192
 7476    3875  4096  1780   802
 7477    2115  3355  1959   477
 7478     728   726   199   727
 7479     721  2601  3665  2603
 7480     382  1561  2320  1710
 7481    3854  2116  1960   478
 7482     802   801  1780   907
 7483    3875   802  1547  3690
 7484    1263    79  2171  3089
 7485    4098  3563  4095   144
 7486    2068   946   722   944
 7487    1639  4004   415  1714
 7488     906   907  1780  2816
 7489    3057   216   215  3058
 7490    3363  3315  3364  3314
 7491    1448  1271  3704  2564
 7492     428  1205   317  1998
 7493    3348  2305  2170   910
 7494    2620  1956  2413  2142
 7495    4095  3690  1547  1549
 7496    3314  4025  2766  3315
 7497    4095   145  3124  1549
 7498    3503  2114   326   327
 7499    2068  3355   722   946
 7500     619  3687  1763  2493
 7501    2068  2601   722  2603
 7502    2603  3626  3665  3508
 7503    2462  2576  2171  2170
 7504    2166  1081  3574  3051
 7505     722  3508   721  2069
 7506    1379  2241  1396  1882
 7507    3503  2114   327  3966
 7508     722  2603   721  3508
 7509     722  2601   721  2603
 7510    3785   802  1781   794
 7511    3966  3502   327  3503
 7512     476  2142  1956  2143
 7513    3505  3506  3004  3507
 7514     757   727  3310  3590
 7515    1658  1881  1477  1882
 7516    1576   379  3288  3290
 7517    1374  4025  1373  2525
 7518    3326   641   318  1672
 7519    2959  3664  3033  2958
 7520    2766  3968   730  2683
 7521     568   332  2413   281
 7522     268  2684   334  2678
 7523    2804  3764  1396  2415
 7524    3921  2115   326  2114
 7525    3356  2982  2981  2979
 7526     478  2116  1960   477
 7527    3764  2414  2545  2241
 7528    1549  2816  1547  4095
 7529    4098  2236  1548  3563
 7530    3122  4126  3121  1138
 7531    2068  1593   233   944
 7532    4095  2816  1547   144
 7533    3786   338  2831   339
 7534    3365  3846  1626   760
 7535     621  3927   515  1440
 7536    1714  2786  3568  3485
 7537    3959  3826  1134   172
 7538    3072  2232  2352  1337
 7539    3124   145  1548  1549
 7540    1133  4143  3124   905
 7541    1133  2236  3124   563
 7542    1133   563  3124  4143
 7543    1383  2220  2718  3072
 7544    3124  4143  2580   905
 7545    3790   905  2659  3791
 7546    1513  1514  2524   479
 7547     794  1991  1781  3785
 7548    1547  3690  3785  3906
 7549     802  3690  3785  1547
 7550     794  3186  3785   802
 7551    1379  1380  1396  1378
 7552    3690  3186  3785  3906
 7553     802  3186  3785  3690
 7554    1991  3186  3785   794
 7555     802   907  1780   906
 7556    2777  3557  2657  1467
 7557    2800  3784  4159  2802
 7558    1781  2816  1780  3785
 7559    3785   802  1780  1781
 7560    3800  3936  3801  3501
 7561    1547   802  1780  3785
 7562     906  2816  1780  2236
 7563    3784  2608  3785  3782
 7564    3784  3782  3785  3783
 7565    3783  3906  3785  3784
 7566    2524  2270  1909   215
 7567    1547  3875  1780   802
 7568    3341  2232  3340  2806
 7569    3702  3703  2688  1721
 7570    2659   905   906  2236
 7571    2502  2918  2894  2515
 7572    3296  3790  2578  3904
 7573    3296  3904  2578  2579
 7574    1634  3295  1455  3294
 7575    1454  1455  3573    59
 7576    1634  3295    59  1455
 7577    2094  1208  3212  1210
 7578    1208  4143  3212  1210
 7579    2094  3904  3212  1208
 7580    3296  3904  3212  2094
 7581    3296  4143  3212  3904
 7582    1208  3904  3212  4143
 7583    3564  2065  2659   905
 7584    1116  2065  2659  1117
 7585     905  2065  2659  1116
 7586    1116  1117  2659   905
 7587    2497  1117  2659  1209
 7588     905  1117  2659  2497
 7589    2497  1209  2659   905
 7590    1871  3902  1870  3945
 7591    1163  2569   718  2571
 7592    2580  4143  2659   905
 7593    3564   905  2659  4143
 7594    1634  2950  1455  2949
 7595    2578  2579  2659  2580
 7596    2498  2499  2875  3281
 7597    3072  1337  2352  1383
 7598    2885  2580  2659  2579
 7599    1456  3338  1454  2885
 7600    1940  2496  2273  3281
 7601     907  1311   906   905
 7602    2236   905   906  1311
 7603     907  2816   906  1549
 7604    2236  1549   906  2816
 7605     907  1133   906  1311
 7606    2236  1311   906  1133
 7607    3563  1549   906  2236
 7608     907  1549   906  3563
 7609    1133   563   906  2236
 7610     907   563   906  1133
 7611    3562  3563   906  2236
 7612     907  3563   906  3562
 7613     907   562   906   563
 7614    2236   563   906   562
 7615    3562  2236   906  2064
 7616    3562  2064   906   907
 7617    2064   562   906   907
 7618    2064  2236   906   562
 7619     721  1593  4102   722
 7620    3786   339  2931   338
 7621     337   721  2931  3665
 7622    3785  2816  1780  1547
 7623     338  3009  2931  3786
 7624     337  3009  2931   338
 7625    3665   524  2931   337
 7626    3665  3786  2931   524
 7627    3009  2609  2931  3786
 7628     337  2609  2931  3009
 7629     368  3626  4159  3506
 7630     337  2602  2931  2609
 7631    3786  2609  2931  2602
 7632     337  3498  2931  2602
 7633    3786  2602  2931  3498
 7634    2898   910  2783  3348
 7635    3783  3906  1781  3785
 7636    2831  3786  1781  3906
 7637     339  3786  1781  2831
 7638    1991  3045  1781  3785
 7639    1991   339  1781  3045
 7640    3783   339  1781  2831
 7641    2831  3906  1781  3783
 7642    3782  3783  1781  3785
 7643    3782   339  1781  3783
 7644    3045  2608  1781  3785
 7645    3045   339  1781  2608
 7646    2608  3782  1781  3785
 7647    2608   339  1781  3782
 7648     564  1132  1780   802
 7649    3435  4096  1780  2816
 7650     802  4096  1780  3435
 7651     564   802  1780  3435
 7652    3435  2816  1780   564
 7653    1403  3905    15    13
 7654    2572  2573   952   953
 7655     394   909  3028   393
 7656    3934  3953  1743  3955
 7657    3363  3118   348  2142
 7658    3560  3377  3200   996
 7659     392  3910  1477  3602
 7660    2574  1261  3236  2783
 7661    2241  2414   392  3764
 7662    1871  2414  2545  2841
 7663    3028  2575  3089   909
 7664    2240  2242  2241  1882
 7665     970  1075  1077  2192
 7666    1870  3910   392  2841
 7667    2419  3088  3613  3179
 7668    3559  3920  1975  1434
 7669    3051  3197  2166  1081
 7670    2419  3088  2171  3347
 7671    2722  3418  2679   933
 7672    3348  2170  3552  2172
 7673    1977  3893  3559  2469
 7674    3992  2458  1122  2592
 7675    2502  3703  2894  2917
 7676    2305  1976   952   954
 7677    3552  2452   909    78
 7678    1882  3249  1881  3248
 7679    1258  3358  2463  3348
 7680    2464  2575  3088  2576
 7681    2573   954   952   953
 7682    1909  3057   215  3058
 7683    2305   954   952  2573
 7684    2574   910  3088  1262
 7685    3459   617  3788  3253
 7686    1882  3248  1881  2545
 7687    3089  2575  1869  2280
 7688    1076   970  1077  3661
 7689    3945  3902  1870  2841
 7690    1976  2305  1975  3348
 7691    1027  1026    35    34
 7692    1262   910  2783  1261
 7693    1914  1913   864   865
 7694    1665  3208  1964   865
 7695    3574  2166  3421  2280
 7696    3576  3602  3421   394
 7697    1881  3575  3576  3574
 7698    2028  1842  3377  1841
 7699     192   378   193   379
 7700    1882  2240  1881  2727
 7701    1882  2545  2241  3248
 7702    1262  1261  2452    78
 7703    3820  2727  1881  2242
 7704    1881  2167  3574  3050
 7705     763   876  2156  1115
 7706    1262  1261  2574   910
 7707      80  1380    79  1378
 7708    3347  2171    79  3575
 7709    1976  1434  1975  3920
 7710    2462   910  2170  2305
 7711    3559  3893  4066  2469
 7712    2464  2575  3089  3088
 7713    2419  2576  2171  3088
 7714    1882  2242  1881  2240
 7715    2804  1882  3821  1881
 7716    2572  2573   953  1262
 7717    3764  3249  2415  3820
 7718    3088  2464  3347  3552
 7719    2109  2471  1909  2524
 7720    3088  2464  3613  3179
 7721     909  2575  2171  2576
 7722    2464  2576  2171  2462
 7723     953  1262  2464   910
 7724     952  2572  3236  2305
 7725    3575   393    79   394
 7726     952   953  2462   910
 7727     909  2576  2171  3028
 7728    1882  2727  1881  3820
 7729    3633  1081  1881  3249
 7730    2170   910  2172  3348
 7731    3575  2575    79  3089
 7732    3920  1977  1975  1976
 7733    2147  1005  2842  1706
 7734    3088  2575  3089  2419
 7735      50  2660   488  2661
 7736    2172  3348  3358  4066
 7737    1963  3207  3209  3599
 7738    2172  3348  3347  3552
 7739    2462  2170  3347  3552
 7740    2464  2462  3347  3552
 7741    3342  3808  2231  3339
 7742    2305   954  3348  1976
 7743    2305  2462  3552  2170
 7744    2172  3348  3613  3179
 7745    3028   909  3089   393
 7746    1013  3559  3275  1887
 7747    3456  1960  3607   945
 7748    1881  3945  2166  2545
 7749    3198  1871  1869  3910
 7750    3926  3463  3603  1998
 7751     920   335   334   186
 7752     226   764   228  2309
 7753    2172  3348  4066  3559
 7754    2573   954  3348  2305
 7755    1258  2172  2463  2170
 7756    2572  2573  3348  2305
 7757    3449   427   319  3337
 7758    1378  1380    79  3602
 7759    2170  2172  3613  3179
 7760    1603   401  2535   812
 7761    1402  1887  1433  1484
 7762    1081  3197  2166  3902
 7763    2170  2172  3358  4066
 7764    2462  2170  2463  3358
 7765    1975  3348  3358  1976
 7766    3179  1258  3275  1013
 7767    3348  3559  3358  4066
 7768    1975  3559  3358  3348
 7769      80  1378    79  1395
 7770    3905  3728  2470  3617
 7771    2545  3945  1870  2841
 7772    3088  2464  3179  1258
 7773    1397  1614  1077  1399
 7774    2576  2575  2419  3028
 7775    3088  2575  2419  2576
 7776    3575  2576    79  2575
 7777    3028   393  3089  2419
 7778      80  1395    79  1263
 7779    1998  3326   318  3603
 7780    3613  3028  2898  2419
 7781    2419  3028  2898   910
 7782    3559  1977  2470  3617
 7783    3236  1887  1888  2572
 7784    3559  2469  2470  1977
 7785     544  3391   720  3730
 7786    2572  2573  1258  3348
 7787    2607  3377  3561  1085
 7788    2658  3223  2767  2860
 7789    4066  2469  2470  3559
 7790    3358  3348  1258   954
 7791    2573   954  1258  3348
 7792    3920  3893  3559  1977
 7793    3893  3920  3559  1256
 7794    2309   765   764   228
 7795    2464  2462  3179  1258
 7796    1256  3893  2463  3358
 7797    2572  1258  3272  3179
 7798    3252  3315  3788  3253
 7799    3348  2572  3179  1258
 7800    2462  2170  3179  1258
 7801    3326  2896   318   641
 7802    2172  3348  3179  1258
 7803    2170  2172  3179  1258
 7804     633  1512   480   481
 7805    3905  1910  2470  3728
 7806    2573  1887  1433  2572
 7807    3701   614  1483  3700
 7808    4018  2109   668  3057
 7809    3330  1508  1592   505
 7810     479  1908  2524  1910
 7811    2471  1908  2524   479
 7812     480   481  1257  1256
 7813    2028  1085  1841  3377
 7814     195  2685   194   719
 7815      14   215   633  1512
 7816    1743   669  2467  3201
 7817    1258  3348  2463  2172
 7818     417  3961   416   418
 7819    2767  2644  1362  1363
 7820    1672  2754  2755  3326
 7821     162   935  3604  1386
 7822     932  3449   812  3704
 7823    3701  2899  1483  3275
 7824    2419  3088  2898  3613
 7825    2419   910  2898  3088
 7826    3358  4066  1257  1256
 7827    3559  1434  1257  3920
 7828    2305  3348  3236  2783
 7829    1261  2572  3236  1262
 7830    3088  2464  2898  3613
 7831    3088   910  2898  2464
 7832    3348  3179  2898  3613
 7833    3348  3179  3236  2783
 7834    2464  2462  2898  3613
 7835    2464   910  2898  2462
 7836    2172  3348  2898  3613
 7837    2172   910  2898  3348
 7838    2462  2170  2898  3613
 7839    2462   910  2898  2170
 7840    2170  2172  2898  3613
 7841    2170   910  2898  2172
 7842     953   952  3236  2783
 7843     953  2572  3236   952
 7844    2574  1395   908  1378
 7845    2419   910   909  3028
 7846     909  2574   910  2419
 7847    1087  4002  4003  1085
 7848    3279  1392  3278  1630
 7849    1961  2844  1965  1963
 7850    1525  2390  1644  2828
 7851    3209  3207  2539  3208
 7852    1721  1723  2688  2642
 7853    3341  2592  3340  2458
 7854    2894  1789  2643  2502
 7855    3676  3072  3944  3073
 7856    3955  4078  3953  3529
 7857    3574  3575  3576  2166
 7858    2541  2829  1704  1907
 7859    2414  2241   392  1871
 7860    1965  3207  3209  1963
 7861    3209  1665  1964  1914
 7862    1705  2844  3303  2420
 7863     941  2311   866  1913
 7864     392  2544  1477  1659
 7865     530   529   600  3128
 7866    3575   393  3576  3089
 7867    1512  2270   479   215
 7868    3303  3353  2842  2420
 7869    3303  3353  2540  2541
 7870    1379  3764  1396  2241
 7871    1871  3945  1870  2545
 7872    3051  3050  2166  3197
 7873     641  1672  2830   639
 7874    1658  1882  1379  1881
 7875    1263  1261  3983  1262
 7876    3910  3602   392   394
 7877    1477  3602  1379  1658
 7878    2241   392  1477  3764
 7879    1263  2453  3821  3983
 7880     529  3128  3335   424
 7881      79  1881  3574  3575
 7882    1081  3050  1881  3051
 7883    1882  3249  2241  3820
 7884     916   379  3290  3705
 7885    1658  3602  1379  1380
 7886    3575  2576  3576  2171
 7887    3633  3249  1881  2242
 7888    3248  2545  1659  2544
 7889      80  1380  2453  3602
 7890    3249  3820  2414  2415
 7891    3494  3600   600  3128
 7892    2830  3600  3494   639
 7893    1673  1672  1674  3327
 7894    2545  3764  2241  3248
 7895     909  3028  3347  3552
 7896    3089  1378    79  3602
 7897    3209  3208  2539  1964
 7898    2234  2235  2543  3385
 7899     394  3602    79  3575
 7900    2415  3248  2414  3249
 7901    3249  3248  2414  1659
 7902    2727  2240  1881  2242
 7903    2414  2544   392  1659
 7904    1001  1201   688   687
 7905    2544  2841  2545  2414
 7906    2841  2544  2545  1645
 7907    2841  1871   392  1870
 7908    1870  1871   392  3910
 7909    1658  3764  1477  2415
 7910    1658  2415  1379  3764
 7911    2804  2241  1396  3764
 7912    2241   392  1882  1477
 7913     392  1645  1477  2544
 7914     908  2574  3983  1263
 7915    3910   394   392   393
 7916    1477  3602  1396  1379
 7917    3983  1261  2452  1262
 7918    2240  2727  2241  3764
 7919    2452  3552   909  1263
 7920    2727  3820  2241  3764
 7921    3357  3961   416   417
 7922    3456  1960   282   281
 7923      80  1395  2453  1378
 7924    1263   909  3983   908
 7925    2544  2414   392  2841
 7926    1882  3820  2241  2727
 7927    1882  3248  2241  3249
 7928      80  1378  2453  1380
 7929    2462  2305  3552   952
 7930    1373  3314  4027  3315
 7931    1665  1468   864  1914
 7932    1882  2727  2241  2240
 7933    1881  2241   392  1882
 7934    1881  2241  1882  2545
 7935    2804  1882  1396  2241
 7936    2415  3764  1396  1379
 7937    1869    79  1881  2453
 7938    2305    78  3552   952
 7939    1378   909  3089  1263
 7940     392  1659  1477  2414
 7941    1263  3552    79  2452
 7942    3552    78    79  2452
 7943    3128   529   600   424
 7944    1505  2000  1506  1999
 7945      80  3602    79  1380
 7946    3028  2419  2171  3347
 7947     394   393    79  3602
 7948    3552   909  2171  3347
 7949    1659  2544  1477  1658
 7950    2241  1881   392  1871
 7951    1658  1659  1379  2414
 7952    2804  1380  1396  3602
 7953    2453  3602    79    80
 7954    2165  2167  3574  1881
 7955    1379  3602  1396  1380
 7956    2804  1395  1396  1378
 7957    1658  3764  1379  2241
 7958    2166  3910  3574   392
 7959    2414  2415  1477  3764
 7960    1658  1881  1379  1477
 7961      80  1395  1263  2453
 7962    2453  1881  3821  1882
 7963    1261  1395  1263  2574
 7964    1379  1882  1396  1881
 7965    3089  1263    79  1378
 7966    2574  1395  1263   908
 7967    1262   953  2452  3983
 7968    3702  2501  2688  3703
 7969    1395   909  1263   908
 7970    3599  1962  3353  3199
 7971     909  1395  1263  1378
 7972    3050  2167  2166  3197
 7973    2453    80  2452  3983
 7974     916  3705   193   379
 7975    1263   909  2452  3983
 7976    3430  2407  1675  3376
 7977     953    78  2452   952
 7978    2419  2575  3089  3028
 7979    1602  3926   623  1617
 7980    1262    78  2452   953
 7981    2804  2241  3821  1882
 7982    1882  2241  3821  2453
 7983    2804  3764  3821  2241
 7984    2171  3552    79  1263
 7985     812  3449  2535  3704
 7986    3089   393    79  3575
 7987    3089   393  1869  3910
 7988    2804  1881  3821  2453
 7989    1263  1395  3821  2453
 7990    2804  1395  3821  1263
 7991    2804  1378  3821  1395
 7992    2453  1395  3821  1378
 7993    2804  1380  3821  1378
 7994    2453  1378  3821  1380
 7995    2804  3602  3821  1380
 7996    2453  3602  3821  2804
 7997    2453  1380  3821  3602
 7998    2574  1261  2452  3983
 7999    2574    78  2452  1261
 8000     908   909  2452    78
 8001    3983   909  2452   908
 8002     866  1468   864   671
 8003     619  3118   348  3687
 8004     908  2574  2452  3983
 8005     908    78  2452  2574
 8006    2419   393  3089  3088
 8007    2462  2170  2171  3347
 8008    2464  1262  3552  3088
 8009     953  1262  3552  2464
 8010     953    78  3552  1262
 8011      79  3576  1881  3575
 8012    2452    80    79  3983
 8013    3347  2170  2171  2172
 8014    3088  2574  3552  2419
 8015    3088  1262  3552  2574
 8016    3575  3552    79  3347
 8017    3983    80    79  1263
 8018    2419   909  3552  3028
 8019    2574   909  3552  2419
 8020    2574  1261  3552    78
 8021    1262  1261  3552  2574
 8022    1262    78  3552  1261
 8023     908    78  3552   909
 8024    2574    78  3552   908
 8025     908   909  3552  2574
 8026    1081  3051  3198  1871
 8027    3198  2166   392  3197
 8028    3602  3089   909   393
 8029    2575  2171    79  3089
 8030    2171  2575    79  2576
 8031    3552  2171    79  3347
 8032    2171   909  3089  2575
 8033    2171  1263  3089   909
 8034    2166  3051  3574  3050
 8035    3576   394  3421   393
 8036    3576   393  3421  3089
 8037    3576  3197  3421  2166
 8038    3576  2575  3421  2576
 8039    3089  2575  3576  3575
 8040    1871  3910  3198   392
 8041     392  1881  3574  2166
 8042    2166  2167  3574  2165
 8043    3576  2166  3421  3574
 8044    3910  1871  1869  1870
 8045    2171  3347  3576  3575
 8046    2280   394  3421  3602
 8047    1081  3197  3198  3051
 8048    2280  1871  1869  3198
 8049     392  3910  3198  3197
 8050    1665  3207  3209  3208
 8051     392  3197  2166  3910
 8052    3051  3197  3198  3050
 8053    3945  3902  2166  3197
 8054    1081  3902  3574  1881
 8055    2166  3902  3574  1081
 8056    2166  3945  3574  3902
 8057    1881  3945  3574  2166
 8058    1881  3902  3574  3945
 8059    3902  1081  3198  1871
 8060    3902  3197  3198  1081
 8061    3945  3902  3198  1871
 8062    3945  3197  3198  3902
 8063    2545  3945  3198  1871
 8064    2166  3197  3198  3945
 8065    2166  3945  3198  2545
 8066    2166  3198   392  1871
 8067    2166  2545  3198  1871
 8068    3421    79  3602  3576
 8069    1869  2453  1881  2804
 8070    2280  2166  3421  3197
 8071    2280   393  3421   394
 8072    1914  1468   864  1913
 8073    2280  3089  3421   393
 8074    1913  1468   864   866
 8075    2280  2576  3421  2575
 8076    2541  1005  1704  1706
 8077    1869  2453  3602    79
 8078    3575   394  3576   393
 8079    1665  1914   864   865
 8080    3576    79  3602  3575
 8081    2453    79  1881    80
 8082    3575  3602  3576   394
 8083      79  3421  1881  3576
 8084    1869  2804  1881  1396
 8085    1664   941  3208   942
 8086    2280   394  1869   393
 8087    3910   393  1869   394
 8088    3198  3197  1869  2280
 8089    3198  3910  1869  3197
 8090     394  3602  1869  3910
 8091    2280  3602  1869   394
 8092    2166  3197  1869  3910
 8093    2280  3197  1869  2166
 8094    2166  3574  1869  2280
 8095    2166  3910  1869  3574
 8096    1396  3602  1869  2804
 8097    1477  3602  1869  1396
 8098    1477  3910  1869  3602
 8099    3574  1881  1869  2280
 8100    3574  3910  1869  1881
 8101    1396  1881  1869  1477
 8102    2280  1881  1869  3421
 8103     483  1739  3046  3496
 8104    1477  3910  1881  1869
 8105    3910  1477  1881   392
 8106      79  3421  3602  1869
 8107    1869  3421  3602  2280
 8108    1913  1914  1964   865
 8109    1664   941  2539  3208
 8110    3599  2844  3353  1961
 8111    1704  2541  3370  2539
 8112    3939  3391   543   544
 8113    2030   279  2911   280
 8114    2371  1928  2540  2541
 8115    1413  2291  1414  2389
 8116    2371  3207  3209  1965
 8117    2311  2010   670   866
 8118    2010   902  2311   670
 8119     941  2311   670   866
 8120     672  2848   902  1293
 8121    2539  1004  3370  1704
 8122    1914   941   670   866
 8123    1914   670   711   866
 8124    1103  1004  3892  1006
 8125    3330  2965  2964  1508
 8126    3209  1963  1964  1965
 8127    2393  3439  3440   555
 8128    1974    38  1511  3550
 8129    1928  2371  1964   865
 8130    3209  1965  1964  2371
 8131    2371  1965  1964   865
 8132    3640   876  1115  3641
 8133    3208  1665   864   865
 8134    3208  1468   864  1665
 8135    1841  1842  3027  2028
 8136    2917  3703  2688  2501
 8137    1509   506  1376   505
 8138    1928  3207  3209  2371
 8139     901  2828  2389  1103
 8140     711  1414  2389   901
 8141    3209  2371  1964  1928
 8142     670   902   711  1293
 8143    3599  1963  2540  2541
 8144    2371  3207  2540  1928
 8145    3200  3067   998   996
 8146    1340  1180  1178  1179
 8147     479  1910  2524   481
 8148    1512  1908   479  1910
 8149    3330   505  1592  3010
 8150    4083  2694  3673  1472
 8151    1373  2525  4027  1374
 8152    3956   216  4018  3550
 8153    3956    38    39  3954
 8154    1635  3212  3338  1636
 8155    3276  2420  2843  2844
 8156    1087  1842  1841  1085
 8157    1644  1963  2541  2371
 8158     713   715  3434  3952
 8159    4018  3956   668  3954
 8160     614  1910  3618  1908
 8161    1789   505  1592  3371
 8162    3058   216   215  2270
 8163    2501  3703  3702  2502
 8164    2501  2502  2643  1789
 8165    1908  1910  3618  2470
 8166    2806  3808  1939  3952
 8167    1709  1710  2320  1561
 8168    3472  3075  1569  3781
 8169    1286  3561  1895  2686
 8170     743  2066  2742  2183
 8171    1783   216  4018    14
 8172    3924   846  2894  4064
 8173    2470  1910  3618  3728
 8174    1013  1257  1433  1483
 8175    1257  3920  1483  1256
 8176    4064   846  2894  2965
 8177    1744  3528  4065  3625
 8178     614  3728  3618  1910
 8179    1783  2109  4018   216
 8180    2470  2471  3618  1908
 8181    4065  3625  3924  4064
 8182    3528   846  3625  2965
 8183      14  3728    13  3905
 8184    1743   669  1784    39
 8185    3057  2109  3618  2471
 8186    2708  2503    12   242
 8187    2592  2500  2458  2456
 8188    2237  2238  2005  4143
 8189    3702  3703  3281  2457
 8190    3342  3952  2231  3808
 8191     741  1383  2492   740
 8192    1383   742   740   741
 8193    1121  2687  3434  1123
 8194    3121  1137  1568  3781
 8195     144  3769  2006  4098
 8196    2219  2806   715  3952
 8197    2490  3075  3072  2491
 8198    4125  2784  4003  2785
 8199    2492   740  2490   741
 8200    2490   740  1339  1337
 8201    2723  2354  2724  3644
 8202    3338  3294  1454  3295
 8203    2874  1122  1938  1940
 8204    1085  4002  2028  1087
 8205    3072  3676    66    64
 8206    3072  1383  2352  2718
 8207    2491  2490  1339  1337
 8208     741  2592  3985   742
 8209    1383  2605  2352  2351
 8210    3378  3072  1569  2693
 8211     740  1383  1339  1337
 8212    2492  1383  1339   740
 8213    3379  1567  2029  2723
 8214    3880  2723  2029  1567
 8215    1121  2687  1123  1122
 8216    1962  1961  3303  1705
 8217    4010  1567  3122  3379
 8218    2271   506  3371   505
 8219    1746  1868    49  1867
 8220    3944  1122  1123  2810
 8221    2353  2031   780  4010
 8222    2458  2592  3992  2500
 8223    3472  3378  1569  3471
 8224    2412  1960   333  2411
 8225    1338   742  3073   741
 8226      65  3073  3944  2219
 8227    3985  2492  1338  1339
 8228    2491  1337  3072  2490
 8229    1007  1974  2964  1511
 8230    3992  2500  2498  2687
 8231     506   504  1377   505
 8232    3985   741  1338  2492
 8233    1940  2231  1938  2874
 8234    2351  2693  1569  3075
 8235     479  1512  2406  2468
 8236    3985   742  1338   741
 8237    1338  2492  3073  1339
 8238    4078   504  1377  2060
 8239    1705   998  3303  3199
 8240    1705  3199  3303  1962
 8241     279  1174   280  2096
 8242    3985  1338  3944  1122
 8243    2490  1337  3072   740
 8244     740  1337  3072  1383
 8245    2874  3808  1938  1122
 8246    3353  3199  3303   998
 8247    1339  1337  3073  1338
 8248     278  2031   780  2029
 8249    3072  3075    66  3676
 8250     997  1895  2778  2686
 8251    1123  3952  3434   715
 8252    3985  1338  1122  3992
 8253    1007  1008  1377   504
 8254    3992  2592  1122  3985
 8255    2457  3339  3342  3281
 8256    1868  3380  2125  2662
 8257    1338   741  3073  2492
 8258    3344    93  1571  3774
 8259    1087  1085  1841  2028
 8260    3702  3703  2875  3281
 8261    1789   506  3625   505
 8262    3121  1567  1568  1137
 8263    1722  2456  1940   713
 8264    3550  1514  1513  2269
 8265     234  1593  3415   233
 8266    1007   504  1377  2964
 8267    1567  3378  1569  1568
 8268    3073  1337  3676  3072
 8269    3072  1337  3676  2232
 8270    2238  2950  1634  2949
 8271    2693  2491  1179  3644
 8272    4010  2031  4035  3379
 8273    3341  3339  3342  3340
 8274    2351  2723  2719  3378
 8275    3472  3075    66  3471
 8276    2731  3471  3472  4120
 8277    1138  2030  4126  2694
 8278    1473  1472  3673  2694
 8279    2030  4035  4082   278
 8280    3122  1138  3121  3461
 8281     251  1176   252  2590
 8282    1842  2686  2778  1895
 8283    2686  1842  2778  3476
 8284    3490  3595  3491  2040
 8285     544   323  2803   250
 8286    1705  3067  3303   998
 8287    1173  1202  2124  2121
 8288    3151  3491  3861  2040
 8289    3072  2724  2693  3378
 8290    1339  1337  2693  2491
 8291    1980  1175  4026  2911
 8292    2354  2723  3880  1567
 8293     278  4010   780  2031
 8294    2030   280  2911   278
 8295    3880  2354  2693  2724
 8296    3644  2354  2693  2491
 8297    3072  1337  2693  2724
 8298    4035  4010   278  2031
 8299    4126  2694  4083  1138
 8300    1746  1821   196  1822
 8301     278  4035  4082  4010
 8302    2353   780  2699  1472
 8303     780  4010  4082  2353
 8304    1203  1174  2699  1175
 8305    2124  2121  2911  2230
 8306    2694   780  1472   278
 8307    2485  1282  1284  3542
 8308    1173  2230  2121  1580
 8309     278  2029  2030  2031
 8310    2487  2230  2121  3977
 8311    1580  2230  2121  2487
 8312    1285  3560  2778  1842
 8313    3468  3977  3673  4083
 8314    1202  2230  2121  1173
 8315    2121   471  2124   470
 8316    3157  2697  2700  2701
 8317     531   533   532  1487
 8318    2110  2230  2121  1202
 8319    2110   471  2121  2230
 8320    1285  3542  2778   997
 8321    2685   347   488    50
 8322    2356  4026  2355  4009
 8323    2487  1580  2124  2121
 8324    3392  3939   719  3345
 8325     280  2096  2911  2230
 8326    3231  1038  2977   751
 8327    1385   858  2448   857
 8328    1842  2485  2778  3542
 8329    3566  3490  3567  3595
 8330    3151  1732  3861  1929
 8331    1179  3644  1178  1340
 8332     278   279  2030   280
 8333    3124  4143  2005  3222
 8334     279  2230  1203  2096
 8335    3781  3075    66  3472
 8336     278  2031  2030  4035
 8337     280  1174  2911  2096
 8338    3676  2220    64  3072
 8339    1341  2052  1178  2694
 8340    1580  2487  1473  1175
 8341     279  1174  1203  1175
 8342    3471  3378  2719  2723
 8343    4120  1136  3472  3781
 8344    2699  1472  1473  1175
 8345    3471  2723  2719  1180
 8346     279  2096  1203  1174
 8347    2108  2474  2920  1025
 8348    1828  2862  1459  1759
 8349    2096  1174  3468  3977
 8350    4082  2353  1341   780
 8351    1982  3469  3470  3468
 8352    2123  2144   447   446
 8353    1926  3908  1605  1228
 8354    2096  3977  3468  2230
 8355    2121  3977  3468  2124
 8356    2121  2230  3468  3977
 8357    2124  2230  3468  2121
 8358    2694  1473  1341  3673
 8359     448  2123   447   446
 8360     279   280  4083  2911
 8361     382   539   540   790
 8362     278  2030  1472  2694
 8363    1635   145  2005  3124
 8364    1138  4035  4126  2030
 8365     278   279  1203  2030
 8366    2351  2731  2719  2605
 8367    3121  3461  3123  3122
 8368    1203   278  2699   780
 8369    1472   780  2699   278
 8370    3124   145  2005  4143
 8371     278  2030  2699  1472
 8372    1203  2030  2699   278
 8373    3123  3461  1982  3469
 8374    1634  2238  2005  1635
 8375    4083  3673  1341  4082
 8376    2699  1175  1473  1203
 8377    1203  1175  1473   279
 8378    4126  4082  1136  4120
 8379     279  1175  1473   280
 8380    2911   280  1473  1175
 8381    4083  1472  3673  2699
 8382    1203  2699  3673  1473
 8383    1203  4083  3673  2699
 8384    1203   279  3673  4083
 8385    1473   279  3673  1203
 8386     279   280  3673  4083
 8387    1473   280  3673   279
 8388    1473  2911  3673   280
 8389    1340  4082  1178  1341
 8390    4083   280  3673  2911
 8391    2351  2232  2352  2718
 8392    1136  1137  3472  3781
 8393    4083  2911  3469  3958
 8394    3461  2699  3123  2030
 8395    3468  2096  2356  4026
 8396    4009  2030  3123  2699
 8397    4009  3122  3123  4010
 8398    2030  3958  2355  4035
 8399    1929  3595  3594  2145
 8400    3673  4083  3469  3468
 8401    4026  2911  2356  3958
 8402    4009  4010  3123  4035
 8403     539  2892   540  2322
 8404    3673  2911  3469  4083
 8405     780   278  4082  4010
 8406    2006  4095   146   144
 8407    2714  3224  1299  2713
 8408    1138  4126  1137  1136
 8409    1472  2694  1138  4083
 8410    1472  2030  1138  2694
 8411    2220  2718  2719  2351
 8412    1180  2731  1340  2605
 8413    1583   539  1709  1072
 8414    2803  3731  3406  2359
 8415    2489  2503  2708  2488
 8416    3379  1567  2731  2029
 8417    1567  2354  2731  3880
 8418    2029  2031  2731  3379
 8419    2029  1567  2731  3880
 8420    2694  4126  4083  1341
 8421    4126  2030  1341  2694
 8422    4082  2030  1341  4126
 8423    1340  1180  1179  2731
 8424    4082   780  1341   278
 8425    2694   278  1341   780
 8426    2030   278  1341  2694
 8427    4082   278  1341  2030
 8428    2605  2490  1180  2491
 8429    2605  2491  1180  2693
 8430    2723  2605  1180  2724
 8431    2724  2605  1180  2693
 8432    2694  2353  2051  1472
 8433    3880  2354  2051  2353
 8434    2731  3644  1340  2354
 8435    2731  2354  1340  3880
 8436    3880  2029  1340  2731
 8437    2029  2031  1340  2731
 8438    2693  2724  1179  1180
 8439    2693  3644  1179  2724
 8440    2724  2723  1179  1180
 8441    2724  3644  1179  2723
 8442    3122  1567  3121  3379
 8443    2354  3644  1178  2052
 8444    1340  3644  1178  2354
 8445    3880  2354  1178  2052
 8446    1340  2354  1178  3880
 8447    2029  2031  1178  1340
 8448    2029  2052  1178  2031
 8449    3880  2029  1178  1340
 8450    3880  2052  1178  2029
 8451    1472  2052  2051  2694
 8452    2029  3880  2051  2353
 8453    2029  2052  2051  3880
 8454    1341  2694  2051  2052
 8455    2353  2694  2051  1341
 8456    2029  2031  2051  2052
 8457    2353  2031  2051  2029
 8458    4082  2353  2051  1341
 8459    1341  2052  2051  4082
 8460    1179  2723  3472  3471
 8461    3121  1567  1137  3379
 8462    3471  2731  3472  1179
 8463     963  2093    59  3295
 8464    3158  3295    59  2093
 8465    2238  3295    59  1634
 8466      60  2949  3573    58
 8467    3294  2238  1634  3295
 8468    1634  2238  3573    59
 8469    1721  2472  2273  2496
 8470    2514  3702  1788  3703
 8471    2094  2238  1634  3294
 8472    3212  3296  1456  1636
 8473    2885  3296  1456  3212
 8474    1636   145  1635  3124
 8475    4095  1549   146   145
 8476     145   144   146  4095
 8477    2006  1549   146  4095
 8478    4120  3379  1136  1567
 8479    3296  1636  1635  3904
 8480    3294  3295  3338  3212
 8481    3222  1636  1635  3124
 8482    2949    60  3573  3158
 8483    2580  1636  1635  3222
 8484    1635  1636  1455  1634
 8485    2094  3294  3338  3212
 8486    2659  1636  1635  2580
 8487    3124  3222  1456  2885
 8488    3296  4143  2005  3212
 8489    3222  2580  2005  1635
 8490    3222  4143  2005  2580
 8491    3904  3296  2005  1635
 8492    3904  4143  2005  3296
 8493    2580  2659  2005  1635
 8494    2580  4143  2005  2659
 8495    3564  4143  2005  3904
 8496    2659  4143  2005  3564
 8497    3564  3904  2005  2065
 8498    1635  2659  2005  1636
 8499    1635  1636  2005  3904
 8500    2659  3564  2005  2065
 8501    2005  1456  3904  1636
 8502    2659  2065  2005  1117
 8503    2005  1117  3904  2578
 8504    2659  1117  2005  2578
 8505    3707  3709  1455  4143
 8506    2094  3709  1455  3707
 8507    1634  2238  1455  4143
 8508    3810  2094  1455  3707
 8509    3707  4143  1455  3810
 8510    1634  2094  1455  2238
 8511    3810  4143  1455  2237
 8512    2238  2237  1455  4143
 8513    2094  2237  1455  2238
 8514    3810  2237  1455  2094
 8515    4098  3769  2006  4084
 8516    1940  3281  2874  2457
 8517     963  2237    59  2824
 8518     963  3295    59  2237
 8519    1722  2472  1121   713
 8520    2094  1210  3338  4036
 8521    3212  1210  3338  2094
 8522    1210  4143  3338  4036
 8523    3212  4143  3338  1210
 8524     574    58  3573  2949
 8525    3222  1636  1456  2580
 8526    3296  3904  1456  1636
 8527    2885  3904  1456  3296
 8528    2659  2580  1456  1636
 8529    2885  2580  1456  2659
 8530    2579  3904  1456  2885
 8531    2579  2885  1456  2659
 8532    2578  3904  1456  2579
 8533    2659  2578  1456  2579
 8534    2005  2659  1456  1636
 8535    2578  2659  1456  2005
 8536    1456  2005  3904  2578
 8537    1455  2005  1454  1635
 8538    3338  2094  1454  3294
 8539    1455  3294  1454  2094
 8540    3338  2005  1454  4143
 8541    1455  4143  1454  2005
 8542    3338  4036  1454  2094
 8543    3709  4143  1454  1455
 8544    2094  3709  1454  1455
 8545    2094  4036  1454  3709
 8546    3338  4143  1454  4036
 8547    3709  4036  1454  4143
 8548    1634  2949  3573  2238
 8549    2093  3158  3573    59
 8550    2093  2949  3573  3158
 8551      59  2238  3573  2237
 8552    2949  2237  3573  2238
 8553    2093  2824  3573  3708
 8554      59  2824  3573  2093
 8555    2093  3809  3573  2949
 8556    3708  3809  3573  2093
 8557    3708  2237  3573  3809
 8558    2949  3809  3573  2237
 8559      59  2237  3573  2824
 8560    3708  2824  3573  2237
 8561    1790  2514  1788  1940
 8562    4095   144  2006  4098
 8563    4098   146  2236  2064
 8564    2064   146  2236   562
 8565    1548  4098  2006  2236
 8566    4095  4098  2006  1549
 8567    2731  3379  4120  1567
 8568    1548  1549  2006  4098
 8569     562  4143   146   563
 8570    2064  4143   146   562
 8571    1548  2236   146   145
 8572    2006  2236   146  1548
 8573     146  3124  2236   563
 8574     562   563   146  2236
 8575    3124   563   146  4143
 8576    3124   146  2236   145
 8577    3124  4143   146   145
 8578     146  4098  2236  2006
 8579    4098  4143   146  2064
 8580    2006  4143   146  4098
 8581    2806   742  3341  2232
 8582    3072  2220  2718  3676
 8583    3676  2232  2718  3072
 8584    2351  2605  2719  2723
 8585     740  1383  2351  2605
 8586    1180  2605  2719  2731
 8587     740  2605  2351  2490
 8588    3471  3075  1569  3472
 8589     713  2687  1121  1722
 8590    3781  1179  3472  2731
 8591    2490  2605  2351  2491
 8592    2491  3075  2351  2490
 8593    2491  2605  2351  2693
 8594    2693  3075  2351  2491
 8595    2724  3378  2351  2693
 8596    2693  2605  2351  2724
 8597    2724  2723  2351  3378
 8598    2724  2605  2351  2723
 8599    1339  1337  2352  2232
 8600    1383  1337  2352  1339
 8601     741  1383  2352  2492
 8602    2492  2232  2352   741
 8603    2492  1383  2352  1339
 8604    1339  2232  2352  2492
 8605    1179  1180  3471  2731
 8606    1138  4035  3461  4010
 8607     382  1120   380   790
 8608    2723  1180  3471  1179
 8609     557   243    12   242
 8610    3380   325   324  3390
 8611    2911  2096  2356  2230
 8612    4120  3471  3472  1136
 8613    2731  4120  3472  3781
 8614    2932  2504  3445   241
 8615    1178  1340  4120  4082
 8616    2731  4082  4120  1340
 8617    1340  2031  4120  2731
 8618    1178  2031  4120  1340
 8619    2030  4035  3461  1138
 8620    3469  4083  3461  1138
 8621    1980  4026  3123  4009
 8622    3781  3378  3472  2723
 8623    1138  1472  3461  2030
 8624    2699  2030  3461  1472
 8625    1472  4083  3461  2699
 8626    1138  4083  3461  1472
 8627    4120  2031  1136  3379
 8628    3731  2359   381   380
 8629    4120  4082  1136  1178
 8630    1178  2031  1136  4120
 8631    1138  4010  3122  4126
 8632    2719  2220    64  3471
 8633    4126  4010  3122  4082
 8634    2353  2031  3122  2051
 8635    2353  4010  3122  2031
 8636    3121  1138  1137  3461
 8637    4082  2353  3122  2051
 8638    4082  4010  3122  2353
 8639    1721  1723  2273  1790
 8640    3122  4082  3121  4126
 8641    3122  3379  3121  2031
 8642    1177  2589  1853  2702
 8643    3122  2051  3121  4082
 8644    3122  2031  3121  2051
 8645    3781  2723  1568  3378
 8646      66  3075  2811  3676
 8647    4126  4082  1137  1136
 8648    3121  4082  1137  4126
 8649    3121  3379  1137  2031
 8650    1136  2031  1137  3379
 8651    2051  4082  1137  3121
 8652    2051  2052  1137  4082
 8653    1178  4082  1137  2052
 8654    1136  4082  1137  1178
 8655    2051  2031  1137  2052
 8656    3121  2031  1137  2051
 8657    1178  2031  1137  1136
 8658    1178  2052  1137  2031
 8659    2810  1122  1123   714
 8660    1009  1008  1007  1511
 8661    2352  2232  3341   742
 8662    1867  1868  3925  3407
 8663    1179  3644  3781  2723
 8664    1179  2731  3781  3644
 8665    3875  3186  3768  1991
 8666    2496  2472  1121  1722
 8667    3781  2723  3472  1179
 8668    3992  3339  2874  1122
 8669    2351  2220    64  2719
 8670    3122  1567  1568  3121
 8671     740  2490    64  3072
 8672    3072  2220    64  1383
 8673    3072  1383    64   740
 8674    2351  1383    64  2220
 8675     740  1383    64  2351
 8676    2490   740    64  2351
 8677    3392  1747  1283   346
 8678    3471  2719    66    64
 8679    3075  3072  1569  3676
 8680    2917  2918  1788  2514
 8681      65  2219  2810   714
 8682    1137  1136  1568  3781
 8683      64  2220    65  2219
 8684     346  1747  1283  2660
 8685    2723  2354  1568  1567
 8686    1137  1567  1568  1136
 8687    1721  2496  2273  1723
 8688    2810   714  2812    65
 8689    1568  3378  1569  3781
 8690    2499  3702  2875  3281
 8691    2806  2220  2219  2718
 8692    3378  3676  1569  3072
 8693     742    65  3073   741
 8694    2806   742  2219  3073
 8695    1008  1974  1007  1511
 8696    2806  2232  2219   742
 8697      65  2219  3944  2810
 8698    2219  2220    65  2718
 8699      65    64    66  2812
 8700    2420  2844  3353  3599
 8701    2718  2232    65  2219
 8702    2322  2589   540  1119
 8703      65   742  3073  2219
 8704     742  2232    65   741
 8705    2219  2232    65   742
 8706    1122  2458   715  2592
 8707    1939  3808  2231  3952
 8708     714  3985  2810  1122
 8709    1121  2472  3434   713
 8710     490  2157  1841  2028
 8711    3781  3075  1569  1568
 8712    2500  2687   713  2456
 8713     714  2810  3434  1123
 8714    2271  2272  2688  2917
 8715    2232  2718  1939  2806
 8716    3704   402  2535  1272
 8717      37  4065  3934  1744
 8718    1789  2515  1788  3371
 8719    1723  2496  2273  2272
 8720    2457  2456  3342  3339
 8721    2231  1939  1938  3808
 8722    1721  2472  1722   713
 8723    3952  3808  1722  2496
 8724     713  3808  1722  3952
 8725    2806  3952  1939   715
 8726     830  3783  2800  3784
 8727     713  2687  1722  2456
 8728    4008  4084  2802  2801
 8729    3077  3776  2263  1056
 8730     325  2984   346  2660
 8731    3073  2492  2812  1339
 8732      65  2220  2812  2718
 8733    2811  3075  1569  3676
 8734    2219  2806   714   715
 8735      64  2220  2812    65
 8736    2693  3072  1569  3075
 8737    1122  2592   714  3985
 8738     715  2592   714  1122
 8739    1940  1939  1938  2231
 8740     382  1710  2320  2882
 8741    2219  2806  2810   714
 8742    3944  3073  1123  1122
 8743    2157  1842  1285  3542
 8744    2492  2232  2812  1339
 8745    2718  2232  2812    65
 8746    3073   741  2812  2492
 8747      65   741  2812  3073
 8748     741  2232  2812  2492
 8749      65  2232  2812   741
 8750    3471  3075    66  2719
 8751    3072  2490    66  3075
 8752      64  2490    66  3072
 8753    2719  2351    66    64
 8754    2719  3075    66  2351
 8755    2351  2490    66    64
 8756    2351  3075    66  2490
 8757    1567  2354  1568  2731
 8758    2723  3644  1568  2354
 8759    3781  3644  1568  2723
 8760    1136  4120  1568  3781
 8761    1136  1567  1568  4120
 8762    2731  3644  1568  3781
 8763    2731  2354  1568  3644
 8764    4120  2731  1568  3781
 8765    4120  1567  1568  2731
 8766    2606  3871   662   490
 8767      64  2812  2811    66
 8768      66  3676  2811    64
 8769    2812  1339  2811  3073
 8770      64  2220  2811  2812
 8771      64  3676  2811  2220
 8772    2812  2232  2811  1339
 8773    3073  1337  2811  3676
 8774    3073  1339  2811  1337
 8775    2718  2220  2811  3676
 8776    2812  2220  2811  2718
 8777    2718  2232  2811  2812
 8778    2718  3676  2811  2232
 8779    3676  1337  2811  2232
 8780    1339  2232  2811  1337
 8781    3378  2693  1569  2351
 8782    3471  3378  1569  2719
 8783    2719  3075  1569  3471
 8784    2351  3075  1569  2719
 8785    2719  3378  1569  2351
 8786    1722  2687  1121  2496
 8787    1009  3058  1909  1513
 8788    1007  1508  1509  1008
 8789    3058  2270  4018   216
 8790    2524   215  1909  2109
 8791    2272  2271  2688  2642
 8792    1009  1511  2467  4158
 8793     633  2270  2468  1512
 8794    1121  2499  2688  2472
 8795    2642  2472  2688  1721
 8796    1122  2687  1123  3992
 8797    1790  2687  2273  1121
 8798     714  1122  1123   715
 8799    3785  3186  3768  3906
 8800    1122  3952  1123   715
 8801    2352   742  3341  1383
 8802    1122  3808  1123  3952
 8803     713  2500  3434  2687
 8804    1123  3808  3434  3952
 8805     713  3952  3434  3808
 8806    3992  2687  3434  2500
 8807    1123  2687  3434  3992
 8808     714   715  2231  2592
 8809     742  2592  3341  2458
 8810    3985  2592  3341   742
 8811    3342  3339  2231  3340
 8812    2502  2918  2515  2501
 8813    3985   742  3341  1338
 8814    3073   742  3341  2806
 8815    3073  1338  3341   742
 8816    1939  3952  2231   715
 8817    3808  1122  2874  3339
 8818    2502  2965  2894   846
 8819    4065  3529  3924  3528
 8820    1602  3926  3463  3672
 8821      51  1842  1841  3871
 8822    2684   767   503   191
 8823    2642  2501  2688  3010
 8824    1510  1514  4158  1513
 8825    2501  2918  2917  2502
 8826    2502  3703  2917  2501
 8827    3550  2270  2468  2269
 8828    2142  3118  3119  2143
 8829    3607  3456  3608  1960
 8830     505   506  3330  1508
 8831    4064  3625  3924   846
 8832     667  2109   668  1783
 8833    3992  2500  3342  2458
 8834    1939  3340  2231  2232
 8835    2499  2456  2457  2498
 8836    3342  2458  2231   715
 8837    1789   505  3371   506
 8838    2498  2456  2457  2687
 8839    3339  2456  3342  2500
 8840    2499  3702  3281  2457
 8841    3340  2458  3342  3341
 8842    2498  2499  3281  2457
 8843    2458   742  3342  3341
 8844    2457  1722  3281  2687
 8845    2496  2687  3281  1722
 8846    2687  2498  3281  2457
 8847    3339  2457  2874  3281
 8848    3341  3985  3340  2592
 8849    4018  3550   668  3956
 8850    3341  1338  3340  3985
 8851    3800  2116  3936  3854
 8852    1121  2472  2273  1790
 8853    3341  3073  3340  1338
 8854    2806  3073  3340  3341
 8855    2801   830  2802   829
 8856    3782  3783  3507  3498
 8857    2116   477  3503  3502
 8858    2457  3339  2874  2456
 8859    3281  2875  2273  1940
 8860    3992  1122  2874  1940
 8861    3281  2273  2687  2496
 8862    3371  2271  1788  1790
 8863    3340  2592  2231  2458
 8864    3371  2918  1788  2271
 8865    3992  2458  3342  1122
 8866    1122  3339  3342  3992
 8867     715  1122  3342  2458
 8868    3952  1122  3342   715
 8869    3808  1122  3342  3952
 8870    3808  3339  3342  1122
 8871     381  1709  2320  1875
 8872    1790  2272  2273  2271
 8873    1938  3808  2273  2496
 8874    2875  3702  2514  3703
 8875    2875  2499  2514  3702
 8876    3371  1790  2273  2271
 8877    2875  2498  2514  2499
 8878    2875  2687  2514  2498
 8879    2806   715  1939   714
 8880    3342  3340  2231  2458
 8881    3992  2500  2874  3339
 8882    1939   715  2231   714
 8883     715  2458  2231  2592
 8884    3342   715  2231  3952
 8885    2875  3281  2874  1940
 8886    2810  2806  1939   714
 8887    2875  3339  2874  3281
 8888    2231  3808  2874  3339
 8889    2514  2875  2874  1940
 8890    2806  2810  1939  3944
 8891    3785  2608  2802  2801
 8892    3340  2806  1939  3073
 8893    3944  3073  1939  2806
 8894    2231  3339  2874  3340
 8895     523  1593   368  3626
 8896     713  2456  1940  2500
 8897    3434   713  1940  2500
 8898    2514  3703  1788  2917
 8899    3434  2500  1940  3992
 8900    3409  1637  2610  3292
 8901    1123  3992  1940  1122
 8902    3434  3992  1940  1123
 8903     714  2810  2231  1939
 8904     714  3985  2231  2810
 8905    3944  3985  2231  1338
 8906    3340  3073  2231  1338
 8907    1939  3073  2231  3340
 8908    3944  2810  2231  3985
 8909    1939  2810  2231  3944
 8910    3944  3073  2231  1939
 8911    3944  1338  2231  3073
 8912    3339  2500  2874  2456
 8913    1790  1940  2273  2514
 8914    3251  2683  3968  4151
 8915    1122  1123  1938  1940
 8916    1122  3808  1938  1123
 8917    1722  2496  1938  1940
 8918    1722  3808  1938  2496
 8919    1123  3434  1938  1940
 8920    1123  3808  1938  3434
 8921     713  1722  1938  1940
 8922     713  3808  1938  1722
 8923    1940  3434  1938   713
 8924    3808   713  1938  3434
 8925    1790  2514  2273  2687
 8926    2271  2272  1788  1790
 8927    2501  2502  1789  2515
 8928    2524  1908  1909  1910
 8929    2875  2687  2273  2514
 8930    1121  2496  2273  2472
 8931    2917  3703  1788  2272
 8932    1938  1940  2273  1790
 8933    1723  2272  2273  1790
 8934     669  3954  2467  3201
 8935    1086  2146  2155  3989
 8936    2515  2918  1788  3371
 8937    3784   829  2802   830
 8938    2515  2514  1788  2918
 8939    2061  4078  3955  3201
 8940    1789  3371  1788  1790
 8941    3201  4078  2060  2061
 8942    3788   283   620   617
 8943    3953  4078  1744  3529
 8944    3625   846  4064  2965
 8945    1743   667  1784   669
 8946    3528  3529  3924   846
 8947    1790  1940  1788  1938
 8948    2524   479  2406  2468
 8949      14  1783   668  4018
 8950    3930   276  2439   487
 8951    2271  2917  1788  2272
 8952    2272  1723  1788  1790
 8953    2272  3703  1788  1723
 8954    1721  3703  1788  3702
 8955    2514  2499  1788  3702
 8956    1723  1721  1788  1790
 8957    1723  3703  1788  1721
 8958    1721  3702  1788  2499
 8959    2514  2498  1788  2499
 8960    1790  1721  1788  2472
 8961    2499  2472  1788  1721
 8962    1121  2499  1788  2498
 8963    2514  2687  1788  2498
 8964    1790  2687  1788  2514
 8965    2472  1121  1788  1790
 8966    2472  2499  1788  1121
 8967    1790  1121  1788  2687
 8968    2498  2687  1788  1121
 8969    3618  2471  1783    14
 8970    3057  3058  4018   216
 8971      38  3058    39  3057
 8972    2277   767  3251   191
 8973    4078  1789  2060  3529
 8974    3330  1508  2964  1007
 8975    3956  3954  3955  3201
 8976    4158  3201  2467  2061
 8977    2276  1513  2467  1514
 8978    2276  2061  2467  3201
 8979    1510   504  4158  1377
 8980    1743  3201  2467  4158
 8981    2061  4078  3953  3955
 8982     846  3529  3924  4078
 8983    3371  1789  2642  2643
 8984    2061   504  3953  4078
 8985    2109   216   215  3057
 8986    3010   506  3330   505
 8987    2277   378  3251  3288
 8988    4064  2917  2894  3703
 8989    2501  2499  2688  2498
 8990    3057  2109   668   667
 8991    3953  3529  1744  3528
 8992    1789  2515  2894  4064
 8993    4027  1375  3364  3118
 8994    3550  2269   215  2270
 8995    4018   216    13    14
 8996    1789  2515  3625  3528
 8997    3528  2515  3625  2918
 8998     368  2800  4159  3626
 8999    3506  3498  3507  3783
 9000    1789  2515  3528  3529
 9001      39    38  1743   669
 9002    3956  3550   668   667
 9003    2603  3508  3507  3626
 9004    2276  1511  2467  1009
 9005     504   506  1377  2060
 9006    2060   506  3528  1789
 9007    2060  1789  3528  3529
 9008     667  3057  1784  3058
 9009    3528   506  3625  1789
 9010    3625  3528  3924   846
 9011    4065  4078  3924  3529
 9012    4065  3528  3924  3625
 9013    1721  2472  2688  2499
 9014    3371   505  1592  2271
 9015    2918  2502  2894  2917
 9016      37  1744  3934  3953
 9017    2918  2917  4064  3625
 9018    1483  1434  1433  1484
 9019      13  3618  1403  3728
 9020     214   215  1403   216
 9021    3954  3955   669  3953
 9022    2643  1121  2642  2472
 9023      39    37  3934    38
 9024    3954  3201   669  3955
 9025    4064  2515  2894  2918
 9026    3625  2515  4064  2918
 9027    2468  3550  2406  4018
 9028    1789  2515  4064  3625
 9029    3057  3058  1909  2471
 9030    1744  3529  4065  3528
 9031    1744  4078  4065  3529
 9032    4018  1783   668  2109
 9033    3924  4065  3934    37
 9034      51  3871  1841  2028
 9035    3687   619   283   348
 9036    2643  1508  3543  3330
 9037    1508  1510  1509  1008
 9038     479  1514  2406  1512
 9039     614   214    15  1401
 9040    3924   845    37   846
 9041     214  3700  1403   215
 9042    1789  2502  2894  2515
 9043    4065  1744    37   845
 9044    1744  3953    37   845
 9045    3934  4065  1743  1744
 9046    3955  3201    37   845
 9047    3953  3955    37   845
 9048    1087  1085  2606  2607
 9049    3550    38    39  3956
 9050    3934    38  1743    39
 9051     348  3315   283  3363
 9052     669  3955  1743  3953
 9053    3934  1744  1743  3953
 9054     669  3953  1743  1744
 9055      14  3728  1783  3618
 9056    3618  2109  1783  2471
 9057    3010   505  1592  3625
 9058    2643  1789  2642  2501
 9059    2269  3550  2406  2468
 9060    2524  1514  2406   479
 9061    1512  1910   481   633
 9062    1512  1910   633  1908
 9063      39  3934  1784  1743
 9064     348   570   283  3687
 9065      14  3905  1783  3728
 9066    3607    21  3608   171
 9067    3253  3315  3788  3459
 9068      14   667   668  1783
 9069    1908  2471   634   633
 9070    1723  2272  2688  2642
 9071      37  3953  3934  3955
 9072     667  2109  1784  3057
 9073      37  3955  3934  3201
 9074    3934  3955  1743  3201
 9075     669  3201  1743  3955
 9076    2270  2468  3700   634
 9077    1008   504  1007  2061
 9078     669  3954  1784    39
 9079     667  3954  1784   669
 9080    4158  1514  2467  1513
 9081    1721  3703  2688  1723
 9082    3550   216  4018  2270
 9083    2406  2468  2276  2269
 9084    1008   845  1007  1974
 9085    3954  3956  1784    39
 9086     667  3956  1784  3954
 9087    1510  2061  4158   504
 9088    1377  1376  2467  4158
 9089    3956  3550  1784    39
 9090     667  3550  1784  3956
 9091    1510  1377  4158  1376
 9092    1512  1514  2406   633
 9093    4018  3057   668  3058
 9094     667  3058   668  3057
 9095    3459  1373  3315  4025
 9096    2269   504  2276  2061
 9097     954  1434  1433  1976
 9098    1377   505  1376   506
 9099    1723  1721  3543  2643
 9100    3010  2965  3330  4078
 9101    1087  3561  1285  3560
 9102    1509   505  1376  1592
 9103    3055  2976   743   745
 9104    3010  4078  3330  2060
 9105    1512   633  2406  2468
 9106     215  2270   633  1512
 9107    2276   504  2467  2061
 9108    2028  2784  3027  1841
 9109    1513  1008  1009  1510
 9110    2157  4002  2028   490
 9111    3934  3201  1510    37
 9112    1743  3201  1510  3934
 9113    1513    39  1009  3058
 9114    1974  3058  1511    38
 9115    2157  2607  2606   490
 9116     347  1282  1286  1747
 9117    1508  4078  3330  2965
 9118    1510   504  1008  2061
 9119      37  3201  1008   845
 9120    1510  3201  1008    37
 9121    2642  2643  3330  1508
 9122    1510  2061  1008  3201
 9123    1007  1008  3330  1508
 9124    2271  2272  3543  2643
 9125    4078   846  1508  3924
 9126    4078  2965  1508   846
 9127    1592  1723  3543  2272
 9128    2269  1514  2406  3550
 9129     846   845  2964  3924
 9130    1512  1514  1513   479
 9131    2271  3371  2642  2643
 9132    2899  1887  1483  3275
 9133    3330  3010  2964  2965
 9134    1013  2463  1257  1258
 9135     479  1910   481  1512
 9136    1783    14  1512   215
 9137    1783  2471  1512    14
 9138    1008   845  1974    37
 9139      37   845  1974    38
 9140    1512  1783   479  2471
 9141    1512   215   479  1783
 9142     667  3058  1513  1514
 9143    1784  3058  1513   667
 9144    3550    39  1513  1784
 9145     667  3550  1513  1784
 9146     667  1514  1513  3550
 9147    1512  2471   633    14
 9148    1908  2471   633  1512
 9149    1257  1256  1483  3701
 9150    1285   996  3200  3542
 9151    3560   996  3200  1285
 9152    1087  1085  4125  2146
 9153    2469  1910   481  3893
 9154    3905   614   481  1910
 9155    2470  1910   481  2469
 9156    2470  3905   481  1910
 9157     215  2270   634   633
 9158    1909  1009  1511  3058
 9159     169  2619  4005  1762
 9160     215  2270  1909  3058
 9161    2642  2687  2688  1121
 9162    1513  2524  1909  1009
 9163    1285  3938  3967  3560
 9164    1974  1510  1511  1008
 9165    1285  3542  3200  3967
 9166    3560  1285  3200  3967
 9167     479  1783  2524  2471
 9168    2109  2471  2524  1783
 9169    1909  3058  1511  1974
 9170     479  2270  2524   215
 9171    3200  3967   998  3067
 9172    1783   215  2524  2109
 9173     479   215  2524  1783
 9174    1009    39  1511  3058
 9175    2272  3703  2688  2917
 9176    1121  2687  2688  2498
 9177      37  1510  1974  1008
 9178    1508  2060  1509   506
 9179    3924  1508  1509  2964
 9180    1721  1723  2642  2643
 9181    2272  2271  2642  2643
 9182    1008  1510  1377   504
 9183      38  3058  1511    39
 9184     490  1842  1841  2157
 9185    2685  3345   194   719
 9186    1842  2028  3377   997
 9187      37  3934  1974  1510
 9188      37    38  1974  3934
 9189     215   614  3700  2270
 9190    3934  1743  1974  1510
 9191    3934    38  1974  1743
 9192    3550  2269  1974  3956
 9193    3956    38  1974  3550
 9194     669    38  1974  3954
 9195    1743    38  1974   669
 9196    3954    38  1974  3956
 9197    1121  2472  2688  2642
 9198    3561  3871    51  2607
 9199    1592  1508  1509   505
 9200    1723  2272  2642  2643
 9201    2524  1009  1511  1909
 9202    3550    39  1511  1009
 9203    3550    38  1511    39
 9204    1009  2269  1511  3550
 9205    1974  3550  1511  2269
 9206    1721  2499  2688  3702
 9207    1592  3330  3543  1508
 9208    2502  2894  3010  2643
 9209    2502  2965  3010  2894
 9210    2964  1508  1509  1007
 9211    1745  1842  1841    51
 9212    2157  1087   662  2606
 9213    2894  2965  3010  4064
 9214    1007   845  2964  1974
 9215     506   505  3010  3625
 9216    2501  3702  2688  2499
 9217    3550   667  2406   668
 9218    4064  2965  3010  3625
 9219    1508  2965  2964   846
 9220     846  2965  2964   845
 9221    2060   506  3010  3528
 9222    3528   506  3010  3625
 9223    3625  2965  3010  3528
 9224    1745    51  1841  2028
 9225    3529  4078  3010  2060
 9226    3529  2965  3010  4078
 9227    3529  2060  3010  3528
 9228    3528  2965  3010  3529
 9229    1121  2498  2688  2499
 9230    3010  2060  3330   506
 9231    1508   506  3330  2060
 9232    3871  1842  1841   490
 9233    3353  1961  3303  1962
 9234    3924   845  2964  4065
 9235     846  3924  2964  1508
 9236    4065   845  2964  1744
 9237    2272  1723  3543  2643
 9238    1744   845  2964  3953
 9239    1013  1887  1433  3559
 9240    3010  3330  3543  1592
 9241    4018  3550  2406   668
 9242    1007   504  2964  2061
 9243    2061   504  2964  3953
 9244    3201   845  2964  1007
 9245    1007  2061  2964  3201
 9246    3955  2061  2964  3953
 9247    3953   845  2964  3955
 9248    3201  2061  2964  3955
 9249    3955   845  2964  3201
 9250    2271  3371  2688  2642
 9251    2917  2918  2688  2271
 9252    2917  2501  2688  2918
 9253    2642  1789  2688  2501
 9254    3371  1789  2688  2642
 9255    2271  2918  2688  3371
 9256    2515  1789  2688  3371
 9257    2515  2501  2688  1789
 9258    2515  2918  2688  2501
 9259    3371  2918  2688  2515
 9260    1509  1508  3543  2643
 9261    3550  1514  2406   667
 9262    1509  1592  3543  1508
 9263    3953  1744  1377  2964
 9264    2964   504  1377  3953
 9265    3953  4078  1377  1744
 9266    3953   504  1377  4078
 9267     633  1910   634  1908
 9268    2964  4065  1509  3924
 9269    2899  1887  3275  3559
 9270    1508  3924  1509  4078
 9271    4065  4078  1509  3924
 9272    2276  3201  2467  3954
 9273    1592  2272  3543  2271
 9274    2894  3010  3543  1592
 9275    2894  2643  3543  3010
 9276    3371  2271  3543  2643
 9277    1592  2271  3543  3371
 9278    1592  1789  3543  2894
 9279    2643  2894  3543  1789
 9280    1789  3371  3543  2643
 9281    1592  3371  3543  1789
 9282    1377   506  1376  2060
 9283    1256  1258  1257  2463
 9284     481  1910   634   633
 9285    1509  1510  1376  1008
 9286    1377  1008  1376  1510
 9287    1509  4078  1376  2060
 9288    1377  2060  1376  4078
 9289    1007  1008  1376  1377
 9290    1509  1008  1376  1007
 9291    1509  4065  1376  4078
 9292    2964  1007  1376  1377
 9293    1509  1007  1376  2964
 9294    1509  2964  1376  4065
 9295    1744  4078  1376  4065
 9296    1377  4078  1376  1744
 9297    1744  2964  1376  1377
 9298    1744  4065  1376  2964
 9299    4018  2270  2468  3550
 9300    2734  1026  1027  2735
 9301    2684  3288   503  1576
 9302    4158  2061  2467   504
 9303     479  2270  2468  2524
 9304    2763   985  2256   923
 9305    2611  1552  3478  3230
 9306    3920  1977  1401  1402
 9307    3058  2270  2468  4018
 9308     924    34  2763  1026
 9309    2524  2270  2468  1909
 9310    2468  2270  2276  2269
 9311    1909  2270  2468  3058
 9312    1435  1711  1437  1712
 9313    4058  3292  2610  3293
 9314    1974  1510  4158  1511
 9315    2406  2468  2467  2276
 9316    1743  3201  4158  1510
 9317    2276  1377  2467   504
 9318    2406  1514  2467  4158
 9319    1743  1510  4158  1974
 9320    1401  3920    15  1977
 9321    3390  3391  3939  3392
 9322    1909  2524  2406  2468
 9323    1909  1514  2406  2524
 9324    3058  1909  2406  2468
 9325    3058  1514  2406  1909
 9326    2468  4018  2406  3058
 9327     668  3058  2406  4018
 9328     667  3058  2406   668
 9329     667  1514  2406  3058
 9330    2233  1904  2451  1700
 9331    2738  2734  2763  1026
 9332    2406  2269  2276  1514
 9333    2468   633   634  2270
 9334    2269  2061  2276  3201
 9335    1513  1514  2276  2269
 9336    2125  3380   663  2662
 9337    1513  2269  2276  1009
 9338     633  2468   634  2406
 9339    3956  2269  2276  3201
 9340    3956  3201  2276  3954
 9341    2984  2607  2606  2660
 9342    1009  2269  2276  1511
 9343     481  2469   480  2470
 9344    1013  1258  1257  3179
 9345    3956  3954  2276  1974
 9346    1974  2269  2276  3956
 9347    3613  3179  3275  1013
 9348    1511  2269  2276  1974
 9349    1511  1974  2467  4158
 9350    2276  1974  2467  1511
 9351    3954  1974  2467  2276
 9352    3954   669  2467  1974
 9353    1974  1743  2467  4158
 9354    1974   669  2467  1743
 9355     481  1910  3700   634
 9356     481   614  3700  1910
 9357    1908  1910  3700   614
 9358     634  1910  3700  1908
 9359    4018    14    13   668
 9360    1908  2471  3700   634
 9361    1908   614  3700  2471
 9362    3701  1484   614   635
 9363     634   633   480   481
 9364     481  2470   480  3905
 9365    1013  3358  1257  2463
 9366    2785  2784  4003  4002
 9367    2469  3893  1012   635
 9368    2277  2683  3968  3251
 9369    2899  3613  3275  2898
 9370    3559  3920  1257  1256
 9371    1013  3559  1257  4066
 9372    2463  3358  1257  1256
 9373     617   378  4151   192
 9374    2899  3179  3275  3613
 9375    3700   634  1012   480
 9376     481  1256   480  3893
 9377    1484  1434  1433  1402
 9378    2899  3272  1483  1888
 9379    3423   275   796   949
 9380     954  1887  1433  2573
 9381     481  1512   480   479
 9382    3272  3559  1888  2899
 9383    3236  2572  1888  3272
 9384    1975  1976  1888  1887
 9385    1437  1435  4033  1371
 9386    2573  1887  1888   954
 9387    1975  3559  1888  3272
 9388    3275   635  3701  2899
 9389     233   367  3004  3505
 9390      13  3728  1403  3905
 9391    1975  1887  1888  3559
 9392    2895   186   503   187
 9393    2783  3236  1888  3272
 9394    1887  2899  1483  1888
 9395    2470  1402  1484   635
 9396    1483  3617  1484  2470
 9397    1271   101  1270   100
 9398     265  1366  1329  2595
 9399    2470  3701  1484  1483
 9400     635  3893  1012  1256
 9401    1483  1888  1484  1887
 9402    2564   622  3704  3449
 9403    1434  3920  1483  1257
 9404    1013  4066  1257  3358
 9405    2899  1258  3275  3179
 9406    4066  3559  3275  1013
 9407    2899  3559  3275  4066
 9408    2899  2463  3275  1258
 9409    1013  1258  3275  2463
 9410    3358  4066  3275  1013
 9411    2899  4066  3275  3358
 9412    2463  3358  3275  1013
 9413    2899  3358  3275  2463
 9414    2899   910  3272  2898
 9415    1505  3327  1506  2000
 9416    3920  1977  1483  3893
 9417    1402   614   214  1484
 9418    4002  1085  2028  3377
 9419    3942  2111  2304  2759
 9420    2572  3179  3272  3236
 9421    2783  3179  3272  2898
 9422    3326   641  3926  2896
 9423    2899  2898  3272  3613
 9424    3179  3613  3272  2898
 9425    2899  3613  3272  3179
 9426    3700   635  3701   614
 9427    2573   954  3272  1258
 9428    3179  1258  3272  2899
 9429    1258  2572  3272  2573
 9430    3700   634  3701   635
 9431     954  1976  3272  3358
 9432    1258   954  3272  3358
 9433     480  3893  1012  2469
 9434    3358  1976  3272  1975
 9435    2899  2463  3272  3358
 9436    1258  2463  3272  2899
 9437    1258  3358  3272  2463
 9438    1975  3559  3272  3358
 9439    2899  3358  3272  4066
 9440    3559  4066  3272  3358
 9441    2899  4066  3272  3559
 9442    1229  3554  2451  1904
 9443    3053  3086  3882  3883
 9444    3700   614  1012   635
 9445    1257  1256  1012   480
 9446    2001  2668  2097  1839
 9447    1013   635  3701  3275
 9448    1286  2485  3561  3542
 9449    1961  2844  2843  3938
 9450     635  1013  1012  3275
 9451    1257   635  3701  1013
 9452    1256   635  3701  1257
 9453     634   635  1012   633
 9454     480  1013  1012  1257
 9455    1257  1013  1012   635
 9456    1256  3893  3701   635
 9457    1283  1282  1284  1747
 9458     634   633  1012   480
 9459     214  3905  1403  3728
 9460    3893  2469  3701   635
 9461     633  1512  1012   480
 9462     635  2469  3701  2470
 9463    2470  1977  1483  3617
 9464    3893  2469  1483  3701
 9465    3893  1977  1483  2469
 9466    3701  1256  1483  3893
 9467    3920  3893  1483  1256
 9468    2470  2469  1483  1977
 9469    3701  2469  1483  2470
 9470    2470  2469  1012   635
 9471     480  2469  1012  2470
 9472    1401  1434    15  3920
 9473    2845   933   926  3450
 9474    3617  1977  1484  1402
 9475    1483  1977  1484  3617
 9476    3920  1977  1484  1483
 9477    3920  1402  1484  1977
 9478    3920  1434  1484  1402
 9479    1483  1434  1484  3920
 9480      13  4018  1403   216
 9481    1483  1257  1433  1434
 9482    3618   614   214  3728
 9483    3700   614   214  2471
 9484    3700  1403  2471   214
 9485    3618  2471   214   614
 9486    3618  3728    13    14
 9487      14   215    13   633
 9488      14  2471    13  3618
 9489    3920  1402  1401  1434
 9490     214  1403    15  1401
 9491     633  2471    13    14
 9492    1403  3700  2471   634
 9493     634   215  1403  3700
 9494      13   215  1403   633
 9495     634   633  1403   215
 9496      13  2471  1403  3618
 9497     214  3618  1403  2471
 9498      13   633  1403  2471
 9499     634  2471  1403   633
 9500    1403  1402  1401   214
 9501    1402  1977  1401  3617
 9502     214  1402  1401   614
 9503    2470  1402  1401  3617
 9504     336   335   187   188
 9505     614   635  1401  1012
 9506     614  1402  1401   635
 9507    1012   480  1401   614
 9508    2470   480  1401  1012
 9509    2470   635  1401  1402
 9510    1012   635  1401  2470
 9511    1013  1887  1483  1433
 9512    1887  1013  1483  3275
 9513    1976  1434  1433  1975
 9514    1975  1887  1433  1976
 9515    1257  3559  1433  1434
 9516    1013  3559  1433  1257
 9517    3559  1887  1433  1975
 9518    1975  1434  1433  3559
 9519     614  3905    15   214
 9520    1401  1977    15  3617
 9521    3905  3617    15  1977
 9522    1401   480    15   614
 9523    3905   614    15   480
 9524    2470  3617    15  3905
 9525    1401  3617    15  2470
 9526     480  2470    15  3905
 9527    1401  2470    15   480
 9528    1893  1851  1891  1852
 9529    1858   509  3082  3710
 9530     193   192   191   768
 9531    1268  3478  2738  2612
 9532    2277   191  3251   192
 9533    2050  1451  3624  2299
 9534     467  3290   637   379
 9535     336   335   188  2766
 9536     191   767  3251  4151
 9537    2620  3118  2413  1375
 9538     620  3252  4027  3315
 9539    1436  2973  3357  2321
 9540    3926  3374   623  1617
 9541     502  2153  2154  3418
 9542    2679  3418   926   933
 9543     927  2678   922   334
 9544    3966  4102  3965   327
 9545    1763  1762   618   282
 9546     233  1593  3415   944
 9547     268  2678    99  2684
 9548    2494  2619  1763  1762
 9549     331  1956  2413   281
 9550     169   170  3608   171
 9551    3607   170   234   945
 9552     171   170  3607   945
 9553    3968  3459   730   729
 9554    3252   617   620  4151
 9555    3314  3315  1373  4025
 9556    4151   192  3251   191
 9557    2277  3251  3968  3459
 9558     617   192  4151   191
 9559     124  1135   147  3826
 9560     191   767  4151   617
 9561     326   327  3965  4102
 9562     569  3459   729  3253
 9563    1762   282  4005   618
 9564    1959  2114  3503   945
 9565     171   945  3607    21
 9566    2116  2114  3503   477
 9567    2277   767   336  3251
 9568    1960   477  3607  1959
 9569    1963  2371  2842  1965
 9570    3800  1959  3936   477
 9571    1762  2143  2411   476
 9572     932  1271  3704  1448
 9573    4151  3251  3252  3253
 9574    3459  3251  3253  2277
 9575     729   569   332   568
 9576     476   478   281  1956
 9577    3459   617  3253  4151
 9578     569  3459  3253   570
 9579     569   570   331   332
 9580     332   568  2413  2411
 9581    3459  4151  3253  3251
 9582     486  1903  2451  1902
 9583    3459  4151  3968   617
 9584    2683   617  3968  4151
 9585      36    34  2340    35
 9586    1566  2733  3694  2715
 9587    1435  3877  1437  1711
 9588    1681   765   228  2307
 9589    2766  4025   730  3459
 9590    2766  3459   730  3968
 9591    1763   619   618  1762
 9592      24   232  1268  1551
 9593     945   946  3415   944
 9594    3502   477  3503  1959
 9595    3800  3502   327  3966
 9596     569  3253   729  3252
 9597     281  1956  3119  2143
 9598    3253   617  3252  4151
 9599    2495  2493   333  1763
 9600     569  2683   729  3968
 9601     188  2766  1369   730
 9602    1956  2143   281   476
 9603    4027  3315  3364   620
 9604    3253   570  3252   569
 9605    4102  3505    19  3003
 9606    3501  1960  3801   478
 9607     199   727   198  4111
 9608     171    21   169  2619
 9609     348   281   282   283
 9610    2493   568   333  2411
 9611    2493  2495   333   568
 9612    3936  3964   333  2495
 9613     568   332   333  2411
 9614    3501   478  3801   476
 9615    2411  3964   333  3936
 9616    4147   414   413  2102
 9617     233  3626   368  1593
 9618    2831  3906  3768  3186
 9619    3875  4008  2801  3768
 9620    3507  3626   368  3506
 9621    2759  3942  3940  3882
 9622    2142  2143  3119  1956
 9623     570  3687   332   568
 9624     283   282   618   620
 9625    4114  1956  3119   281
 9626    3964  2494    20  2495
 9627    3505   367  3003  4102
 9628      21   945  3503   171
 9629    3502  3854  3503  2116
 9630     167  3076  2745    71
 9631    2116  3854  3503  2114
 9632    3501  3502  3801  3800
 9633    3456   478   281   476
 9634     945  2115   171   170
 9635    2114  2115   171   945
 9636    3608   170   234  3607
 9637    2493   568   619  3687
 9638     171    21  3608   169
 9639    1627  3632  3038  1534
 9640    3854  2116  2619  1960
 9641    2068  1593  4102   233
 9642     729   569   283   348
 9643    1960   478   281  3456
 9644     348  3315  3788   283
 9645    4102  3665   328  3505
 9646     767  3315  3788   191
 9647    3503   171  3966    21
 9648     332  3687   619   568
 9649     331   332  2413  2411
 9650    1374   569   331  2525
 9651    2493  1763   282   281
 9652     328  3498  3507  2601
 9653     331  2142  2413  1956
 9654    2336  1162  1034  3102
 9655    3964   169  3936  3608
 9656    1453  2035  2382  2042
 9657     829  2831  3768  3186
 9658    3503  3502  3501  3854
 9659     174  1135   147   173
 9660    3608   169  3936  2116
 9661     944  3922   367  2068
 9662    2142  1956  3119  4114
 9663    3786  2831   829   524
 9664    2831  3783   829  3784
 9665    3505  4102  3507   328
 9666    2831  3786   829   338
 9667    3875  2608  2802  3784
 9668     338  3783   829  2831
 9669     144  3186  3768  3769
 9670    3607   171  3608   170
 9671    3506   828   368  3507
 9672     337  3665   828  2069
 9673    3090  4025  1373  2527
 9674    4005   169  3608  3456
 9675     169  1960  3456  2619
 9676     767   191  3788   617
 9677     946   234   945  3415
 9678    1763  1762   282   281
 9679    3314  3315  3788   767
 9680     169  1960  3608  3456
 9681    3253   617  3788  3252
 9682    2619  1960  3456  2494
 9683    2494  1960  3456  2495
 9684    3687   619   620   283
 9685     319   811   515   428
 9686     617   191  3788   192
 9687    3119  4114  1375  3118
 9688     618   282  4005  3456
 9689    3788   617   620  3252
 9690    4114   281  3119  2493
 9691    2043  2440  2041  2441
 9692    1763  2493  3119   281
 9693     569  1374   348  2525
 9694    1374  3363  3364  1375
 9695     348   569   283   570
 9696     348  1956   282   281
 9697     281   568   282  2493
 9698     281   332   282   568
 9699    3968  3459  3788  3315
 9700     617  3459  3788  3968
 9701    3968  3315  3788  2683
 9702    3968  2683  3788   617
 9703    3687  3252   620   619
 9704    3788  3252   620  3315
 9705    3788  3315   620   283
 9706    3456  2619  4005   169
 9707    3687   570   620  3252
 9708     283   570   620  3687
 9709    1271  2564  1270  3704
 9710     283  3315   620  3363
 9711     283   569   620   570
 9712    3252   570   620   569
 9713     331   569  1369  2525
 9714     729   569   620   283
 9715     729  3252   620   569
 9716    2493  1763   618   282
 9717    2493   619   618  1763
 9718     283   348   618   282
 9719     283   619   618   348
 9720     282   568   618  2493
 9721     619  2493   618   568
 9722     568   332   618   619
 9723     282   332   618   568
 9724    2620  2412  2413  2411
 9725     618  1956   331   282
 9726     348  1956   618   282
 9727     348  2142   618  1956
 9728     348  3118   618  2142
 9729     619  3118   618   348
 9730    1852  3623  4133  1851
 9731     282   281  4005  3456
 9732    1762   281  4005   282
 9733    2619  2494  4005  1762
 9734    3456  2494  4005  2619
 9735     281  1762  4005   476
 9736     281   476  4005  3456
 9737    2494  2495  4005  1762
 9738    3456  2495  4005  2494
 9739    3965    21    19    20
 9740    3607  1960  3608   477
 9741    4102   327   328   326
 9742    1960  2116  3608   477
 9743     169  2116  3608  1960
 9744     167  3308   616  3181
 9745    1762  1763   333  2411
 9746     233   367   234   170
 9747    3004  3626  3003   367
 9748     170  3355   234   945
 9749     367  2068  4102   233
 9750    3965  3966    20  3964
 9751     327  2114   326  2115
 9752    2143  3854  3501   476
 9753    3965    21    20  3966
 9754    1960  3456   333  2411
 9755     234   946   945  3355
 9756     234   233  3415   367
 9757     944   367  3415   233
 9758     367   171  3003   170
 9759    4114  2412  3119  3801
 9760    3966   170  3965   171
 9761    2412  2495   333  1960
 9762    2526  4004   759   728
 9763     455  3076   616   578
 9764    3498  3508  3507  2603
 9765     327  3502   326  3503
 9766    3959  3826   455   456
 9767    3957   659   863  3631
 9768     863    71  3959  3826
 9769      70    71   863    72
 9770    2801  2608  2802  3875
 9771    1593   233  3505  4102
 9772     525   829   830   828
 9773    3665   523  3505  4102
 9774     523  1593  3505  4102
 9775    3801  2412  3119  2143
 9776    3964  2494  3936  2619
 9777     233   367  3505  4102
 9778     169  2619  3936  2116
 9779    3502  2116  3800  3854
 9780    3608  2116  3936   477
 9781    2603  2601  3507  3498
 9782    2411  2412  3119  4114
 9783    2620  2411  2413   568
 9784    3501  2495  3801  1960
 9785     729   569  1369   331
 9786    3966   171  3965    21
 9787    3502   477  3800  2116
 9788    2619  3854  3936  2116
 9789    3964  2619  3936   169
 9790    3800   477  3936  2116
 9791    2143   476  3801  2412
 9792    3502  1959  3800   477
 9793     348  2525  1374  3363
 9794    3502   945  3800  1959
 9795    2411  2143  3119  2412
 9796    3503  2114  3966   171
 9797     171  2114  3966  2115
 9798    2115  3355  3966   170
 9799     234   170  3966  3355
 9800     234  3355  3966   946
 9801     234   946  3966  3415
 9802    1960  2495   333  3456
 9803    3415   946  3966   944
 9804    3966  2114   327  2115
 9805    3966  2115   327  3355
 9806    3966  3355   327   946
 9807    3957  3631   863  3525
 9808    4147  2102   413  2613
 9809    3966   946   327   944
 9810     327  2115   326  3355
 9811    3921  3355   326  2115
 9812     944   946   326  3921
 9813     327   946   326   944
 9814     327  3355   326   946
 9815    3921   946   326  3355
 9816     326  2601   328  3921
 9817     326  3921   328  4102
 9818    3665   721   328  2601
 9819    4102   721   328  3665
 9820    3921  3922   328  4102
 9821    3921  2601   328  3922
 9822     722   721   328  4102
 9823     722  2601   328   721
 9824    2068  3922   328  2601
 9825    4102  3922   328  2068
 9826    2068   722   328  4102
 9827    2068  2601   328   722
 9828    3498  3783  3506  2602
 9829    4084  3186  3768  4008
 9830    3875  4008  2802  2801
 9831    3786  3498  3506  2602
 9832    3768   830  2801   829
 9833     828  1593   368   523
 9834    4084  3769  3768  3186
 9835     828   525  3507  3506
 9836    2069  3508  3507  3498
 9837     525   524  3507  3506
 9838     828   337  3507   525
 9839     337  2069  3507  3498
 9840     828  2069  3507   337
 9841    3506  3786  3507  3498
 9842     524  3786  3507  3506
 9843     337   524  3507   525
 9844    2931  3498  3507  3786
 9845    2931  3786  3507   524
 9846    2931   337  3507  3498
 9847     524   337  3507  2931
 9848     829  3783   830  3784
 9849     524   829   830   525
 9850     524  3786   830   829
 9851     233   367   368  3626
 9852     830   828   368  2800
 9853     338  3783   830   829
 9854     338  3009   830  3783
 9855     829  3786   830   338
 9856    3009   338   830  3786
 9857    3768   829  2801  2831
 9858    2801   830  2800  2802
 9859    3768  2831  2801  3906
 9860    3626  3506  3004  4159
 9861    3875  3045  2801  2608
 9862    2802   830  2800  3784
 9863    1991  3875  2801  3768
 9864    1991  3045  2801  3875
 9865    3768  3906  2801  3785
 9866    3768  3785  2801  1991
 9867    3045  1991  2801  3785
 9868    3785  2608  2801  3045
 9869    2801   829  2802  2831
 9870    3784  2831  2802   829
 9871    3785  3906  2802  3784
 9872    2801  3906  2802  3785
 9873    2801  2831  2802  3906
 9874    3784  3906  2802  2831
 9875    2525  1374  2413   331
 9876     830   525  2800   524
 9877    2602  3783  2800  2609
 9878    3964  2495  3936  2494
 9879     830   524  2800  3786
 9880    2495  1762   333  4005
 9881    3009  3783  2800   830
 9882    3009  2609  2800  3783
 9883    2602  2609  2800  3786
 9884     830  3786  2800  3009
 9885    2609  3009  2800  3786
 9886    3507  3508   368  3626
 9887    3665   523   368  3626
 9888     828   523   368  3665
 9889    3507  2069   368  3508
 9890     828  2069   368  3507
 9891    2069   368  3665   828
 9892     368  2069  3665  3508
 9893    3665  3626   368  3508
 9894    2800  3783  4159  3784
 9895    3506  3784  4159  3783
 9896     368  3506  4159   828
 9897     368   828  4159  2800
 9898    2800  2602  4159  3783
 9899    3506  3783  4159  2602
 9900     525   828  4159  3506
 9901    2800   828  4159   525
 9902    2602  3786  4159  3506
 9903    2800  3786  4159  2602
 9904     524   525  4159  3506
 9905    2800   525  4159   524
 9906    2800   524  4159  3786
 9907    3506  3786  4159   524
 9908     233  3626  3004   367
 9909    1593   233  3004  3505
 9910    1593  3626  3004   233
 9911    2603  2601  3004  3507
 9912    3507  3626  3004  2603
 9913     328  3505  3004  3507
 9914    3507  2601  3004   328
 9915     523  1593  3004  3505
 9916     523  3626  3004  1593
 9917    2603  3626  3004  3665
 9918    3665  2601  3004  2603
 9919    3665   523  3004  3505
 9920    3665  3626  3004   523
 9921     328  2601  3004  3665
 9922     328  3665  3004  3505
 9923     367   170  3003   234
 9924    4102  3921  3003   326
 9925    3801  2143  3119  3501
 9926     367   234  3003  3415
 9927     326  3921  3003   944
 9928    4102   367  3003  3922
 9929    4102  3922  3003  3921
 9930    3415   944  3003   367
 9931    3800  3854  3501  3502
 9932     944  3922  3003   367
 9933     944  3921  3003  3922
 9934    2442  2035  1452  3726
 9935    3936  2495   333  2412
 9936    1374  1375  2413   331
 9937    2411  4005   333  1762
 9938    2620  3118  4114  2142
 9939    3456  4005   333  2411
 9940    1762  2495   333  1763
 9941    3456  2495   333  4005
 9942    2527   336   187   188
 9943    3801  3501  3119  4114
 9944    4134  2442  1452  1451
 9945    3827   519  1134  3631
 9946    3003  3505    19  3004
 9947    1453  1452  2382  2035
 9948    3964  3800  3936  3966
 9949    3726  2035  1452  3210
 9950    4005  1762  2411   476
 9951    4005   476  2411  3456
 9952    2412   478  2411   476
 9953    3456   476  2411   478
 9954    2412  1960  2411   478
 9955    3456   478  2411  1960
 9956    3608  3607  3936  3964
 9957    3608   477  3936  3607
 9958    3607   477  3936  1959
 9959    3800   945  3936  1959
 9960    3964   945  3936  3800
 9961    3607   945  3936  3964
 9962    3607  1959  3936   945
 9963     944   327  3965   326
 9964    3966  3415  3965   234
 9965    3966   944  3965  3415
 9966    3964  2619    20  2494
 9967      21  2494    20  2619
 9968    3964  3966    20  3800
 9969    3502  3800    20  3966
 9970    3966  3503    20  3502
 9971      21  3503    20  3966
 9972    3964   169    20  2619
 9973      21  2619    20   169
 9974     945  3607    20  3964
 9975     945    21    20  3607
 9976    3964  3800    20   945
 9977    3502   945    20  3800
 9978    3503    21    20   945
 9979    3503   945    20  3502
 9980    3964  3608    20   169
 9981      21   169    20  3608
 9982    3607  3608    20  3964
 9983    3607    21    20  3608
 9984    3965   171    19    21
 9985    3003    21    19   171
 9986    3965  4102    19   326
 9987    3003   326    19  4102
 9988    3965   170    19   171
 9989    3003   171    19   170
 9990     944   326    19  3003
 9991    3965   326    19   944
 9992    3965   234    19   170
 9993    3003   170    19   234
 9994    3965   944    19  3415
 9995    3003  3415    19   944
 9996    3965  3415    19   234
 9997    3003   234    19  3415
 9998     921   920   335   336
 9999     726  2441   727  2041
10000     478   476  3501  3854
10001     348  3363  1369  2525
10002    3936  3854  3501  3800
10003    2042  2033  2041  2043
10004     478  3854  3501  1960
10005     729   569   331   332
10006    3936  2495  3501  2494
10007    2494  2495  3501  1960
10008    2619  3854  3501  3936
10009    3936  2494  3501  2619
10010    2619  2494  3501  1960
10011    2619  1960  3501  3854
10012    2620  2412  4114  3801
10013    1374  2620  1375  4114
10014    3998   579  3076  1018
10015    1374  2525  3364  3363
10016    2525  2620  2413  1374
10017    3631  3933  3827  3525
10018    3631   125   202   519
10019    3827    71  3826  3076
10020    1374   569   348   570
10021    1852  3210  4133  3623
10022    3687   570  1374   348
10023     921  2527   336  2705
10024    3291  3290   637   467
10025    2411  2412  4114  2620
10026    3827  3631  1533  3039
10027    2142  1956  4114  2620
10028    1369   569   348  2525
10029    2684  3288   334   920
10030    2620  1956  4114   281
10031    2411   568  4114  2493
10032    2620   568  4114  2411
10033    1272   100  2380  1273
10034    2620   281  4114   568
10035    2493   568  4114   281
10036    1533  3039  3864  1534
10037    4114  2620  1375  3118
10038    1762  1763  3119   281
10039     281  2143  3119  1762
10040    2411  2493  3119  1763
10041    4114  2493  3119  2411
10042    2411  1762  3119  2143
10043    1763  1762  3119  2411
10044    3363   348  1375  1374
10045    3363  3118  1375   348
10046     348  3687  1375  1374
10047     348  3118  1375  3687
10048    1627   760   415  1639
10049    2766  3315   188  3314
10050    2441   365  3074  2041
10051    1135   124   147   148
10052    3210  3726  4133  3623
10053    1374  1375  4027  1373
10054    2705   921   335   336
10055    4133  1953  1893  1863
10056    3310  2102  2614  2613
10057     348   729  1369   730
10058     268  1447    99  3291
10059    2766  2525  1369  4025
10060     920  2527   336   921
10061    4058  1552  2611  3818
10062     366   726  4147   198
10063    1373  3459  3315  3253
10064     101   467   637   100
10065    2705  3090  3387  3916
10066    3450   916   637   933
10067    2043  2033  2041  2440
10068    3090  2527  2766  4025
10069    3203  1673  2837  1674
10070    1374  3687   331   570
10071    3459  2766  3315  3968
10072     924  1026   923  1027
10073    3090  2527   188  2766
10074    2534   400   926  2845
10075     188   335   187   186
10076    3374  3375   621   623
10077     467   193   468  2706
10078    3253  3315  4027  3252
10079    1373  3315  4027  3253
10080    1353  3606   518   172
10081     620  3315  3364  3363
10082     332  2411   331   333
10083    2766  4025  1369   730
10084    1374  1375  3364  4027
10085    2441  3232  3074   365
10086    2705   192   466  3387
10087    1374   570   331   569
10088    1375  3687   331  1374
10089     568   281  2413  2620
10090    3590  2308   757  4147
10091     331  1375  2413  3118
10092     331  3118  2413  2142
10093     335   921   186   920
10094     188  2766   730  2683
10095     187  2683   730   729
10096    2705   921   186   335
10097    2620   281  2413  1956
10098     187   188   730  2683
10099    2441   365   366  3232
10100    3251  2683   187  2277
10101     336  2527   187  3251
10102    3090  2527   187   188
10103    3251  4151   187  2683
10104    2527  4151   187  3251
10105    4151  2527   187  3090
10106    3314  4027  3364  3916
10107    4151   617   187  2683
10108     188  2683   187  3315
10109     188  3315   187  3314
10110    4027  3314  3364  3315
10111    3788  3314   187  3315
10112    3788  3315   187  2683
10113    3363  2142  3364  3118
10114    2683   617   187  3788
10115     920   921  2684  3288
10116     186   921  2684   920
10117     921   378  2684  3288
10118    2705   192  2684   378
10119    2705   921  2684   186
10120    2705   378  2684   921
10121     920   336   334   335
10122     729  3459   730  3253
10123    4027  3253   730  1373
10124    4058  3818  2610  3409
10125    4027  3252   730  3253
10126     729  3253   730  3252
10127     620  3252   730  4027
10128     620   729   730  3252
10129     620   283   730   729
10130    3363   283   730   620
10131     283   348   730   729
10132    3363   348   730   283
10133     332  3687   331   619
10134    3210  1451  1852  1452
10135     618  3118   331  2142
10136     618   619   331  3118
10137     332   619   331   618
10138    1193  2529  3311  1936
10139     730   729  1369   331
10140    1956   618   331  2142
10141     282   332   331   618
10142     281   332   331   282
10143     282  1956   331   281
10144    2620  2142  2413  3118
10145     730  3363  1369   348
10146    1373  4025  1369  2525
10147     730  4025  1369  1373
10148    2845  3450   926  2534
10149    1373  4027  1369   730
10150    1373  2525  1369  4027
10151    4108  3074  2529  3572
10152    1451  3210  1852  2049
10153    3408  2512   625  2955
10154    2035  3726  2442  2042
10155    4079  4042  3139  4085
10156    1861  1031  3615  3698
10157    2034  2043  1453  2440
10158    3698  3292  3615  3293
10159    3614  3698  3615  3293
10160    4058  1552  3818  1550
10161    1858   624  1550  3710
10162    4134  2043  2440  1935
10163    2050  1451  2382  2049
10164    2442  2042  4134  2035
10165    2043  2042  4134  2442
10166    2299  1451  2382  2050
10167     916   379   637  3290
10168    3074  2441  1192  3232
10169    3646  3429  1675  3430
10170     757   758  3310   726
10171     174   519  1134  3959
10172    4134  2042  1935  2035
10173    2043  2042  1935  4134
10174    1033  3937  1034   849
10175    2529   758  3723  1193
10176    2786   518   204  3606
10177     172  3631  1134  3137
10178    3959   519  1134  3826
10179    2679   927   926  2534
10180    3365   760   414  3590
10181     453  3323   754   755
10182    1327  3530  2336  3102
10183     467   768   468   193
10184    2571  2569   718  2570
10185    2298  3074  2382  1453
10186    4134  2035  1452  2442
10187    2440  2033  2034  2043
10188     727  4111   728  2526
10189     366   726   198   199
10190     167  3076   616   455
10191    3698  3136  3697  2048
10192    3232  2441   727   726
10193    4058  3818  1892  1953
10194    1936  3232  2614  1515
10195    1935  2035  1452  4134
10196     686  3386  1148    41
10197    2101  1352  2100  3864
10198    3232  4111   727  2441
10199    3076  3827   455  3826
10200    3632  3631  1533  1625
10201    1193  2041  1936  1192
10202    2442  3726  1452  1451
10203    2049  2048  1851  3136
10204    1373  4025  3916  3314
10205     758  2308   757  1638
10206     455   578   616   456
10207    2049  3136  1851  1451
10208    2441  3232   366   726
10209    1453  1451  2382  1452
10210    2041  3074  1192  1193
10211    2034  2035  1453  2042
10212    4134  1935  2049  1451
10213    3726  2442  2049  1451
10214    2335  1366   718  2569
10215    2034  2033  3074   365
10216    3726  3210  1452  1451
10217    3235   611  1708  3733
10218    2169  1032  2886   847
10219    2442  4134  2049  1451
10220    1515  3190  3311  1936
10221    4127  3631  4160  4117
10222     758  1638   757   759
10223    2100  2101  2613  2102
10224    3310  4111  2614  2102
10225    1031  1030  3615  3698
10226    4061  3292  3615  3698
10227    3698  1030  3615  4061
10228    3210  3951  1852  2049
10229    1550    22  2480    23
10230    2735  2736  3962  2737
10231    2041  2441   366   726
10232    2308  3074  3572  4147
10233    1861  1031  1324  1326
10234    3102  1161  1034  3558
10235    4147   365  3572   366
10236    2298  3074  4108  3572
10237    1224    44  2430    43
10238    1033   849  1034  3558
10239    3572   366  3723  4147
10240    3074  2041  2529  1193
10241     199  4004   197   728
10242    2336  1327  1034  1033
10243    2336  3102  1034  1327
10244    3102   849  1034  3937
10245    2034  2042  1453  2043
10246     199   726   198   727
10247    2298  3074  1453  2034
10248    3074   365  1453  2034
10249    4061  3292  3710  1858
10250     198   726  4147   727
10251     757   758  1515  3310
10252    1625  3846  1626  3138
10253    2035  2034  1453  1452
10254    3074  2034  2529  2033
10255    1033  1327  1034   177
10256     728  4004   197  2526
10257    2041  2440  1934  2441
10258     758  2308  1638  3723
10259    1033  1032  1034  2886
10260    2034   365   366  2033
10261     578  3308   616  1797
10262    1324  2048  4104  3136
10263    3074  2033  2529  2041
10264    1453  2043  2382  2440
10265    2441  3232  1934  1936
10266    4160  1639  3632  4004
10267     727  4111   199   728
10268    4127  4117  4160  3160
10269    1625  4117  4160  3631
10270      68  1860  1325  1326
10271      69  2529  2528  4108
10272    1852  1851  1862  3623
10273     759  4004  1639  1638
10274    2441  3232  1936  1192
10275    4147   366  3723   758
10276     199  4004  2308   198
10277    1638   759   414  3590
10278    2441  2440  1934  3232
10279    2041  2033  1934  2440
10280    2788  2100  2613  2787
10281     578  3181   616  3308
10282    2034  2033  1934  1936
10283    3959  3076   174   455
10284    1534  3632  3864  3846
10285     198  4004   197   199
10286     759  3365   414  3590
10287    1193  3572  3723  2529
10288     203  3137   204  3138
10289    2526  4004  3365   759
10290    2298  2034  1936  4108
10291    2788   413  1714  2786
10292    3723   758  1192  1193
10293    3826   519  1134  3827
10294     366   726   758  4147
10295    1192   758   757  1193
10296     197  4004  3632  1639
10297    1862  1860    68  1937
10298    2528  4091  1325  4092
10299    4147  2308   757   758
10300    1134   173  1135   519
10301    3590  3190   757  1192
10302    3190   758  1192  3723
10303    1193  2529    67  3311
10304    3572  4147  3723  2308
10305    4127  3631  3632  4160
10306    1639  1638  1627   759
10307     199  4004  1638  2308
10308     199   728  1638  4004
10309    2308   199  2788  1638
10310     203   518   204  2786
10311    3074  3232  2614   365
10312    2974  2599   510   511
10313    1851  3136  1862  3623
10314    3951  2050  4091  2299
10315    3311  3624    67  1937
10316    2041  2441  1192  3074
10317    3074  3572  1192  1193
10318    1192  3190   757   758
10319    2788  4147  2613   198
10320    4147   727  3590  4111
10321     203   125   204  3137
10322    3916   767  3387  3314
10323    3590  4147   757   727
10324    1352  3846  2786  3864
10325    3827  3826  1533  1535
10326    4147   726   757   727
10327    3590   759   757  1638
10328    4015   256   257  2735
10329    1276  3741  1201  1144
10330    2788  2101  2613  2100
10331    3590  3365   757   759
10332    4117  3846  1626  1625
10333    3590   757  1515  3310
10334    2102   198  2613  4147
10335    1852  3623  1862  3210
10336    4160  3631  3632  1625
10337     414  3590  3310  4111
10338    3590   727  3310  4111
10339    2102   414  3310  4111
10340     758   726   757  4147
10341    2102  4111  2101  2526
10342    3590  4111   414  4147
10343    2308  1638   414  3590
10344    1134   519   203   125
10345    3590  4147   414  2308
10346    2705  2527  3387  3090
10347    3365  4004  1639   759
10348    4160  1626  1627  4117
10349     760  4004  1639  3365
10350     456   173  1267  1135
10351     167   168  2745   166
10352    4117  3846  4160  1626
10353    1617  1440  2897   623
10354    3485  3846  4160  4117
10355     455   456  1135   173
10356     757   726  3310   727
10357    1626  1625  1627  4117
10358     760  3365  1627  1626
10359    1639  3365  1627   760
10360    4160  3846  3632  1626
10361     728  4111  2102  2526
10362    3485  3846  3632  4160
10363     366   726  3310   758
10364     148  1135  1151   147
10365    3074   365  2614  3310
10366    3826  3827  1353  1535
10367    1353  3606  1352  1535
10368      72    71  2745  3076
10369    3076  3631  3827    71
10370      72  3525   863    70
10371    1352  3864  2786  2787
10372    3525  3631   863  3827
10373    1626  3846   415   760
10374    2788  2308   413  4147
10375    3827  3631   863    71
10376     661  3631  3076    71
10377    3998   661  3076   579
10378      71   579  3076   661
10379    3998  3631  3076   661
10380    1018  3631  3076  3998
10381    1134   125   203  3137
10382     147  4127  3827  3631
10383    3959    71   174  3076
10384    2786  3606  3568  3485
10385    1535  3631  1533  3827
10386    3826    71  3959  3076
10387      70  3525   863   862
10388     455  3076  2745   167
10389     863   661   579    71
10390    3957   579   863   659
10391     661    71   863  3631
10392     661   863   579   659
10393     661  3631   863   659
10394     578   579   863  3525
10395     578    71   863   579
10396    3826  3827   455   456
10397    1535  1625  1533  3631
10398    3632  3039  1533  3631
10399     455   456   174  3959
10400    3631   519  1134   125
10401     167    71  2745   863
10402     319  1440   515   811
10403    1714  1626   415  1627
10404     167  1797  2745   168
10405    1534  1626  2786  1627
10406     168  1797  2745    72
10407     759  3365   413   414
10408     456   579   455   578
10409     863    71  2745    72
10410    3827   147  3826  4127
10411     124  4127  3826   147
10412    1627  1639   415  1714
10413    2408   639  2407  2830
10414    1639  4004  2786   197
10415    3827  3076   455  3631
10416     760  3846   415  3485
10417    3076   579   455  1018
10418    1018  1267   579   455
10419    3076  1018   455  3631
10420    2786  3846  1714  1626
10421    3455  3308   167  3180
10422     168  1797   616   167
10423    1534  1535  3864  1533
10424    3180  3308   167  3181
10425    3933  3180   167  3181
10426    3933  3455   167  3180
10427     168   578   616  1797
10428    3933  3525  2745    72
10429     167  3525  2745  3933
10430     167  3308  2745  1797
10431      72  1797  2745  3308
10432     167  3933  2745  3455
10433      72  3455  2745  3933
10434     167  3455  2745  3308
10435      72  3308  2745  3455
10436    3076    71   616   578
10437     167    71   616  3076
10438    3181  3933   616   167
10439    3181   578   616  3933
10440     863    71   616   167
10441     863   578   616    71
10442    3933  3525   616   167
10443    3933   578   616  3525
10444     863  3525   616   578
10445     167  3525   616   863
10446    1515  3310   413   414
10447    3864  1534  2786  2787
10448     172  3826  1353  3959
10449    3632   197  3038  3039
10450     455   173   174   456
10451    1353  3959   174   172
10452    3827  3631  1353  1535
10453     172  3631  1353  3827
10454    1151  1135  1267   147
10455    1535  3631  1353  1625
10456    3137  1625   203  1353
10457     172  3137  1353  3631
10458    1625  3631  1353  3137
10459    3632  3039  3038  1534
10460    3864  1535  1352  1533
10461    1627   197  3038  3632
10462     101  1447  1270  2151
10463    1533  1535  1352  3606
10464     172  3606  1352  1353
10465     366   726  2614  3310
10466    2526   728  3038   197
10467    1534   728  3038  2526
10468    3632  3846  1534  1626
10469     366   758  3310  3723
10470    3485  1625  3568  3138
10471     728   199  3038   197
10472    3632  1626  1534  1627
10473    1860  3136  1862  2048
10474    1534  3039  3864  3632
10475    3632  3606  1352  3485
10476    1533  3039  1352  3864
10477    1533  3606  1352  3039
10478    3864  3632  1352  3846
10479    3485  3846  1352  3632
10480    3632  3039  1352  3606
10481    3864  3039  1352  3632
10482    1135   174   147  3959
10483    2786  2787  1714  2788
10484    3826  3827  1134   172
10485     198  4111  2102   199
10486    4147  4111  2102   198
10487     414  4111  2102  4147
10488    3864  1534  2101  2526
10489     366   365  2614  3232
10490    3365  4004  2101   760
10491    3365  2526  2101  4004
10492    2526  1534  2101  3038
10493     197  4004  2101  2526
10494    3038   197  2101  2526
10495     172   173  1134   174
10496    2101  3864  2100  1534
10497    2101  1534  2100  3038
10498    3038   197  2100  2101
10499     174   173  1134   519
10500    2101   197  2100  4004
10501     203  2786   204  1714
10502    2787  3606  2786  1352
10503    2100  3606  2787  1352
10504    1352  3864  2787  2100
10505    3864  1534  2787  2100
10506    3632   518   204   203
10507     417  1711   416  1712
10508    4117  1625  3568  3485
10509    1534  3038  2787  2100
10510     204  1625  3568  4117
10511    2100   197  2787  4004
10512    2786  3485  1714  3846
10513    2100  3038  2787   197
10514     204  3606  3568  2786
10515    3590  3190  1515   757
10516    2737  2321  1436  2736
10517     204  3138  3568  1625
10518    2788  3365   413   759
10519    2788  2101   415   760
10520    3090  4025  3916  1373
10521    3232  4111  2614   727
10522    2101   760  2788  3365
10523    3310   414  1515  3590
10524    1595  1317  1501   303
10525    1352  3606  2786  3485
10526    3190  3590  1515   414
10527    3138  3137  3568  3485
10528    1192  3232  1936  3190
10529     366  3232  2614   726
10530    2101  3365  2788  2526
10531    2830  2896  1866   640
10532    1192  1193  3311  1936
10533    3210  3623  1862  3726
10534    1515  3310  2614  1936
10535     728  2526  2788   759
10536     759  2526  2788  3365
10537    2041  2441  1936  1192
10538    1453  2034  1934  1936
10539      24   507  3715   987
10540     199  2308  2788   198
10541     759  1638  2788   728
10542     199   728  2788  1638
10543      45   391   764   389
10544     198  2308  2788  4147
10545     202   577   203   125
10546    3572   366  3310  3723
10547    1533  3606   518  1535
10548    3572   365  3310   366
10549    1637  3292  1892  4061
10550    3074   365  3310  3572
10551    1627  1626   415   760
10552    2382  2440  1934  1453
10553    4092  4108  2528  2529
10554    3310   758  1515  3723
10555    3190  3723  1515   758
10556    3190  3232  1515  3074
10557    3572  3723  1515  3190
10558    3310  3723  1515  3572
10559    3310   365  2614   366
10560    1515  3074  2614  3310
10561    1515  3232  2614  3074
10562    3074  3572  1515  3190
10563    3310  3572  1515  3074
10564     191   768   466   767
10565    2034  2298  1936  1453
10566     100   933   637   916
10567    2786  1626  1714  1627
10568    4151   767  3916   617
10569    3090   767  3916  4151
10570    3788   617  3916   767
10571    3788   767  3916  3314
10572    4025  3090  3916  2766
10573    2766  3314  3916  4025
10574    2788  2787   415  2100
10575     187  4151  3916   617
10576    3090  4151  3916   187
10577     188  3090  3916   187
10578     187  3314  3916   188
10579    3788  3314  3916   187
10580     187   617  3916  3788
10581    2766  3090  3916   188
10582     188  3314  3916  2766
10583    4027  2525  3364  1374
10584     730  4027  3364   620
10585     730   620  3364  3363
10586    1369  3363  3364  2525
10587    1369  2525  3364  4027
10588    1369   730  3364  3363
10589    4027   730  3364  1369
10590    1672  2754  3326  3463
10591    2788   760   415   413
10592    1533  3039   518  3606
10593     100   101  1270  2151
10594    3632  3606   518  3039
10595     147   579  1267   578
10596    1135   173  1267   147
10597    1714  2787   415  2788
10598     173   456  1267   174
10599     174   147  1267   173
10600     456   579  1267   455
10601    3631  3070  1267   147
10602    3959   147  1267   174
10603     174   456  1267  3959
10604    3827  3631  1267   147
10605    3826   147  1267  3959
10606    3959   456  1267  3826
10607     455  1018  1267  3631
10608    1267  1018   579  3070
10609    3070  3631  1267  1018
10610    3827   456  1267   455
10611     455  3631  1267  3827
10612    3827   147  1267  3826
10613    3826   456  1267  3827
10614    1151  1135   202   519
10615     148  1135   202  1151
10616     400   636  3449  2845
10617    1135   124   202  3826
10618    4073   426   424    74
10619    1017   577   202  1930
10620     123  1017   202   124
10621     124   577   202   123
10622    4127   577   202  3631
10623    1714  3485   415  3846
10624    3313  2304  2303  3087
10625    3826  3959   202  1135
10626    3826   519   202  3959
10627     124  4127   202  3826
10628    4127  1930   202  3160
10629    1930   577   202  3160
10630    1019   123   202   577
10631    1017   123   202  1019
10632    1019   577   202  1017
10633    3160   577   202  4127
10634    3827  3631   202   519
10635    4127  3631   202  3827
10636    3959   174   202  1135
10637    3959   519   202   174
10638    3827   519   202  3826
10639    3826  4127   202  3827
10640    1135   173   202   519
10641     174   173   202  1135
10642     174   519   202   173
10643     414  4147   413  2308
10644    1638   759   413   414
10645    2788   759   413  1638
10646     204  2786  3568  1714
10647    1352  3485  2786  3846
10648    2787   197  2786  4004
10649    2788   413   415  1714
10650    2308  1638   413   414
10651    2788  1638   413  2308
10652     518  1134   203   172
10653    3137   172   203  1134
10654     204  3137  3568  3138
10655    2737  1028    35  1027
10656     204   577  3568   125
10657     172  1353   203   518
10658     172  3137   203  1353
10659    1625  3137   203  3138
10660    1625  4160   203  3632
10661    1714   415  3568   204
10662    1353  1535   203   518
10663    1353  1625   203  1535
10664    4160  1625   203  4117
10665    1625  3632   203  1533
10666    1535  1533   203   518
10667    1535  1625   203  1533
10668     518  1533   203  3039
10669    3632  3039   203  1533
10670     518  3039   203  3632
10671    1639   197  2786  1627
10672    1534  3038  2786  2787
10673    1534  1627  2786  3038
10674    2787  3038  2786   197
10675    1627   197  2786  3038
10676    1714  3485  3568   415
10677    1627  1639  1714  2786
10678     202   577   204   203
10679    1639  4004  1714  2786
10680     203   577   204   125
10681    2786  4004  1714  2787
10682    1639   760   415  4004
10683    2101  4004   415   760
10684    2100  4004   415  2101
10685    2787  4004   415  2100
10686    1714  4004   415  2787
10687    3632  3606   204   518
10688    4160  3632   204   203
10689     203  3138   204  1625
10690     795   277   796   457
10691    1618   641  1866   640
10692     203  4117   204  4160
10693    3927   623  3926   621
10694     203  1625   204  4117
10695    3632  3606  3568   204
10696    3632  3485  3568  3606
10697    4160  4117  3568  3485
10698     204  4117  3568  4160
10699    4160  3632  3568   204
10700    4160  3485  3568  3632
10701    3462  1673  1506  1674
10702    2408  2407  3647  3335
10703    1999  2755  1506  1505
10704     516  1440  3337  2897
10705    3376   639  3646  1674
10706    3646  3429  3647  3376
10707    3450  2845  3449   636
10708    3430  3375  3646  3374
10709    1602  3926  1617  2032
10710    2001  1713  4089  1371
10711    3462  1999  1506  2000
10712    1942  3092  1782  1266
10713    3430   639  3646  2830
10714    1551   509  2955   508
10715     622   638  3271   636
10716     601   639  2407  1674
10717    3927  3271  3677   401
10718    3927  3374   621  3926
10719    3376  3429  3647  2408
10720    3430  1866  3646  1618
10721    1999  2755  3430  3462
10722    1998  1205  2755  1999
10723    3462  2755  3430  2754
10724    3677  3927  3449   622
10725     638   402  1272   400
10726     933  2722   637  3450
10727    3292  1858  4061  1029
10728     623  1440  2897   621
10729    3090  2527  3387   767
10730    3337  2565   319  3271
10731     428   811   515  3927
10732    3450   636  3449   622
10733    3271  3927  1603   401
10734    2408  1674  2407   639
10735    3600  1505  1674  2407
10736    2722  2845  3450   933
10737     622  3927  3449   621
10738    3927   622  3677  3271
10739    3271  2565  1603  3927
10740    2897  1440   319   811
10741     933  3418   926  2153
10742     933  2845   926   400
10743     636  3705  3450  2151
10744     936  2432  1497   934
10745     810  3927  1603  2897
10746    1230  1849  1229   485
10747    2154  2706   922  2678
10748    3677   402  3449   400
10749     621  2565  3271  3927
10750    2534  3418   926  2679
10751     516  2565  3337  3271
10752     401  3672  1603  1602
10753    2678   186   334   335
10754     467   379   637   193
10755     932  3449  3704   622
10756     933  2722   922   927
10757     467   193   637   768
10758    2684   191  3387   767
10759     186  2705  3387  2684
10760    2684   767  3387   186
10761     336   767  3387  2527
10762     336  2527  3387  2705
10763     335  2705  3387   186
10764     186   767  3387   335
10765     335   336  3387  2705
10766     767   336  3387   335
10767     623  2565  2897  1617
10768     621   623  3271  2565
10769     638  3705   636  2151
10770     100   933   926  2153
10771    3705   916  2564   638
10772    2776  2656  2657  3557
10773     622   638  2564  3271
10774     636   400  3449   638
10775    3290  1576  3291  3288
10776     636   916  3450  3705
10777     334   920   922   927
10778     621  3927  3271   622
10779    2897  3927  1603  2565
10780    1937    68  2528    69
10781     812  3677  1274   401
10782    1031  1863  1637  1861
10783     226   389   764   391
10784      35  2973  2974  1028
10785     401   402  3677   400
10786     810  1602  1603  3672
10787    3927  2565  2897   621
10788     621  1440  2897  3927
10789     401  3672  3677  3927
10790      35  1028  2974   511
10791    1497   936  3604  2432
10792     636   638  3449   622
10793    3677   400  3449  2845
10794      41  1264   686  1266
10795     639   640  2830   641
10796    3054  3086  3882  3053
10797     400   402  3449   638
10798    1235  4087  1236   797
10799     810  2032  1603  1602
10800    2754  2032  1205  3463
10801      99  2684   503   268
10802     923  3493   985  2973
10803    1278  2863  4100  4156
10804    2388   507  2513   986
10805    2340    35   925  1028
10806     810  3672   811  1602
10807    2897  3927   811   810
10808    2897  1440   811  3927
10809     810  3927   811  3672
10810     810  3672  1603  3927
10811     401  3927  1603  3672
10812    1617  1440  2150  2897
10813    3463  2032  1205  3926
10814    1276  1275    42  2174
10815    3326  3603  2755  1999
10816    1022  3325  3585  1021
10817    2382  2042    69  2043
10818     626  2388  2256  1269
10819    2974   511   985   923
10820    2529  4108  3311  1936
10821     441   992   440  1158
10822    1934  1935  3624  1936
10823    1935  2042  3624  2035
10824    2043  2042  3624  1935
10825    1862  3623  3624  1935
10826    1550  1552  2480  4058
10827    1550  1552  2325  1637
10828    1042  2973   356   355
10829    1936  4108  3311  2298
10830     921   920   922  2706
10831     232  2479  1656  1655
10832     986   507  2513   987
10833    1862  3623  1861  1863
10834    1030  1031  1637  1029
10835    2534   402   926   400
10836    1934  2440  3624  1935
10837    1860  3623  1861  1862
10838    3624  1934  3311  2440
10839    2528    68  1325    69
10840    4049  2927  3691   600
10841    1936  1934  3311  3624
10842      69  4108  2528  2298
10843    3128  3691   600  3494
10844    3376  1619  2408  3375
10845    1326  2048  1324  3136
10846    2050  3951  4091  2049
10847    1326  1860  4091  3951
10848    1231  2434  1438  1343
10849    1739  2175  3046    40
10850    2049  1851  3699  1852
10851    1452  1451  3624  1935
10852    2299  1451  3624  1452
10853    2050  2049  3624  1451
10854    1935  1451  3624  2049
10855    1452  1935  3624  2035
10856    3624  2440    69  2043
10857    3624  2299  1937  2050
10858    1935  1862  1937  3624
10859    2050  2049  1937  3624
10860    4091  3951  1324  1326
10861    3624  2049  1937  1935
10862    2529  4108    67  3311
10863    1934  2382  3311  2440
10864    1936  2382  3311  1934
10865    1029  1550  2325  1637
10866    4058  1851  3818  3136
10867    1550  1552  1637  2480
10868     379  2706   922   502
10869      68  1862  1325  1860
10870    4091  3951  4104  1324
10871    1712  2599  1711  1713
10872    2973  2599  2974  1712
10873     232  2479  1655  1551
10874    3411  3136  3818  1851
10875    1937  2299    68  2050
10876    3082  2512  2325   624
10877      69  3624  2528  1937
10878    4092  3951  4091  2299
10879    4092  2299    68  1937
10880    1028  2321  1575  2596
10881    1277  1200  3740  2647
10882    2597  3054  3312  3086
10883    2388   923  2256   985
10884    1849   487   459   457
10885    3877  1711   417  4032
10886    2988  1040  3928   995
10887    2988   158  3928  1040
10888     756   695  1676  1708
10889    1372  1839  1225  2097
10890    2598  3289  2001  1795
10891     355  3962   356  3737
10892     512  2596  3883  1575
10893    2097  1839  2430  3457
10894    2598  2668  2001  3289
10895    1711  1712  1042  1041
10896     797  3759  3760  2345
10897     697  1676   754   756
10898    3289  2759  2304  2111
10899    1042  3493   258  2973
10900    1042  2973   258   356
10901    2759   537  2111  3289
10902     355  2973   356    34
10903    2647  1275  1276  1277
10904    1999  2754  2755  1672
10905    2435   948   949  1564
10906    2647    43  1277   537
10907    2097  1435  2597  1839
10908    1708  3235  3262   611
10909     686  1147  1266   687
10910     351   266   350  4014
10911     687  1264   686  1281
10912    1844  2857  4103  3116
10913    1224  2097  1225  1839
10914    1859  1517  1620  1516
10915    3202  3327  3203  1673
10916    2174   766  1266  1264
10917    3386  1146  1266   686
10918    1903  1849   486  2450
10919     537  3289  2759  2758
10920     389  1144    45   391
10921    2961   232  3535  1655
10922    2647  1277  3741  3740
10923    1224   538  2430  2111
10924    3054  1435  2597  2596
10925    3139  3664  2193  1815
10926    1386  1051   162   935
10927    3087  3740  3313  1200
10928    1276  2647  3087  1275
10929    2758  2598  2759  1795
10930    1028  2321  2340    36
10931    4087  3282  3909   458
10932    1042  2973  3357  1436
10933    2961  3493   258   256
10934    1273  1274  2380   812
10935      43  3242  2430  1224
10936    1518   454  2639  2053
10937    1281  1275  2174  1280
10938     986   256  2388   257
10939    3877   417   416  4089
10940     643  1818   302   304
10941    3203  2837  1507  1829
10942     537   389    43    44
10943      44   389    43   391
10944    1224  1839  2430  2097
10945      44   391    43    45
10946    3740   537   764  1200
10947    2830   641  1866  1672
10948     764  1280  3313  1265
10949    2097  2597  2303  3312
10950    1708   695  3262   756
10951     537   389  3242    43
10952    2345  2615   352  3812
10953      43   389  3242   391
10954      43   391  3242    45
10955    2150  3926  2896  1998
10956    3166  2716  3066  2717
10957    3353  1705  2842  1706
10958    2147  1907  2842  1005
10959     686    41  1148  1000
10960    1394  2192  3280  2868
10961    3376  2407  1675  2408
10962    2117   948  1958  3282
10963    3883  3053  3940  3882
10964    2541  1004  2539  1704
10965    1672  3326  2755  1999
10966    1277  3942  3741  3740
10967    3053  3086  3312  3054
10968    3242    43  2647   537
10969    2897  2565  2150  1617
10970     903  2311   902   941
10971     766  1280  1144   765
10972    1280   766  1144  1265
10973    1144  1275   765  1280
10974    1436  3357   416   417
10975    2111   537  3942    44
10976    2759   537  3942  2111
10977    3942  1200  1277   537
10978    2647   537  1277  1200
10979    1265   766   764  1280
10980    2896  3326  1998  3926
10981    3463  2754  1998  1205
10982     687  1001  4116   688
10983    3883  2598  3940  3053
10984    2836  3691  2837  1674
10985    3926  3463  1998  1205
10986    1838  1839  2430  1224
10987    1205  2032  1998  3926
10988     764   537  3313  1200
10989    4023  1810   603  4124
10990    3647  3128   424  3335
10991     639  1672  1674   641
10992    1998  2032  2150  3926
10993    1617  3926  2150  2032
10994    3374  3926  2150  1617
10995    1998  2032   318  2150
10996    2032  1998   318  1205
10997    3374  1617  2150  3375
10998    1672  2000  3327  3326
10999     318  3603   317  1998
11000     428  2032   317  1205
11001    3313   227   537   226
11002     623  1440   515  1617
11003    2597  3086  3882  3054
11004     621  1440   515   623
11005     318   640   517   641
11006    3353  3599  2842  2420
11007    3375  3374   641   640
11008    3926   640   641  3374
11009     602   150  4049   149
11010    3926  2754  1672  3463
11011    1674  2000  1672  2830
11012    2150  1440  2896  2897
11013     641  3375  1672  3374
11014    3926  3374  1672  3375
11015     641  3374  1672  3926
11016    3603  1998  3326  3926
11017    1672  3463  3326  3926
11018    3603  3926  3326  3463
11019     641  3326  3926  1672
11020    3374  3926  2896  2150
11021    3374   640  2896  3926
11022    1672   639  1674  2830
11023    3375  3374  2896  2150
11024    3375   640  2896  3374
11025    3326  2000  3327  3603
11026     639  1674  3494  3691
11027    3326  1672  1673  3327
11028    2822  1445  2821  3115
11029    2150  3375  1619  2896
11030    1277  3942  1276  3741
11031    3202  2837  1675  3691
11032    1998  2000  1999  3603
11033    1617  2150  1619  1618
11034      41    40  3046   588
11035    2150  2896  1619  1618
11036    1617  3375  1619  2150
11037    3202  2000  1505  1999
11038    1618  1672  1866   641
11039    1618   640  1866  2896
11040    3375  3926  3430  1619
11041    1618  2896  1619   640
11042    3375   640  1619  2896
11043     424   529  1675  3429
11044    1201  4116   766  2174
11045     641   640  1619  3375
11046    1618   640  1619   641
11047    3375  3926  1619  1672
11048     641  1672  1619  1618
11049     641  3375  1619  1672
11050    3600  1675  3202  1505
11051    3691  1674  3494  3600
11052    2988  2234  3928   158
11053    1507   995  3100  1040
11054    2175  1266  3386  1264
11055     999    40  1739    41
11056    2836  1674  2837  1673
11057    2927   158  2988  1040
11058    2647  1277  1276  3741
11059    3603  2000  1999  3326
11060    1201  1275   688  1276
11061    3326  2000  1999  1672
11062    3462  2000  1506  3327
11063    2407   601  3647  3335
11064    3462  2754  1506  2755
11065    1866  1619  1672  1618
11066    2988   995  3928   424
11067    1619  1866  1672  1999
11068    3926  1999  3430  1619
11069    1672  3926  1999  2754
11070    1619  3926  1999  1672
11071    2000  1674  1672  3327
11072    1672  2830  1999  1866
11073    1672  2830  2000  1999
11074     304   936   302   935
11075    3494  3600  4049   602
11076     666  1392  3278  1393
11077    2759  1200  3740  3942
11078    1507   424  3100   995
11079    3203  3327  2837  1673
11080      45   389  3740  1144
11081     687  1266   686  1264
11082    2309   765   228  1144
11083    1281  1280  2174  1265
11084    2174  1281    40  2175
11085    3386  2175  1148    41
11086    1264  1281  3386  2175
11087    2836  3385  2927  3691
11088    1281   766  2174  1264
11089      41  1281   686  1264
11090    1265   766  2174  1281
11091    1075  1585   970   372
11092    2423   149  4049   150
11093      41   686  3046  1739
11094    1001  1266   687  1264
11095    2927   995  2988   424
11096    1276  1144  1201  1275
11097    2407  3429  3647   601
11098    1280  1275  1201  1144
11099     537  1144  1201  1200
11100      41  2174    42   686
11101    1265  1144  1201   766
11102    1265  1280  1201  1144
11103    3551  1739  2866   649
11104    1000  2175  1148  3386
11105    3806  2860  3745  2023
11106     686  2174    42   687
11107    4123  3585  3907  4122
11108    1281  1264    40  2175
11109    1144  1681  1147  1201
11110    1650   613  1649  1651
11111    1001  1281  1147  1264
11112    2175  3386  3046   588
11113    1144  1201  1147  1001
11114    1146  1148  2805  3856
11115    2020  1317  3094   642
11116    1958  2117  1957  3923
11117     529  3429  3647   530
11118    1264  1266    41  2175
11119    1201  1276   688  3741
11120    1264  2175    41    40
11121    1506  1505  3430  1674
11122    1615  1393  3278  3279
11123    2323   222  1941  3092
11124     755   453   452   754
11125    2174  1281    41    40
11126    3202  3327  1505  2000
11127      42  3741  4116  1276
11128     497  3235  3262  2983
11129    3351  3017  3016  3350
11130    3202  3203  1829  1675
11131    3928  1040  3100   995
11132    3430  1674  3646   639
11133    3017   221  3016   220
11134    1558  1559  1739   649
11135    1266   687  1147  1001
11136     687  2174    42  1001
11137    1147   686  1266  1146
11138     999   686  1739   687
11139    1322   971  1398  1349
11140    1201  3741   688  3740
11141      41  3386  1266   686
11142    3386    41  1266  2175
11143    1201  1280   688  1275
11144      42   686  4116    41
11145      42   687  4116   686
11146    1201  1001   688  1147
11147    1201  1265   688  1280
11148     686   687  4116   688
11149    3928  3203  3100  3202
11150    1201   766   688  1265
11151    2927  1040  2988   995
11152    2174  1275    42  1280
11153    1147  1001    42  2174
11154    2174  1280    42  1265
11155    1265   766    42  2174
11156    2174  4116   766    42
11157      42  1147  4116  1001
11158     688  1001  4116  1147
11159      42  1275  4116  1280
11160     688  1280  4116  1275
11161    4116  1201   766   688
11162    1147  1201  4116   688
11163      42  1280  4116  1265
11164     688  1265  4116  1280
11165    1147  2174  4116  1201
11166      42  2174  4116  1147
11167      42  1265  4116   766
11168     688   766  4116  1265
11169    3385  2235  2543  2926
11170    3376  1674  3646  3430
11171    3092   220  1942   221
11172    3376  1618  3646  1866
11173    3462  1506  1829  1675
11174    2927  2836  2988  2837
11175    1507  3203  3100  2837
11176    1322   969  1075  1076
11177    2408  2830  2407  1866
11178    3349  1559  3103   649
11179    2407  3128  3335  2408
11180    2927  2234  2988   158
11181    2543  3494  4049  3691
11182    1674  3600  3691  3202
11183    3430  3376  1675  3646
11184    3202  1674  1505  1673
11185    2837  2836  1829  1675
11186    3202  1673  1505  3327
11187    2837  3202  1675  3203
11188    3202  1674  2837  3691
11189    3203  1674  2837  3202
11190    3376  1866  3646  2830
11191    3430  2830  3646  1866
11192     424  3429  3647   529
11193    2830  1866  2408  3376
11194     601  3600  3647  3335
11195    3430  1618  3646  1619
11196    1999  3926  3430  2754
11197    1866  1619  3430  1999
11198    1505  3202  1829  1675
11199    2830  1866  3430  1999
11200    1999  2754  3430  2755
11201    3376  3375  3646  1619
11202    3374  3926  3430  3375
11203    3376  1619  3646  1618
11204    2408  1866  2407  1618
11205     601  1674  2407  3600
11206    3374  3926  3646  3430
11207     601  1866  2407  2830
11208    3462  3327  1506  1673
11209    1505  1673  1506  3327
11210    3462  1506  1675  3430
11211    1674  2000  3430  3327
11212    1999  2000  3430  2830
11213    3462  2000  3430  1999
11214    3462  1674  3430  1673
11215    3327  1673  3430  1674
11216    3462  1673  3430  3327
11217     601  1618  2407  1866
11218    1674  3600   601   639
11219    1618  1619  2407  2408
11220    3494  3691   600   602
11221     602   529   600   530
11222    2423  1195  4049   149
11223    3376   639  2408  2830
11224     602  3761   530   600
11225    2075  2207  3828  3829
11226    1505  3430  1675  1506
11227    1507  1505  3100  3202
11228     687   686  1148  1000
11229    1674   639  2408  3376
11230    3761   530   600  3128
11231    2408  3376  2407  1674
11232    2407  1505  1674  3430
11233    3430  1674  2407  3376
11234    2407  3430  1675  1505
11235    1505  3600  1674  3202
11236    1829   424  1507   995
11237     600  4049   424   602
11238     530  3128  3335   529
11239    2423   150  4049   602
11240    2235   149  4049  1195
11241    2234  2235  4049  2543
11242    2926  1195  4049  2543
11243    3928   158  3100  1040
11244    2543  2235  4049  2926
11245    2234  1040  4049  2235
11246     602   149  4049  2258
11247    1739   588  3046  3386
11248     587  3496   588  4021
11249    3928  2837  3100  3203
11250    3761  3128  3335   530
11251    2258  3128  3335  3761
11252    3385  2235  2927  2234
11253    2837  2836  1507  1829
11254    3600  3128  3335   601
11255    2926  1195  2543  3385
11256    3494  3128  3335  3600
11257    2235  3385  2927  2926
11258    2408  3429  1675  3376
11259    2407  3429  1675  2408
11260    1505  3600  1675  2407
11261    3202  3691  1675  3600
11262     424   529  3647  3335
11263     601  3429  1675  2407
11264     601  3600  1675  3429
11265    2407  3600  1675   601
11266    3376  2408  3647  3335
11267    3494  3691  1675  3429
11268    3600  3691  1675  3494
11269    3494  3429  1675  3600
11270    2836  3691  1675  2837
11271     529   530  3647  3335
11272    2408  3429  3647  2407
11273    2393  3803  2392   555
11274    3551  1739  3496  3046
11275    1040  3385  2927   158
11276     995  3385  2927  1040
11277     686    41  1000   999
11278    2836  3691  1829  1675
11279     601  3429  3647  3600
11280    3600  3494  3647  3335
11281    3600  3429  3647  3494
11282    3494  3429  3647  3691
11283    3429  1829  3691  1675
11284    3128  3647  3494  3335
11285    3128  3691  3494  3647
11286    3647   600   424  3128
11287    3128  3691  3647   600
11288    1829  3429  3691  3647
11289    3647  1829   424   600
11290    2988  2837  3928  3203
11291    3928   995  3100   424
11292     158  2234  2543  3385
11293    1040  2234  2543   158
11294     158  3385  2543  1040
11295    1507  3202  3100  3203
11296     158  3385  2927  2234
11297     995  3385  2543   424
11298    1040  3385  2543   995
11299     995   424  2543  1040
11300    2543  1040  4049  2234
11301    2543   424  4049  1040
11302    1040   529  4049  2235
11303     529   149  4049  2235
11304    2927  2235  2988  2234
11305     529   424  4049   602
11306    4049  3761   530   602
11307     530   149  4049   529
11308     602   530  4049   529
11309     995   424  2927  3385
11310    3202  3203  1507  1829
11311     600   424  2927  1829
11312    3928   424  3100  1507
11313    1506  1505  1507  1829
11314     600  4049  2927   424
11315    1505  3202  1507  1829
11316    2927  2543  3691  3385
11317    4049   600  3691   602
11318    2927  4049  3691  2543
11319    2543   424  2927  4049
11320    2543  3385  2927   424
11321    1829  3691   600  3647
11322    2927  3928  3691  1829
11323    1829  3691  2927   600
11324      36  2599   510  1575
11325    2836  3691  1507  1829
11326    3817  3577  4041  1181
11327    3496  3103  3551  3349
11328     649  1370  1739  1558
11329    2988  2836  3928  2837
11330    1507  1829  3928   424
11331    2927   424  3928  1829
11332    3928  2927  3691  2988
11333    2988  3691  3928  2836
11334    1507  3691  3928  1829
11335    2310  1201   766  2174
11336    3928  2836  3100  2837
11337    1507  2837  3100  2836
11338    3928  3691  3100  2836
11339    1507  3691  3100  3928
11340    1507  2836  3100  3691
11341    2021   643   302   304
11342     385  1633   383  3280
11343    3496  3551   588  4021
11344    1739  1558  1000   999
11345    3495  3103   930  3349
11346    3817  3541   673  2901
11347    2175  3386   588   587
11348      40  2175   588   587
11349    4060  3556  3555  3798
11350    1739    40  3046    41
11351    1739  1000  3386   999
11352    1147  1146  1681   390
11353     588  1370  3046   482
11354     999  2175  1000  3386
11355     999    41  1739   686
11356     687   686  1000   999
11357     765   766   390  1144
11358    1000    41  1148    40
11359    1001   687  1000   999
11360    3166  2369  3066  2716
11361    3351  3386  1739  1000
11362     391    45  1681   390
11363    1518  2053  1622  1621
11364    1677  1707  4123  3555
11365    1159   651  4090   650
11366     999    40  1000  2175
11367    1739  3386  3046  2175
11368      40  2175  3046   588
11369    2805  3092  1148  1146
11370    1739  3551  2866  3046
11371    2865   492  3874   581
11372    1001   687  1148  1000
11373    1001  1147  1148   687
11374    1000  1147  1148  1001
11375    3351  3350  1400   220
11376    2162  3133  3844  3131
11377    3643   220  1400  3350
11378    1400  3351  3352  3643
11379    1159  3522  4090  1158
11380    1147  1201  1681  2307
11381     453  2279   452  3324
11382    3139  4042  2193   267
11383     390   765  1681   766
11384    2307   766  1681   765
11385    2307  1201   766  2310
11386     390   766  1681  1144
11387    1201  1144  1681   766
11388    1681  1144  1147   390
11389    3394  3530  2336  1327
11390     849   847  2169  3937
11391     847  1164  2169  1162
11392    4129  1161  1034  3102
11393    1290  3106  1291  3105
11394    3937   847  2169   848
11395    3742  1735  3105  3106
11396    3229   349  2730  3225
11397    2179  2178  1163  2335
11398    1836  1518  2672  1516
11399    1676  1677  4123  3555
11400    2335   717   718  1366
11401    2299  2050  3699  3951
11402     220   587  3386   484
11403    4129  1161  3102  3530
11404    3698  2048  3615  3136
11405    1324  3951  3699  1326
11406    2048  2049  3699  2050
11407    3558  3530  3102  1161
11408     849  3530  3102  3558
11409    1327   175  3102   177
11410     848   890  1328  1327
11411    3937  3530  3102   849
11412    3937   177  3102   175
11413    1733  1735  1734  3742
11414    2886  1164  1034  1033
11415     847  1327  2336  2169
11416    2169  1162  2336   847
11417    1290  1074  1291  3558
11418    3742  2198   889   848
11419    1074  4129  3329  1161
11420     848   847  2336  1162
11421    1327   847  2336   848
11422    3195   246   988  3755
11423    3699  2048  3697  4104
11424     848   847  2886  1032
11425    1164   847  2886   848
11426    2169  1164  1033  1162
11427    1032  2169  1033  2168
11428     849  3558  1033  2169
11429    2336  2169  1033  1162
11430    1550    23  2480  3710
11431    3937   849  1033  2169
11432    2336  1327  1033  2169
11433    3710    23  2480  3614
11434    3742   890  3105  1735
11435     265  2268  4079  2595
11436    2955  2388  2256   626
11437    2569  2179  2571  1163
11438    2014  3229  2990  4014
11439    1011  2335  1328  1366
11440    1324  2048  3699  4104
11441    3615  4058  3818  3136
11442    3102   177  1034  1327
11443    1033   177  1034  3937
11444    3102  3937  1034   177
11445    2168  1032  2570  1765
11446    2179  2569  4079  2268
11447    2814  3426  4115  1315
11448    4104  3951  3699  1324
11449    1862  2048  3699  1860
11450    2736  2735  2734  2737
11451    2335  1366  2179  2178
11452    2569  1366  2179  2335
11453     266   267  4014  2595
11454    3293  1858  3614  3710
11455    4079   265  4042  2178
11456     265  2178  4079  2268
11457    1765  2198  2570  2168
11458    1852  3951  3699  2049
11459    2179  2268  4079  2178
11460    1937  3624  4092  2299
11461    2571   717   718  1163
11462    3311  1192    67  1193
11463    1161  3558  1291  1074
11464    1215  3845  2730  3225
11465    1163  1164  2571  1162
11466    1163  1162  2571  2335
11467    2675  3144  3663  2835
11468    3183  3182  2674  2959
11469    2886  1164  2570  2571
11470    2730  3225  1734  1011
11471    2369  3166  2717  2716
11472    2821  2631  2820  2822
11473    1011  2335  1734  1735
11474    1011  1010  1734  2730
11475    1733  3742  1734  2570
11476    3105  3106  1328  1327
11477    3845  2335  1734  3225
11478    2299  2298  4092  4108
11479    2298  2299  4092  2382
11480    3624  2042  4092  2035
11481      69  3624    67  2440
11482    2382  2035  4092  2042
11483    1452  2299  4092  3624
11484    3624  2035  4092  1452
11485    2382  1452  4092  2035
11486    2299  1452  4092  2382
11487    1860  1861  1326  1031
11488    3624  2042  2528  4092
11489    3624  2043    69  2042
11490    1937  4092  2528    68
11491    4092  1937  2528  3624
11492    2611  2325  2610   624
11493    1637  1863  2325  1861
11494    1860  2048  1326  3136
11495    4092  2298  2528  4108
11496    3478  2512  2612  2955
11497    2442  3726  4091  1862
11498    3726  2442  4091  2049
11499    1862  3210  4091  3951
11500    3726  3210  4091  1862
11501    3210  3726  4091  2049
11502    2049  3951  4091  3210
11503    1891  1893  1892  1953
11504    2570   717   718  2571
11505    2570  1765   718   717
11506    2050  2049    68  1937
11507      68  1937    67    69
11508    1935  1862    68  1937
11509    1935  4134    68  1862
11510      69  1193    67  1192
11511    3311  3190    67  1192
11512    1937  2049    68  1935
11513    4134  1935    68  2049
11514    1326  4091  1325  1324
11515    2382  2043    69  2440
11516      69  2042  2528  3624
11517      69  2298  2528  2382
11518    4092  2382  2528  2298
11519      69  2382  2528  2042
11520    4092  2042  2528  2382
11521    4091  1860  1325  1862
11522      68  4092  1325  2299
11523    4091  2299  1325  4092
11524    4091  1862  1325  2442
11525      68  2299  1325  2050
11526    4091  2050  1325  2299
11527    4134  1862  1325    68
11528    4134  2442  1325  1862
11529    2442  2049  1325  4091
11530      68  2050  1325  2049
11531    4091  2049  1325  2050
11532      68  2049  1325  4134
11533    2442  4134  1325  2049
11534      69  4108    67  2529
11535    2382  2440    67  3311
11536      69  2440    67  2382
11537      69  2298    67  4108
11538    3311  4108    67  2298
11539    2298  2382    67  3311
11540      69  2382    67  2298
11541    2049  2048  3699  1851
11542      24   256   257   232
11543    1862  3951  3699  1852
11544    4061  1324  4104  1030
11545    3411  3698  3615  3136
11546    1436  2321  3357  2736
11547    1031  1030  4104  1324
11548    1861  1031  4104  1324
11549    2480    22  1656  3614
11550    1437  4032  1436  1575
11551    4061  3292  3697  4104
11552    3715   256   257    24
11553     511    34  2974    35
11554     232   507   257    24
11555    3818  3411  2610  3409
11556    3699  3698  3697  2048
11557    2955   624  2325  2512
11558    3699  4104  3697  3951
11559    3715   507   257   508
11560    3053  1575  3883  2596
11561     319   428   515   318
11562     508    23    22   509
11563    1858  3292  3293  1029
11564    1637  2512  2325  3082
11565    1953   624  1892  2325
11566    2512   509  3082   987
11567    4133  3210  1893  3726
11568    3293  3292  2610  1637
11569     486  3554  2451   485
11570    3697  3698  3293  3292
11571    3357  4032   417  1436
11572    3293  1858  3710  3292
11573    3293  3292  3710    23
11574    3698  4061  3697  1030
11575    4104  1030  3697  4061
11576    1268  1027  2738  1026
11577    3614  3293  2610  1637
11578    1031  1030  3697  4104
11579    3698  1030  3697  1031
11580     624  2955   625  2512
11581    1861  1031  3697  4104
11582    3698  1031  3697  1861
11583     509  1858  3082  1029
11584      24   507   257  3715
11585    2735   507   257  4015
11586    1649  3117   454  3184
11587    4062  2279  3324  1650
11588    3337  3271   319   622
11589    1029  1858  3614  3293
11590    1595   642  3094  1317
11591    1575  2321  1436  2596
11592    3623  3726  4133  2442
11593    4058  4061  3615  1030
11594    4058  3292  3615  4061
11595    3411  1861  3615  3698
11596     920   186   334  2684
11597    4058  1030  3615  1031
11598    4058  1031  3615  1861
11599    3614  3293  3615  4058
11600    4058  3293  3615  3292
11601    3961  3962   418  3737
11602    1467  3557  2657  2656
11603    1861  1863  4058  1031
11604    1031  1863  4058  1030
11605    3614    23  2480    22
11606    3697  1861  3411  3698
11607    3698  3136  3411  3697
11608    2678  2706   334   468
11609     624  1858  1550  1029
11610    1550   624  2325  1552
11611    3615  3136  3818  3411
11612    1861  1863  3818  4058
11613    3411  1863  3818  1861
11614    3615  3411  3818  1861
11615    3615  1861  3818  4058
11616     512  1795   510  2598
11617    2001  1713  2097  1795
11618    2958  2959   266  3033
11619    2673  3184  3183  1649
11620     924  1027   923  2737
11621    2735  1027  3962  3737
11622    2673  1650  4062  1649
11623    1268  2738  2256  2763
11624    2480  1550  1656    22
11625    2480  2479  1656  1550
11626    1372  1839  2097  2668
11627    1029  1858  2480  3614
11628    1550  1858  2480  1029
11629    1550  3710  2480  1858
11630    3614  1858  2480  3710
11631    3984   496  1050  1865
11632    2512   987  3082  2513
11633      24   232  1551  2479
11634    1437  4032  3357  1436
11635    2479   509  1551   508
11636     186   335  2895   767
11637     677  2284   678  1381
11638    3457    43  2304  3242
11639      36  2321  1575  1028
11640     418   416   355   357
11641    1042  2973  3961  3357
11642     357  1041   356   355
11643    2196  2431  1237  1241
11644     987   507  1655   232
11645    4015   507  1655   987
11646      24   232  1656    22
11647    2479   232  1656    24
11648     485  3554  2451  1229
11649    3337   516   517   515
11650    3053  2598  3940  3054
11651    3818  3411  1892  1953
11652    2479   508  1656   509
11653      22   509  1656   508
11654     440   993  3874  3523
11655    3054  1575  3053  2596
11656     987   507  2735  4015
11657     511  2321  2974  1436
11658      35    36  1575  1028
11659    3288   378  2895  2277
11660    2150  1617   515  1440
11661    4032  1711  1437  3877
11662    2737  2736  1028  2321
11663    1436  1042  2974   511
11664    3961  2736   418  3962
11665     512  2596   510  1435
11666     738  3759   352  2140
11667    1042  2973   418  3961
11668     379   502   922   927
11669      36  1575   510   512
11670    3779  3638  2653  3639
11671    1891  1851  3211  1852
11672    2611  1552  2612  3478
11673    1030  1029  1637  4061
11674    1447  2151   101  3705
11675    2763  2738  2256  2734
11676    1027  2737  2738  2734
11677    3877  1713   510  4089
11678    2612  2955   626  3478
11679    2735  1551  2734  4015
11680    1655  4015  2734  1551
11681     987  4015  2734  1655
11682    2735  4015  2734   987
11683    2763   986  2256   985
11684    1563   947  1562  2434
11685    3753  3589  1594  2191
11686    2340  1028   925  2321
11687     276  1903  3930  1902
11688      34  2736    35  2737
11689    1277  2647  2304    43
11690    2982  3556  1050  1865
11691     511    35   925    34
11692    1795  2598  2097  2001
11693     936  2432  1595  2725
11694     510   511   925   512
11695     496  1048  2979  1049
11696     510   512  2340    36
11697      35  1028  2340    36
11698    2340    34   924   925
11699    2961   256   258   356
11700    1041   418   355   357
11701    3357  2736  3961  3962
11702    2596  1437  1436  1575
11703    1435  1437  1436  2596
11704    1958   948   354  3282
11705    1435  1712  2596  2599
11706      35    34  2974  2973
11707    1053  2195  3753  3812
11708    1393  1629  2863  1392
11709    2599  2596   510  1575
11710    3623  2442  4133  4134
11711    1437  1712  2596  1435
11712      43  3457  2304    44
11713      36  2599  1575  1712
11714    2596  1712  1575  2599
11715    1437  1712  1575  2596
11716    1437  4032  1575  1712
11717    2658  2777  2657  3224
11718      43    44  2304  3942
11719    1437  1371  4033  4032
11720    2598  2668  2097  2001
11721    1277    43  2304  3942
11722    1839  1713  2097  2001
11723     417  4032  4033  1371
11724    2191  3589  2772  2433
11725    3423   949   796  1236
11726    1437  4032  4033  1838
11727    3961  1041   418  1042
11728     765  2309   764  1275
11729    1027  1026  3737  2735
11730     512  1713   510  1795
11731    2596  2321  1436  1435
11732    1849   487   486  2450
11733    1838  1372  1225  4033
11734    3357  1041  3961  1042
11735    1838  1839  1225  1372
11736     353  2194   239  2196
11737    1711  1712   417  4032
11738      36  2321  1436  1575
11739    3961  4032   417  3357
11740    3753   934  1242  1497
11741     511  1712  2974  2599
11742     232   256  2961    24
11743    2599  1711  1435  1712
11744     427  1274  3337  3449
11745      43    44  1225  1224
11746    3357  2321  3961  2736
11747    1028  2736  3961  2321
11748    1028  2973  3961    35
11749    3357  2973  3961  2321
11750    1028  2321  3961  2973
11751    3882  2758  3940  2759
11752    3710    23  3715   508
11753    3961  2973   418    35
11754    3961    35  2736  1028
11755      35  3961  2736   418
11756     716  2268  2015  2193
11757    4089  3877   357   416
11758    1575    36   417  1436
11759    1436  4032   417  1575
11760    1575  4032   417  1712
11761    1575  1712   417    36
11762    2141  2433  2772  3589
11763    1563  1048  1049  3960
11764    3449   622   319  3677
11765    3663  1537  4124  3474
11766    1268  2388  2256  2738
11767    3054  1839  1838  1713
11768    2983  2982  3943  2981
11769    2388   986  2513   985
11770     512  2598  3883  1795
11771    3705  1447  3291   916
11772    1235  3759   797  2345
11773     511  2321   925  1028
11774    1372  1371  1225  4033
11775    3053  1795  3883  2598
11776     511  1028   925    35
11777    2097  2596  2597  1435
11778    3984  3556  1050  4060
11779    1372  2668  4089  1371
11780    2111    44  2304  3457
11781    3942    44  2304  2111
11782    2759  3289  2304  2758
11783    3556  2982  1050  2981
11784     538  3289  2304  2111
11785     538  3457  2304  3289
11786    2111  3457  2304   538
11787     935   936  1497   934
11788    2598  1795  2597  3054
11789    2097  1795  2597  2598
11790    2097  1713  2597  1795
11791    3054  1795  2597  1713
11792     764  2304  3313   226
11793    1467   131  2657  2777
11794    3165  3104   441   992
11795     516  3449  3337  1274
11796    3677  3271   319   401
11797    2895   767   503   186
11798    2111    44  2430  1224
11799     765  1280   764   766
11800    2111  3457  2430    44
11801    3054  1435  4033  1838
11802     924  2973   923  2974
11803    2001  2668  4033  1371
11804    1838  2668  4033  2001
11805     510  2599   925   511
11806    1838  1713  4033  3054
11807    2001  1713  4033  1838
11808    2001  1371  4033  1713
11809    2001  2668  4089  3877
11810    1563  2434  1562  1564
11811    4079  4042  2193  3139
11812     417  1371   416  4089
11813     933  2706   922  2722
11814    4060   496  1050  3984
11815     764  2304  2303  3313
11816     538  3289  2430  3457
11817    1224  3289  2430   538
11818     417  1371  4089  4032
11819     417  4032  4089  3877
11820    3877  1711   357   416
11821    1042  2973   355   418
11822     418  3961   357  1041
11823    1437  4032  4089  1371
11824    3877  4032  4089  1437
11825     192   191  2895  2277
11826    1435  3877  4089  1437
11827    1437  1371  4089  1435
11828     927  2722   922   467
11829     257   507   986  3493
11830    1372   538  1225  2111
11831    3086  2097  1225  1224
11832    1224   538  1225  3289
11833    1372  3289  1225   538
11834     512  2598  3940  3883
11835    1224  3289  1225  3086
11836     512  3883  3940  3882
11837    2598   512  3940   510
11838     416  3961   357   418
11839     416  1711   357  1712
11840    1041  1712   357  1711
11841    3357  3961   357   416
11842    3357  1041   357  3961
11843    1436  3357   357   416
11844    1436  1041   357  3357
11845    2340    34   925    35
11846    1711  2599  1435   510
11847     512  1575   510  2596
11848    2599  1435   510  2596
11849    2763  1026  1269  1268
11850    1655   256  2961   232
11851     987   507  3715   508
11852      22   508  3715    23
11853     468  2706   334   920
11854    4015   256  2961  1655
11855    2598  1795   510  2599
11856    2722   933   637   100
11857     256  4015  2961  2735
11858    2153  3418   502  1447
11859     418  2736   355  3962
11860     257   256   258  3493
11861     356  1041   258  1042
11862      35  2973   355    34
11863     418  2973   355    35
11864      35  2736   355   418
11865      35    34   355  2736
11866    1656    22  3715    24
11867     508    22  3715  1656
11868    2479   508  3715  1656
11869    1656    24  3715  2479
11870    2734  1026  2738  1027
11871     923  2973   985  2974
11872    1551  2479  3715    24
11873     508  2479  3715  1551
11874    2974  2973   985   986
11875     232   256   257  1655
11876    1655   507   257   232
11877    4015   507   257  1655
11878    1655   256   257  4015
11879     355  2736   356  3962
11880     355    34   356  2736
11881    2955   987  2512  2513
11882    2611  3411  2610  3818
11883     356  3962   258  3737
11884    3493  3737   258  3962
11885    3962  2736   258  3493
11886     356  2736   258  3962
11887    2759  2758  3940  2598
11888    3054  1795  3053  2598
11889    1435  3877   510  4089
11890     812  2381  2380  2535
11891      36  1575  3053  3054
11892     511  2599   925  1712
11893    3883    36  2340   512
11894    1448  1271   516   932
11895     355  3737  3535   418
11896    3705   916  3291  3290
11897    3053    36  2340  3883
11898    2340  2599   925   510
11899     512  1575  3883    36
11900    3053    36  3883  1575
11901    2340  1712   925  2599
11902     401  1603   319   427
11903    2388  2735  2513   507
11904    1041  1712   511   357
11905     510   512   925  2340
11906    1042  2974  1712  2973
11907    1042  1712   511  1041
11908    1436  1041   511   357
11909    1042  1041   511  1436
11910     924  2974   923   511
11911     509   987  2955   508
11912    2684   186   503   767
11913    3818  3411  3409  1892
11914     257  3493   986   256
11915    1030  1863  1637  1031
11916    3737  1027   986  1026
11917     256  3493   986  2961
11918     268  2684   503  1576
11919    3962  3493   986  2736
11920    3962  2736   986  2737
11921    2737  1027   986  3962
11922    3737  3493   986  3962
11923    3962  1027   986  3737
11924      34   511   924   925
11925    1435  1711   510  3877
11926    3054  1713  3053  1795
11927    3054  1435  3053  4033
11928    4033  1713  3053  3054
11929     356  3737  3535   355
11930     101  1447    99   268
11931     355  2961  3535   356
11932    3053  2596  3883  1435
11933     512  1435  3883  2596
11934    3053  1713  3883  1795
11935     512  1795  3883  1713
11936    4033  1435  3883  1371
11937    3053  1435  3883  4033
11938    4089  1435  3883   512
11939    4089  1371  3883  1435
11940    4033  1713  3883  3053
11941    4033  1371  3883  1713
11942    4089  1713  3883  1371
11943     512  1713  3883  4089
11944     510    36  2340  2599
11945     363   364  1844   362
11946    2901   675   673  3889
11947      36  2321  2340  1436
11948    4079  4042  2015  2193
11949      36  1712  2340  2599
11950    2546  2267  3024  2261
11951    2421  4037   132  4038
11952     357   416  2340  1436
11953     357  1712  2340   416
11954     416   417  2340  1436
11955      36  1436  2340   417
11956     417  1712  2340    36
11957     416  1712  2340   417
11958    2340  2321   925  1436
11959     511  1436   925  2321
11960    2340   357   925  1712
11961     511  1712   925   357
11962    2340  1436   925   357
11963     511   357   925  1436
11964    4015  1655  3535  3737
11965    2961  1655  3535  4015
11966     356  2961  3535   258
11967     258  3737  3535   356
11968    2961  4015  3535  2735
11969    3737  2735  3535  4015
11970     258  3493  3535  3737
11971    2961  3493  3535   258
11972    2961  2735  3535  1026
11973    3737  1026  3535  2735
11974     986  3737  3535  3493
11975     986  3493  3535  2961
11976     986  2961  3535  1026
11977     986  1026  3535  3737
11978      99  2684   502   503
11979    1027    34   924  1026
11980     985   986  2256  2388
11981    2974    34   924  2973
11982    1027  2737   924    34
11983     101   467   100  2153
11984    2737  2736   924    34
11985    3710   624  3082  1858
11986     356  2973   924    34
11987    1273   100  2380  2153
11988    1029   624  3082  2325
11989    2480  1029  1637  1550
11990     356    34   924  2736
11991    3082  1029  2325  1637
11992     924  2737   923  2736
11993     985   986  2513   987
11994    3493  2973   923   258
11995     924   356   923  2973
11996     258  2973   923   356
11997     258  2736   923  3493
11998     356  2736   923   258
11999     924  2736   923   356
12000     257   256  2388  2735
12001    2955  1551  2512   509
12002     257   507  2388   986
12003     502  2154   922   927
12004     257  2735  2388   507
12005    2955   509  2512   987
12006    2388  2955  2512  2513
12007    2381  2153  2534  3418
12008     187  2683  2895  2277
12009     810  2897   319   811
12010    1027  1026   985   986
12011     923  1026   985  1027
12012     923  2736   985  3493
12013     986  3493   985  2736
12014     923  1027   985  2737
12015     986  2737   985  1027
12016     923  2737   985  2736
12017     986  2736   985  2737
12018     987   507  2513  2735
12019    2734  2735  2513  2388
12020    2734   987  2513  2735
12021     932  1271  1270  3704
12022     923  2388  2513   985
12023    3337  2897   319  2565
12024     100   467   637  2722
12025    1893  3136  1891  1851
12026     516  3271  3337   622
12027     509    23  3082  3710
12028    1268  3230  2738  3478
12029      22    23  3082   509
12030    1656    22  3082   509
12031    1656   509  3082  2479
12032    1551   509  3082  2512
12033    1551  2479  3082   509
12034    3293  3292  1637  1029
12035    1892   624  3409  2325
12036    1029  3292  1637  4061
12037    3614  1029  1637  2480
12038    1551  1552  3230  1550
12039    3293  1029  1637  3614
12040    3411  1863  1953  3818
12041    3409  3292  2610  4058
12042    1863   624  1953  2325
12043    2895  1576   503  3288
12044    3818  1863  1953  4058
12045    1637  1863  1953  2325
12046    2611  3818  2610  4058
12047    2323   766  1941  2310
12048    4058  1863  1953  1030
12049    1891  3136  3211  1851
12050    1637  1030  1953  1863
12051    1655  1551  1268   232
12052    1893  1852  1891  3210
12053    1326  1861  4133  1324
12054    1851  3623  4133  3136
12055    1893  3210  1891  3726
12056    1860  1861  4133  1326
12057    1860  3623  4133  1861
12058    1324  3136  4133  1326
12059    1860  3136  4133  3623
12060    1326  3136  4133  1860
12061    4133  1852  1893  3210
12062    2325  1637  1892  1953
12063    1953  1891  3211  1892
12064    4133  1863  1893  1861
12065    4133  1851  1893  1852
12066    4133  3136  1893  1851
12067    4133  1861  1893  1324
12068    4133  1324  1893  3136
12069    2612  2512  3408  2955
12070    3230  1551  2738  2734
12071    1893  1953  1891  1863
12072    1893  1324  1891  3136
12073    4104  3136  1891  1324
12074    3697  3136  1891  4104
12075    1893  1863  1891  1861
12076    1324  1861  1891  4104
12077    1893  1861  1891  1324
12078     458   739   797  1024
12079    4104  1861  1891  3697
12080    2610  2611  3408  2612
12081    2513  2388   626  1269
12082    4061  3292  1892  4058
12083    1953  1637  1892  1030
12084    4061  1030  1892  1637
12085    4058  1030  1892  4061
12086    1953  1030  1892  4058
12087    4058  3818  3409  1892
12088    3408  2612   626  1269
12089    2325  1637  3409  1892
12090    1655   232  1268   987
12091    1892  3292  3409  4058
12092    3478  1552  2612  1550
12093    2734  2735  3230  1551
12094    1892  1637  3409  3292
12095    1852  1851  3211  3411
12096    1891  3697  3211  3136
12097    1851  3136  3211  3411
12098    2325   624  2611  1552
12099    1892  1891  3211  3409
12100    3409  3411  3211  1892
12101    1892  3411  3211  1953
12102    2325  1552  2611  1637
12103    4058  3614  2611  2480
12104    2480  1552  2611  4058
12105    3411  3409  3211  2610
12106    1891  1852  3211  3210
12107    2480  3614  2611  1637
12108    1637  1552  2611  2480
12109    2325  1637  2610  3409
12110    2611  1637  2610  2325
12111    3411  3136  3211  3697
12112    1891  1953  3211  1863
12113    3411  1863  3211  1953
12114    1891  1861  3211  3697
12115    3411  3697  3211  1861
12116    1861  1863  3211  3411
12117    1891  1863  3211  1861
12118     232    24  1268   987
12119      35  1026  2763    34
12120    3408  2955   626  2612
12121    2512  2955  3230  1551
12122    3337   622   319  3449
12123    2610  3409   625   624
12124    1268  1655  2738  1551
12125    2738  1026  2763  1268
12126    2153   467   100  2722
12127    2512  1551  3230  3082
12128    1550  2479  3230  1551
12129     268  1576   334  2684
12130    3082  1551  3230  2479
12131    3082  2512  2612  3478
12132    3478  3230  2738  2734
12133      22  3082  2612  3478
12134    2678   186  2154  2684
12135    3230  1552  3478  1550
12136    1268  3478  1269  3230
12137     187   335  2895   186
12138    3230  2512  3478  2955
12139     638  2565  2564  3271
12140    3082  2512  3478  3230
12141    1656  1550  3478    22
12142     924    34  2256  2763
12143    1269  2388  2256  1268
12144    2513  2955   626  2388
12145    3082  1656  3478    22
12146    3230  1550  3478  2479
12147    1656  2479  3478  1550
12148    3082  2479  3478  1656
12149    3230  2479  3478  3082
12150    3082  2512  3408  2612
12151    2611  1552  3408  2612
12152    2612  1552  3408  1550
12153    2678  2684   334   186
12154      22  3082  3408  2612
12155      22    23  3408  3082
12156    1550  3710  3408    23
12157    2612  1550  3408    22
12158      23    22  3408  1550
12159    2734  1551  2738  1655
12160    2513  2388  2738  2734
12161    1268  2388  2738  2513
12162    1655   987  2738  2734
12163    1268   987  2738  1655
12164    2513   987  2738  1268
12165    2513  2734  2738   987
12166     626  2955   625   624
12167    2735  1026  2763  2734
12168     985  1026  2763   986
12169    1892   624   625  3409
12170    2961  1026  2763  2735
12171     986  1026  2763  2961
12172    2735   256  2763  2961
12173     626  3408   625  2955
12174    1272  1274   427  1273
12175    2961   256  2763   986
12176    1268   987  1269  2513
12177    1268  3230  1269  1551
12178    1268    24  1269   987
12179    1268  1551  1269    24
12180    2763   923  2256   924
12181     924   923  2256  2388
12182    1269  2763  2256   626
12183    1269   987   626  2513
12184    1269  3478   626  3230
12185    2955  3230   626  3478
12186    1269  3230   626  1551
12187    2955  1551   626  3230
12188    1269    24   626   987
12189    3715   987   626    24
12190    2955   987   626   508
12191    3715   508   626   987
12192    1269  1551   626    24
12193    3715    24   626  1551
12194    1551   508   626  3715
12195    2955   508   626  1551
12196    2388  2734  2256  2738
12197    2763   256  2256   986
12198    2388   986  2256   256
12199    2735  2734  2256  2388
12200    2763  2734  2256  2735
12201    2763  2735  2256   256
12202    2388   256  2256  2735
12203    3082  2512   625  3408
12204    3082   624   625  2512
12205    2610  2611   625  3408
12206    2610   624   625  2611
12207    3710   624   625  3082
12208    2611  1552   625  3408
12209    2611   624   625  1552
12210    3710  3408  3082   625
12211    3408  3710  3082    23
12212    3408  1550   625  3710
12213     624  3710   625  1550
12214    1550  1552   625   624
12215    3408  1552   625  1550
12216     101   916   637  1447
12217    3968  2277  2895  2683
12218    2706   379   922   467
12219    3291  1447   637   916
12220    1448  1271  3337   516
12221    1051  2725  1595  1596
12222    3291  1576   268  1447
12223    2564  2897  3704  2565
12224    2151  3705  3291  3290
12225    1271  1447  1270   101
12226     933  3418  2153  2722
12227    1603   402  2535   401
12228    2381   400  2534  2845
12229     467  3418  2153  1447
12230    2722  3418  2153   467
12231     318   641   517  1672
12232     515   641   517   640
12233    2895  3288   503   378
12234     187  2277  2895   336
12235    3968  3459  2895  2277
12236    2277   191  2895   767
12237    2277  1576  2895  3288
12238     268  1576  2895  2277
12239     467   768   466   468
12240    3087  1265  3313  1280
12241     187   186   503  2684
12242    1448  1271   101  1447
12243     812  3449  1274  3677
12244    1280  1275  3087  2647
12245     932   622  3704  3271
12246    2897  1440  3704   932
12247     101  2151   100  3705
12248     638   636  1448  1271
12249    2895   191   503   767
12250    1271   636  1448  3450
12251    1447   467   101  2153
12252    2151  3705  2564   638
12253      99  2684  2154   502
12254      99  2678  2154  2684
12255    2381  3418  2380  2153
12256     400  2845  1272   636
12257    3291   916   637  3290
12258     638   636  1272  1448
12259     638   400  1272   636
12260    3450   636  1272  2845
12261    1448   636  1272  3450
12262    2722   933   100  2153
12263    3291  3290   268  1576
12264    2684  2683   503   187
12265     379  1576   268  3290
12266     268  2895   503    99
12267    2895   187   503  2683
12268    1576   379   268   193
12269    2381  3418  2534  2679
12270     193   768   268  1576
12271    2895  2683   503  3968
12272     187   336  2895   335
12273     336   767  2895   335
12274     336  2277  2895   767
12275    3291  3290    99   268
12276     268  3290    99   379
12277      99   101   100   502
12278     100  2153  2534  2381
12279     268   379    99   193
12280     268   193    99   768
12281     101  2153   100   502
12282    2684   378   503  3288
12283    2895   192   503   191
12284    2684   191   503   192
12285    2895   378   503   192
12286    2684   192   503   378
12287      99  1447   502  3291
12288     101  1447   502    99
12289     101  2153   502  1447
12290     502  2706  2154   468
12291    3291  3290   502    99
12292      99  3290   502   379
12293     193  2706   502   468
12294      99   379   502   193
12295    2706   193   502   379
12296      99   193   502   768
12297     468   768   502   193
12298     101  3705   100   916
12299     926   933   922   927
12300    1272  1271   100  1448
12301     101  1448   100  1271
12302    1272  1448   100   101
12303    2678   468  2154  2706
12304     334  2678   922  2706
12305    2706   467   922  2722
12306    2845  3450  2534  2381
12307     191   192   466   768
12308    2722   467  2679  3418
12309     932  1448  3704  1272
12310    2678  3418  2679  2154
12311    3704  1272  2535   812
12312     638   916   637   636
12313     933  2722   927  2679
12314    2897   810   319  1603
12315    2154  3418  2679   502
12316     467  3290  2679  3291
12317    3387   192   466   191
12318    2896  1440   515   640
12319    3291  3290  2679   502
12320     467  1447  2679  3418
12321    3291  1447  2679   467
12322     502  3418  2679  1447
12323     502  1447  2679  3291
12324     334  2679   927  2678
12325    2722   467   637  3450
12326    2679  2722   927   467
12327     916   768   637   193
12328    2154  2678   927  2679
12329    3450   467   637   636
12330     636   916   637  3450
12331     100   916   637   101
12332    1447   467   637   101
12333     502  2154   927  2679
12334     467  3290   927  2679
12335     467   379   927  3290
12336     466   467   637   768
12337     502  3290   927   379
12338    2679  3290   927   502
12339     811  1205   428  1998
12340    1205   811   428  2032
12341     921  2705   466   468
12342    3387   468   466  2705
12343     920   921   466   468
12344     191   767   466  3387
12345     622  3271   319  3677
12346    2381  2153  2380   100
12347     334  2706   922   920
12348    2705   378   466   192
12349     921   378   466  2705
12350     192   378   466   768
12351    3288   921   466   920
12352     334   920   466   468
12353    3288   378   466   921
12354    3288   768   466   378
12355    3288   920   466   334
12356     468  2678   466   334
12357    3288  1576   466   768
12358     334  1576   466  3288
12359    2678   268   466   334
12360    2678   468   466  2154
12361     268  1576   466   334
12362     268   768   466  1576
12363     268  2678   466    99
12364      99   768   466   268
12365      99  2678   466  2154
12366     502   468   466   768
12367     502   768   466    99
12368     502    99   466  2154
12369    2154   468   466   502
12370    3450  2151   926  2534
12371    3450  3705   926  2151
12372    3450   916   926  3705
12373     933   916   926  3450
12374     100  2151   926  3705
12375    2534  2151   926   100
12376     100  3705   926   916
12377     100   916   926   933
12378     467  1447   637  3291
12379    2151  3705  3704  2564
12380    2564   402  3704  1272
12381    1272   638  2564   402
12382    1448   638  2564  1272
12383    1271   638  2564  1448
12384    3449   402  2564   638
12385    3449   638  2564   622
12386     932  3271  3704  2565
12387    2564  3271  3704   622
12388     516   622  3337  3449
12389    2564  1272  3704  1448
12390    3677   402  2535  3449
12391    1225  3086  3882  2097
12392    2381   402  2535  2534
12393    3704  3449  2535   402
12394     810   811   319   427
12395     401  3677  2535   812
12396    3677  3449  2535   812
12397     812   810  2535  1603
12398    1241  2431  3604  1497
12399    3704  2564  1270  2151
12400    2535  1272  1273   812
12401    1274   812  1273  1272
12402     428  3927   515   318
12403    3133  2691  3131  2692
12404     319  3337   515  1440
12405    1681  2307   228  2309
12406     811  1602   428  2032
12407     811  3672   428  1602
12408     811  3927   428  3672
12409     428   319   317   318
12410     932  1440   515   516
12411     516  1440   515  3337
12412    2535   402  1273  1272
12413    3291  2151  1270  1447
12414    3704  2151  1270   932
12415    1272   402  1273   400
12416    2845  3450  1273  1272
12417    3291  1447  1270  1271
12418    3291  3290  1270  2151
12419    1272   400  1273  2845
12420    1272  1271  3450  2380
12421    1271  1272  3450  1448
12422    1273  2845  2380  3450
12423    2381  3450  2380  2845
12424    1273  2535  2380   402
12425    2381   402  2380  2535
12426    1273  3450  2380  1272
12427    1273   400  2380  2845
12428    2381  2845  2380   400
12429    1273   402  2380   400
12430    2381   400  2380   402
12431    2564  1271  1270   638
12432    2564   638  1270  2151
12433     636   638  1270  1271
12434     636  2151  1270   638
12435    2534   100  1270  2151
12436    2381   100  1270  2534
12437    2380  1271  1270   100
12438    2380   100  1270  2381
12439    3450   636  1270  1271
12440    3450  2151  1270   636
12441    2380  3450  1270  1271
12442    2381  3450  1270  2380
12443    3450  2381  1270  2534
12444    2534  2151  1270  3450
12445    1274   811   427   428
12446    1318  3923  1957  3589
12447    2097  3086  3882  2597
12448     810   811   427  1274
12449    1272  1448   319  3337
12450     427  1272  3337  1274
12451    1274  1603   427   810
12452     427  1272   319  3337
12453     516  1272  3337  1448
12454     401  1603   427  1274
12455    2150  1440   515  2896
12456    2758  3086  3882  3289
12457    3086  2758  3882  2759
12458    3677   401   427  1274
12459    3449  3677   427  1274
12460    2150  2896   517   318
12461     428  3927   317  3672
12462     318  3672   317  3927
12463     932  1272   516  1448
12464     401  3271   319  1603
12465    3337  1440   319  2897
12466     427  1603   319   810
12467     162  1386  3604   161
12468     932  1440   516  2897
12469    1225  3289  3882  3086
12470    2896   640   517   318
12471     932  2897   516  2565
12472    3449  3677   319   427
12473    1272   812   516  1274
12474    1272   932   516   812
12475     932  2565   516  3271
12476     812  3449   516  1274
12477     812   932   516  3449
12478    1603  2565   319  2897
12479     932   622   516  3449
12480    2097  3457  2303  2304
12481     932  3271   516   622
12482     516  2897  3337  2565
12483    2896   641  3926   640
12484     318  1602   317  3672
12485    2647  3086  3882  1277
12486    3087  3312  2303  3313
12487    1277  3086  3882  3942
12488    2758  3289  3940  2598
12489    3882  3289  3940  2758
12490    3054  2597  3940  3882
12491    3054  2598  3940  2597
12492    2597  2097  3940  3882
12493    2597  2598  3940  2097
12494    3882  1225  3940  3289
12495    1372  3289  3940  1225
12496    1372  2668  3940  3289
12497    2598  3289  3940  2668
12498    1225  2097  3940  1372
12499    3882  2097  3940  1225
12500    2097  2598  3940  2668
12501    2097  2668  3940  1372
12502     428  3672   317  1602
12503     428  1602   317  2032
12504     318  1998   317  1205
12505     428  1998   317  3603
12506     738  2194  2762  1023
12507     764  1275  3313  1280
12508     318  1205   317  2032
12509    2896   640   318   641
12510    2896  3326   318  1998
12511     318  3326   317  3603
12512    2896  1998   318  2150
12513     318  2150  2032  1617
12514    3740    45   764   389
12515     318  3337   517   319
12516    1617  2032   318  1602
12517     623  3927   318   621
12518    3927   623   318  1602
12519    1617  1602   318   623
12520     428   427   317   319
12521     515   319   517  3337
12522    1602  3672   318  3927
12523     318   319   517   515
12524     515  2896   517  2150
12525     515  2150   517  1617
12526     318  1617   517  2150
12527     623  1617   517   318
12528     515  1617   517   623
12529     621   623   517   318
12530     515   623   517   621
12531     515   621   517  3927
12532     318  3927   517   621
12533     515  3927   517   318
12534    3923  1318  1957  1501
12535    3312  3086  3087  2647
12536    3087  2304  2303  2647
12537    2117  2140   352  1957
12538    3312  3457  2303  2097
12539    1052  1497  1242  3604
12540    3087  1200  3313   537
12541    3812  2195  2196  2194
12542    3087  2647  2303  3312
12543    1276  3741  3087  2647
12544    3516  3806   743   745
12545    3942  3086  3312  1277
12546    2430  3086  2097  3312
12547    3086  2430  2097  1224
12548    3753  2195  1242  2191
12549    2430  3457  3312  2097
12550    2430  3086  3312  3289
12551    3556  2982  3325  1865
12552    3942  2759  3312  3086
12553    2758  3289  3312  3086
12554    2759  2758  3312  3086
12555    2725  2190  3753  1053
12556     226   391   764    45
12557     226   537   764   389
12558    3740   389   764   537
12559    3224  2656  2657  2658
12560    2647  1200  3087   537
12561    3312  3457  3289  2303
12562    3741  3740  3087  2647
12563    2597  3054  2303  3312
12564    3740  1200  3087  2647
12565    2097  2304  2303  2597
12566     764  1200  3313  3740
12567    1276  1275  3313   764
12568    3087  1275  3313  1276
12569    3087  3741  3313  3740
12570     764  3740  3313  3741
12571    3087  1276  3313  3741
12572     764  3741  3313  1276
12573     129  2695  1467  3557
12574    3457  3312  3289  2430
12575    2304  3457  2303  3289
12576    1277  2647  2303  2304
12577    3312  2647  2303  1277
12578    3312  2758  2303  3289
12579    2304  3289  2303  2758
12580    3942  1277  2303  2304
12581    3312  1277  2303  3942
12582    3312  2759  2303  2758
12583    2304  2758  2303  2759
12584    3312  3942  2303  2759
12585    2304  2759  2303  3942
12586     795   948   796   949
12587    4023  4124   603   605
12588    3777   143  3096  1531
12589     458  1597   457  4087
12590     459  4086   796   795
12591    3454  1246  1245  3477
12592    1243  2187  2809  2839
12593    3806  3605  2644  1363
12594     220   221  1400  3093
12595     949   277   796   795
12596    2966  4107  2404  2656
12597     160   162  1051  1052
12598    1052   162  2725  2190
12599     303  2433  1501   934
12600    2433  1241   934  2431
12601    3017  3386  3351  1148
12602    1818   643   289  3245
12603    3605  2860  2658  2777
12604    3256  1614  2022  1613
12605    2157  2607  3561  1087
12606    3445   241  3156  2045
12607     853  2127  2477  1078
12608    2551  2403   977  2588
12609    3350  3386  3351  3017
12610    1479   652  2447  2985
12611    2432  2433   934   936
12612     934  1241  1497  2431
12613    3759  2196  2345  1237
12614     663  2661   489   662
12615    2505  2504  3156  3445
12616    2772  3589  1594  1486
12617     819   605  3299   603
12618    2641  1358  2583  1239
12619    3087  2304   227  3313
12620    2587  2405  2404  4107
12621    3923  3589  1318  2141
12622    3812  2615  2191  3753
12623    1648  1631  2046  1360
12624     664   287   665   288
12625    1485  1486  1594  3589
12626    3561  2607    51  1745
12627     131  2185  2183  2182
12628    2940  2987  1679  3063
12629     407  3621   408  4156
12630    1278  3621  3481  4156
12631    3107  1807  3758  1359
12632    1052  2190  2725  1053
12633    3604   162  1052  3589
12634    1053  1497  1052  3589
12635    3604  3589  1052  1497
12636    1497  1053  1242  3753
12637     666  1630  3278  1392
12638    2023  2860  3745  2067
12639     935   936  2725   162
12640     160  1051  1595  1596
12641     162  2432  2725  2190
12642     936  2432  2725   162
12643    1053  1052  1051  2725
12644     934  3589  3753  2433
12645    3423  1597  1024   739
12646    1497  3589  3753   934
12647    1053  3589  3753  1497
12648    3604   162  1242  1052
12649    3753  2195  2191  3812
12650    3753  3589  2191  2433
12651    2188  2187  2189  2838
12652    2762  1023  1024   738
12653    3094  3621  3481  1278
12654     935  2725  1595  1051
12655    1051  1386   162   160
12656    1053  3753  1594  3095
12657    1532  2260  3167  3173
12658    3557  2185  1467   130
12659     795  2435  2439  1439
12660    3267  2403  2808  2839
12661    2976   747  2182   746
12662    1243  1245  2188  2187
12663    1152  2347  1802  2483
12664    1499  1843  1498  3078
12665    1615  3279  3278   666
12666     288  3255  2339  3533
12667     666  1393  3278  1615
12668    3989  1907  3988  2829
12669     696   454  2639   452
12670    2551  2187  2839  2403
12671    1278   160  4100  1051
12672    2756  2757  2760  1872
12673     977  2551   979  2403
12674    2640  1590  2641  1591
12675    3604  1241  1242   162
12676    3477  2551  2808  2403
12677     748  2583  3125  3453
12678    2185   747  2183  2182
12679    2182   747  2183   746
12680    1146  1147  1941  1782
12681    2433  2432   303  2141
12682    2762  1597  1024  3423
12683    1497   934  1242  1241
12684     304   935   302  1386
12685    2644  3223  2712  1363
12686     164   815   163   816
12687     459   947  3270  2517
12688    2551  2957  2808  2839
12689     460  1240  1247   462
12690    3178  3789   329  3878
12691    2405  2403  3267  2404
12692    3477  2403  2808  3267
12693    2839  2403  2808  2551
12694    2588  2403  3267  2405
12695    3745  4131  1422   911
12696    2980  3556  1050  2981
12697    1564  1786   949  2435
12698    1052  2195  1242  1053
12699    2966  2404  2962  3267
12700     461  3267   462  2962
12701    2182   746  2183  3453
12702    2404  2405  2962  3267
12703    2979   496  1865  2982
12704    2405  2588  2962  3267
12705     738  1023  1024   739
12706    1242  2195  2196  1241
12707    1809  3460  1808  1807
12708    2404  2405  2963  2962
12709    2405  2588  2963  2962
12710    2433   934  1242  3753
12711    2433  1241  1242   934
12712     934  2433  1318  3589
12713    3812  2194  2196  2615
12714    1564   948  1562  3282
12715    2963  2962  3454  3477
12716     239   738  1485   352
12717    4054   399  3663   913
12718    1902  2233  1702  3930
12719     795  3282   796   948
12720    1236  3282   796  3909
12721    2966  2587  3369  2404
12722    2517   276   277   275
12723    2117  2140   797  1235
12724    2958  3664  3033  3824
12725    1357  2956  3436  2188
12726    2713  2771  2712  1300
12727    2589  2892  1853  2702
12728    1236  4086   796   459
12729    2517  2450  3270   487
12730     275   457   796   277
12731    2962  3267  3454  3477
12732    2188  1356  1240   460
12733    3396  3884  3570  1223
12734    3267  2403  3454  3477
12735    2551  2957  3454  3477
12736    3477  2403  3454  2551
12737     240   275   739  3423
12738    3760   797   796  1236
12739    2334  4099  2047   854
12740    1847  3513  1848  3969
12741    3270  2517   277   275
12742    4054  2751  3475  3941
12743     458  2194  1237  2196
12744    1864  3554  1022  3356
12745    2762   458   797  1024
12746    2431  1241  2196  2195
12747    1342  3960  1438  1700
12748    2857  3117  3184   364
12749    1230  1902   486  1231
12750    1902  1903  1701  3976
12751    3777  3778   141   818
12752    4087   458  1237  2196
12753    1333  2248  1332  2250
12754    2435  1564  2439  1439
12755    3204   117  3259  1810
12756    3789  3178  3879  3878
12757    2196  1241  1237  1242
12758    1235  4087   797   458
12759    1957  3589  1485   352
12760    1237  2196  2345  2431
12761     458   948  4087  3282
12762    1957  2140   352  3759
12763    2435  3282   795   948
12764    4086   487   459  1849
12765     459   457  3270   947
12766    1342  1343  1438  2434
12767    1865  3984  1229   485
12768     913  3144  1537   630
12769    3204  2997  3260   117
12770    4138  3474  2752   605
12771    2966  2404  2695  2963
12772    1420  2835  4124  3474
12773    1597  3423  3270   457
12774    3663  4054  1537  2751
12775    3206  1531  3096   143
12776     458  1597  2762  2194
12777     739  1597  1024   458
12778    2435  1564  1439  1343
12779    4087   458   459   457
12780    1343   487  1439  1849
12781    1235  1958   797  2117
12782    1235   458   797  2762
12783    4086   487  2517   459
12784    1343  1849  1439  1230
12785    1229  1904  2451  4060
12786     947  4086  2517   459
12787     560  3000  1565  1539
12788    2517  2450   276  1903
12789     487  2434  1701  3976
12790    2517   487   276  2450
12791    3420  3419  3662  2765
12792    3096  3177  3778  3777
12793    1864  1049  3356  1048
12794    1342  1048  3356  2979
12795     277   275   739   240
12796    3423   457   275  3270
12797    1023  2194  2762  2615
12798     277  1889   949  1093
12799    2117  3909  3760  2140
12800     949   275   796   277
12801    1786  1889   949  2435
12802    2117  3282  1958  3909
12803     276  2450  3930  1903
12804     738  2196   239  2194
12805    1023  2615  2772  1486
12806     276   487  3930  2450
12807    1343  2435   795  1439
12808    3753  2191  1594  3095
12809    3930  2450  1702  1903
12810    1236   459   796   457
12811    3930   487  1702  2450
12812    3096  3097  3258  2635
12813     949   947  1562   948
12814    1700  1904  1020  2233
12815    1677  1708  1676   695
12816    1889  3930  1786  1702
12817    2725   407   408  2190
12818    2435  4086  2439  1564
12819    2857   364   363  3117
12820    1902  3976  1701  2233
12821    1889   276  1786  3930
12822    3189  2975  3610  3611
12823    1889  2517  1786   276
12824    2517  1889  1786  3270
12825    1702  1786  1701  1785
12826    1889   457  1786  3270
12827    2762  2615  1024  1023
12828    2196  2194  1023  2615
12829    3423  1597   739   240
12830     277  1889   238   240
12831    1958  2196   239  2117
12832    2431  2433  2345   934
12833     797  2140  3760  3759
12834    3759   934  2345  2433
12835    1023  2196   738  2194
12836    1237  4087  1236  1235
12837     353   739   239  1024
12838    1889  1093   238  1786
12839    1957  1958   352  2117
12840    3329  1064   176  1066
12841    3270   457   277  1889
12842     275   457   277  3270
12843    1702  3930  1785   947
12844     459  4086   795  2435
12845     797  1958  3760  2117
12846     797  4087  3760   458
12847     275  3423  1024   739
12848     240  1597   739   458
12849    1023  2615   352  2345
12850    3960   947  1562  1563
12851     277   240   238   275
12852     277   275   238  1093
12853     458  3282   238   948
12854     458   948   238  1093
12855     240   458   238  1597
12856    1093  1597   238   458
12857     275  3423   238  1093
12858     240  3423   238   275
12859    3423  1597   238  1093
12860     240  1597   238  3423
12861    1530  3205  3167  3177
12862     603   605  3299  3298
12863    3759  1023  2345  2196
12864    3313  2304   227   226
12865     458  2194  2762  1237
12866    1049  1048  1050   496
12867    1235  2140   797  3759
12868    1865  3556  1050  3984
12869     739   458  3909   240
12870    1902  1904  2451  2233
12871    4103   755  4149  4152
12872    2434  3976  1563   947
12873    2434  1048  1049  1563
12874    1621  3116  4053  3117
12875    4149  4103   696   755
12876    1564   457  2435   459
12877    1564  3282  2435   948
12878    3909   458  3760  4087
12879    1343  2434  1342  1048
12880    3960  1048  1342  1563
12881    1563  1048  1342  2434
12882     457  1889  2435   277
12883    3909  2117  3760  1958
12884     276  2517  2439   487
12885     756  3556  1676  3555
12886    2647  3242   227  2304
12887    1564  1786  2435   457
12888    1889   457  2435  1786
12889    1710    12    10   557
12890    2615  2196  2345  1023
12891    3812  2431  2345  2196
12892    2196  2615  2345  3812
12893    1786  3930  1785  1702
12894    2140  3282  2117  3909
12895    1902  2233  3960  3976
12896    3759   738   352  1023
12897     993   994  3874  3523
12898    3759  1237  2140  2196
12899    3759  2196  2140   738
12900    1237  3759  1235  2345
12901     354   352   239   353
12902    2141  3589  2772  3923
12903    2117   738   352  2140
12904    2339   664   289  1818
12905    3759  1023   352  2345
12906    2309   226   227   228
12907     238   240  3909   458
12908     238   458  3909  3282
12909    3146   374  2296  3578
12910    2435  1889   949   277
12911    1093   275   949   277
12912    2345  2431  1235  1237
12913    1093  3423   949   275
12914    2431  1241  1235  1237
12915    3909   739  3760   458
12916    3423  1093   949  1597
12917    1093   948   949   458
12918     458  1597   949  1093
12919     458   948   949  4087
12920    4087  1597   949   458
12921    2141  2140  2117  3923
12922    2433  3759  2141  2345
12923    3495  2018  3874  1558
12924    2433  1241  2141  1242
12925    2345  2431  2141  2433
12926    2433  2431  2141  1241
12927    2141  3759  3923  2345
12928    1785  3976  1701   947
12929    2345  2431  3923  2141
12930    1700  2233  1701  3976
12931     352  1958   239  2117
12932    2141  2431  3923  1241
12933     949  1093   354   948
12934    3585  1022  4122  3554
12935    2434   947  1701  3976
12936     408  4156  2726  2863
12937    2141  1241  3923  1242
12938    1049  1048  4122  3960
12939    1049  3960  4122  3554
12940     238   948   354  1093
12941    1022  1020  4122  3554
12942     949   948   354  1958
12943    2140  2196  2117   738
12944    1237  2196  2117  2140
12945    1343  1439  1438  1231
12946    1235  2345   797  2431
12947     354  1958   239   352
12948     459  4087  1236  4086
12949     240   739   239   353
12950    1024   739   239   738
12951    1237  2196  1958  2117
12952    1849  1230  3960  1903
12953    1903  1230  3960  1902
12954    1902  3976  3960  1903
12955    2450  3976  3960   487
12956    2450   487  3960  1849
12957    2450  1849  3960  1903
12958    1903  3976  3960  2450
12959    1849  1230  1563  3960
12960    1849  2434  1563  1230
12961     487  3976  1563  2434
12962    3960  3976  1563   487
12963     487  1849  1563  3960
12964     487  2434  1563  1849
12965    1865   496  1050  2982
12966    1564  2434  1343  2435
12967    1231  1902  1438  3960
12968    1902  2233  1701  1702
12969    1702  2233  1701  1700
12970    4086   459  1562  1564
12971    4086   947  1562   459
12972    1564   459  1562   457
12973     947   457  1562   459
12974    1902  2233   486  1438
12975    1230  1231   486   485
12976    2022  3255  1614  3256
12977    1677  3322  1676  1708
12978    4152  3324  4149  2279
12979    1849  1230  1343  2434
12980    1236   949   796   948
12981    3909  3282   795  2435
12982    3960  1902  1438  2233
12983    2434  1564  1343  1562
12984    1849  2434  1343   487
12985    1957  3589   352  1318
12986    3909  3760   796  1236
12987    3929  2133   438  1381
12988    1562   947  1343  2434
12989    1702   487  1343  2434
12990    3930   487  1343  1702
12991     797   458  3760   739
12992    1702  2434  1343   947
12993    1702   947  1343  3930
12994    1864  1342  3356  1438
12995    3960  1700  1342  1048
12996    3759  1237  1235  2140
12997    3930   487  1439  1343
12998     485   487   486  1849
12999    2451  1904  3798  4060
13000    1562   947  1439  1343
13001    1562   947  2439  1439
13002    2117  2140  3760   797
13003    1236   948   796  3282
13004    4087   458  1235  1237
13005    1343   947  1439  3930
13006    2435   948   795   949
13007    2435   277   795   457
13008    1849   487  2439  4086
13009    3760   795   796   797
13010     277  2435   795   949
13011    1439  1849  2439  1230
13012    2117  2140  1235  1237
13013     795   457   796   459
13014    2762  1237  1235   458
13015    3909   795   796  3760
13016    1236   457   796  3423
13017     431  3744  1874  3616
13018    2963  2962  2776  2966
13019    2966  2404   130   129
13020    1958  2117  1235  1237
13021     795  2435  3760  3909
13022    4122  3585  3907  1022
13023    2037    83  2036  3108
13024     797  4087  1236  3760
13025    1236  4086  2439   796
13026     459   457  1236  4087
13027    2569  2268   716   718
13028     129   461   130   462
13029    3930   487  2439  1439
13030     795  4086  2439  2435
13031     118  3298  1810   117
13032    3760  4087  1236  3909
13033     462  2963  2695   461
13034    3557  2587  2776  4107
13035     796  4086  2439   795
13036    3909  4087  1236  3282
13037     795  1439  2439   796
13038    1439   487  2439  1849
13039     457  3423  1236  1597
13040     457  1597  1236  4087
13041    4087   948  1236  3282
13042    4086  1230  2439  1849
13043     949  4087  1236  1597
13044     949  1597  1236  3423
13045     949   948  1236  4087
13046    1562  4086  2439   947
13047    2517   947  2439  4086
13048     276   947  2439  2517
13049    1562  1564  2439  4086
13050    1439  1564  2439  1562
13051    1230  2434  1231  1343
13052    2434  1230  1231  1563
13053    1230  1902  1231  3960
13054    1563  1230  1231  3960
13055     612   364   362  3184
13056    2233  1700  1438  3960
13057    1563  3960  1438  1342
13058    1231  3960  1438  1563
13059    2434  1563  1438  1342
13060    1231  1563  1438  2434
13061     363  2857  1844   364
13062    3117  2857  1845   363
13063    3556  2981  1677  1707
13064    3182   364   363   680
13065    3356  3554  1022  2979
13066    3554   496  2979  1049
13067    1020  2233  1022  1700
13068    1676   756   697   695
13069     611  3235  2278  3733
13070    3184   613  1649   612
13071    3984  4060  3848  3798
13072    1231  1902   486  1438
13073    3777  3334  3096  1812
13074    2979  3356  1865  3984
13075    2233  1700   486  1438
13076    3588   613   611   612
13077     613   611  3235  1651
13078     680   679  2674  2959
13079    2279  3117  3324  1650
13080    2983  3733  3943  2278
13081     265  2178   267  4042
13082    4062  1650  3324   454
13083    3848  2981  3943  2982
13084    1786   276  1785  3930
13085     498  3588  3553   497
13086    3588   613  1651   611
13087     611  2980  2981  3235
13088    2983  2982  2981  3235
13089    1864  3984  1229  1865
13090    2979  2982  2981   496
13091    1230  1849   486  1903
13092    2979  1048  3356  1049
13093    3777  3096   141  3778
13094    1902  2233  2451   486
13095    1049  3554  3356  2979
13096    1864  3554  3356  1049
13097      89  3652  3609  2282
13098    2979   496  2981  2980
13099    3140   709  1536   707
13100    1620  1836  4053  2473
13101    3556  2982  2981  1021
13102    4080   613  3553   612
13103    2983  3235  1708  3733
13104     709  3648  3099  3410
13105    3984  3356  1865  1864
13106    3848  3984  3943  4060
13107    1902  1903  2451  1904
13108    2450  1903  2451   486
13109    1707  1021  3555  3556
13110    3235  2983  2278  3733
13111    4060   485  2451  1229
13112    2982  2983  3943  1865
13113     486   485  4060  3984
13114    1811  1812  3333  4137
13115    2983  3654  3943  3733
13116    1855  1872  2059  1873
13117     454  1649  4062  1650
13118    3733  3588  2278   611
13119     486   485  2451  4060
13120     611  1651  2278  3235
13121     611  3588  2278  1651
13122    1438  1342   486   485
13123    1438  1700   486  1342
13124     485  1342   486  1048
13125    1700  1048   486  1342
13126    1049  3554   486   485
13127     486  1700  3907  1048
13128     485  1048   486  1049
13129    3848  2278  3943  3733
13130    1022  3554  3585  2979
13131     399   913  4054  1420
13132    3984  1864  4060  3356
13133    3984  2979  4060   496
13134     708   709  2650   707
13135    4152   454  4149  3324
13136    3356  2979  4060  3984
13137     485  1231  1229  1230
13138    4060  3984  1229  1864
13139     485  3984  1229  4060
13140    1231  1438  1229  1864
13141     485  1438  1229  1231
13142    1438  1342  1229  1864
13143     485  1342  1229  1438
13144    1342  1048  1229  1864
13145     485  1048  1229  1342
13146    1049  3554  1229  1864
13147     485  3554  1229  1049
13148     485  1049  1229  1048
13149    1864  1048  1229  1049
13150    3556  3984  3798  4060
13151     164  3870   163   815
13152    3984  3556  3798  1865
13153     603  3035  3259   605
13154    3321  1536  3475  1538
13155     708  2204    88  1607
13156    3324   454   452   453
13157    3848  1021  3325  3654
13158    3322  3654  3325  1021
13159    3097  3334  3258  1850
13160    2595   265   267  4042
13161    3182   680  2674  2959
13162    3322  3733  3323  3654
13163    1865  3984  3848  3798
13164    2249  1061  2338  2680
13165    3798  3325  1022  1020
13166    1859  1668  1620  2473
13167    2981  2982  3848  1021
13168    1902  2233  1020  1904
13169    2980  2981  3943  3848
13170    2980  2983  3943  2981
13171    4085  3824  3130   679
13172    3556  1021  3325  2982
13173    3848  2982  3325  1021
13174     612   613  1649  1650
13175    1865  2982  3325  3848
13176    1517  3664  2547  1516
13177    3134  1496  3662  1494
13178    3798  3556  3325  1865
13179    3221  3246  3609  1223
13180    1836  1516  1517  1518
13181    3798  1865  3325  3848
13182    3229   351   350  4014
13183    2473  1668  1620  1836
13184    3184  2857  1649  3117
13185    1650  3117  1649  2857
13186    2751  4054  1537  3941
13187    4149   755   696   754
13188    1649  1650   454  3117
13189    3319  4079  2015  2268
13190    3130   679  1668  1667
13191    4085  3824  3033  3664
13192    4070   989  3195   245
13193    2673   364  3183  3184
13194    3182  3184  3183   364
13195    1668  3130  1859   679
13196    4060  3798  3585  1022
13197     680   679  2958  3824
13198    4042  3824   267  4085
13199    1845  3117  1667  2857
13200    1495  2692  1911  2765
13201    2595   265   266   267
13202     453   695  3323  1708
13203    3182   680  2959  2958
13204    3654  3798  3325  3848
13205    3674  3813  4094  3511
13206     680   679  2959  2958
13207    1877  1856  1876  3767
13208    3193  1068  1069  1067
13209    3033  3664  4014  2547
13210    3194   989   165  1068
13211     658  3914  3609  3221
13212    2989  2268  2015   716
13213    1650   613  2279   612
13214    2857  3117  2279  1650
13215    2857  3116  2279  3117
13216     453  3324  3323  2279
13217    1650  1651  2279   613
13218    1650  2278  2279  1651
13219     452   754   696   755
13220    1649  3184  4062  2673
13221     454  3184  4062  1649
13222    1622  2053  2639  4062
13223    2673  3184  4062   364
13224     454  3117  3324  3116
13225    2279  3116  3324  3117
13226     611  3588   498   497
13227    2279  1651  3323   453
13228    1538  3870  3797  3771
13229     351   350  1601  1599
13230    1649   612   362  3184
13231    2279  2278  3323  1651
13232    3654  2983  3322  3733
13233     708  1160    88    87
13234    2765  2692  1911  3662
13235    2053  4062  2672  1516
13236    1020  3325  1022  1021
13237    3117  2857  4103  4080
13238    3123  3469  1982  4009
13239     611  2980   498  3588
13240     612   613  3553  3588
13241    2981  2982  1050   496
13242     454  4062  2639  2053
13243    2981  1021  1707  3556
13244    3556  1049  1050  3554
13245    3322  1021  1707  3654
13246     756   755   754  3262
13247    3848  1021  1707  2981
13248    3654  1021  1707  3848
13249    2282  3885  3884  1067
13250    2983  3733  1708  3322
13251    3798  1904  1020  4060
13252    3733   611  1708   695
13253    1724  3384  2287  3438
13254    1708   695  3323  3733
13255    3322  1021  1708  1707
13256     397   399  4054  1420
13257    3420  2691  3131  3133
13258    3733  2278  3323  2279
13259    4060  1904  1020  1229
13260    1229  1864  1020  4060
13261    1229  1904  1020  3554
13262    1229  3554  1020  1864
13263    1020  3554  1022  1864
13264    4060  1864  1022  3356
13265    1020  1864  1022  4060
13266    1622  4149  2639   696
13267    1069   814   165  2281
13268    4110  4085  1599  3824
13269    3183   364   363  3182
13270    3098   814  2281    87
13271     497   611  3262  3235
13272    1708   611  3262   695
13273    3555  3556  1677  1707
13274    3103   440   930   993
13275    1700  1022  3907  3585
13276     696  4149  2639   454
13277    1022  2979  3585  4060
13278     239  1486  1485   738
13279     697  3323   754   453
13280     362  2279  4149   612
13281     612  4080   362  3553
13282     939   307   165   937
13283    3588   612   362  3553
13284     497  3556  3262  1050
13285     756  3556  3262   497
13286    3184   364  1844  2857
13287    1050   497   498   496
13288    1050   496   498  2980
13289     497  3235   498   611
13290    2980   611   498  3235
13291    1050  2980   498  3556
13292    1050  3556   498   497
13293     497  2983   498  3235
13294    2980  3235   498  2983
13295    1518  2053  2639  1622
13296    3943  2983   498   497
13297    3943  2980   498  2983
13298    3798  3325  3585  1022
13299    3943  3848   498  2980
13300     497  3848   498  3943
13301    1651   613  3553  4080
13302    1651  3588  3553   613
13303    2631  2633  2820  3366
13304    2278  1651  3553  4080
13305    2278  3588  3553  1651
13306    3733  2278  3553  4080
13307    3733  3588  3553  2278
13308    1990  3383  4090  1989
13309    2473  3117  4053  3116
13310    1667   680  1668  3182
13311    1650   612   362  1649
13312     363  2857  1845  1844
13313     453  1708   452   695
13314    1223  3221  3884  3609
13315    2279   612   362  1650
13316    2673   364   363  3183
13317    4085  4042  3139   267
13318    2547  3664  2672  1516
13319    4062   364   363  2673
13320    4149   754   696   697
13321     362   364  1844  3184
13322    3553   497  3262  4080
13323     930   992  2370  2017
13324    3184  1649  1844   362
13325    3184  2857  1844  1649
13326    2279  2857  1844  3116
13327    1649  1650  1844   362
13328    1649  2857  1844  1650
13329    1650  2279  1844   362
13330    1650  2857  1844  2279
13331     363   679  1845   680
13332    3556   497   756   498
13333    3117  3116  4103  2857
13334     238   240   353   354
13335    4085  1666  4110  3139
13336     363   680  1845  3182
13337    3654  3322  1677  1707
13338     363  3182  1845  3183
13339     363  2673  1845  4062
13340    3183  2673  1845   363
13341    3319  1600  2015  4079
13342    2958   679  3130  3824
13343    2959   679  3130  2958
13344    1837  2547  1599   351
13345    3130  4085  3139  1666
13346    2674   679  3130  2959
13347    2674  1516  2672  3664
13348    3139  2268  2193  4079
13349    2282  1608  3609  1294
13350    3130  4085  1666  3824
13351     497  3588  3262   611
13352    2570   717  3845  1765
13353    3824  2958  1666  3130
13354    2958  2959  1666  3130
13355     362   612  4149  4103
13356    2959  2674  1666  3130
13357    1666  3139  2193  4110
13358    3887   993  1370   994
13359    2473  3117  1668  1667
13360    3130   679  1667  1845
13361    1329   718  3845   717
13362    1845   679  1667   680
13363    1845  2673  1667  4062
13364    3183  2673  1667  1845
13365     362  4080  4103  1844
13366    1845   680  1667  3182
13367    1845  3182  1667  3183
13368    1666  3130  1668  1667
13369     266  2595  4014  3033
13370    1666  4085  4110  3824
13371    3131  3133  3195  4070
13372     453   695   697  3323
13373    4042  4079  2015  1600
13374     441  3104   440   992
13375    1990  3522  4090   442
13376    1765  1764  3845  2570
13377    2053  1516  2672  1518
13378    1010   177  3106  1735
13379    3824  2958  4110  1666
13380    2283  2285   676  2948
13381    2958  2959  4110  1666
13382    2193  3139  3033  3664
13383    2959  2674  4110  1666
13384    3002   163   165   937
13385    2179  2268   716  2569
13386    3511  3813  4094  2720
13387    2179  2178   716  2268
13388     265  2268   716  2178
13389    2595  2268   716   265
13390    2161  2160  2162  4121
13391      88    89  3652    87
13392    1254  2970   176  2969
13393    3554  3556  3555  1050
13394    4122  1022  3907  1020
13395    1146  1266  2805  3092
13396    3016  3386  1266  3017
13397    1057   128   983   127
13398    2279  1651   452   613
13399    1370   483  1739   482
13400    2632  2631  2821  2822
13401    1069  1223  3884  1067
13402    3588   497  3262  3553
13403    1564   949  1785  1562
13404    4103  4080  3262   497
13405    4103   755  3262  4080
13406    2326  2360  1345   674
13407     452   697   696   754
13408     612  4080  4103   362
13409     755   754  4149  4152
13410    1520  2465  3620  1933
13411    3183  1518  2672  1836
13412    1667  3182  1668  3183
13413    2473  2053  1668  1518
13414    2673  1518  1668  2053
13415    1667  4062  1668  2473
13416    1667  2673  1668  4062
13417    3183  2673  1668  1667
13418    3183  1518  1668  2673
13419    4062  2053  1668  2473
13420    4062  2673  1668  2053
13421    2053  1518  2672  2673
13422     498  3556  1676   756
13423     498   497   756  3848
13424    1022  1021  3585  1707
13425    3132  3194  4070  3193
13426    3324  3116  4152   454
13427    1764  2197   889  2198
13428     756  1708  1676  3322
13429     453   697   452   754
13430     695  3733   697  3323
13431    1707  3322  1677  1708
13432    1621  4152  1622  4149
13433    1708   695  1677  1707
13434     362  4103  4149  4152
13435    3923  1242  1485  1486
13436     611   695   697  3262
13437    1050   496  4123  3554
13438    1677  3555  1676  3556
13439    1599  4110  1601  4085
13440    3555  1707  4123  1021
13441    3798  3556  3555  3325
13442    4080   612  4103   613
13443     755  3323  4103   453
13444    4149  2279   696   612
13445    4080   613  4103  1651
13446     755  3733  4103  3323
13447    4080  3733  4103   755
13448    3323  1651  4103   453
13449    3733  2278  4103  3323
13450    4080  2278  4103  3733
13451    2278  1651  4103  3323
13452    4080  1651  4103  2278
13453     497  2983  3262  3943
13454    1708  3322  3262  2983
13455     756  3322  3262  1708
13456    3943  2983  3262  3654
13457     497  3848  3262   756
13458     497  3943  3262  3848
13459    3322  3654  3262  2983
13460     756  3654  3262  3322
13461    3654  3848  3262  3943
13462     756  3848  3262  3654
13463    3848  3654  1677  1707
13464    3262   695   697   756
13465    1676   695   697  1677
13466    3234  2506  2253  2290
13467    2981  3848  1677  1707
13468    2981  2980  1677  3848
13469    2279   613   452   612
13470    1050  3554  4123  3555
13471    3585  1021  4123  1707
13472    3585  3325  4123  1021
13473    2979  3554  4123   496
13474    1677  3654  1676  3322
13475     756  3322  1676  3654
13476     756  3848  1676   498
13477    1677  3556  1676  2980
13478     498  2980  1676  3556
13479    4103   612   452   613
13480    2402  1153  1802  2401
13481    1677  3848  1676  3654
13482     756  3654  1676  3848
13483    1677  2980  1676  3848
13484     498  3848  1676  2980
13485     756  3262   754   697
13486     697  3733   754  3323
13487    3262  3588   697   611
13488    4152  2279  4149   362
13489     611  3588   697  3733
13490    3733   695   697   611
13491    3555  1021  4123  3325
13492    4060  2979  4123   496
13493    3585  2979  4123  4060
13494    4060  1050  4123  3555
13495    4060   496  4123  1050
13496    3585  4060  4123  3798
13497    3555  3798  4123  4060
13498    3585  3798  4123  3325
13499    3555  3325  4123  3798
13500     755  3323   754  3733
13501    3262  3588   754   697
13502    3262  3553   754  3588
13503    3262   755   754  4080
13504    3262  4080   754  3553
13505     697  3588   754  3733
13506    3553  3733   754  3588
13507     755  3733   754  4080
13508    3553  4080   754  3733
13509     755  3116  4152  4103
13510     452  4103   696   612
13511    3324  2279  4152  3116
13512     452   612   696  2279
13513    2672   679  1620  1859
13514    1906  1254   176  4067
13515    1844   362  4152  4103
13516    4103  3116  4152  1844
13517    1836   680  1620  2672
13518    4149   612   696  4103
13519    2279   362  4152  1844
13520    1844  3116  4152  2279
13521     453  1651   452  2279
13522    1651   453   452  4103
13523    4103   613   452  1651
13524    4149  3324   696  2279
13525    1621  2053  1622  4062
13526     992  3104  3523   994
13527    4149   454   696  3324
13528    1366   717  3845  2335
13529    1734  1216  4022  1733
13530    3093   484   220  3386
13531    1069   814  2281  1067
13532    3394  3530  1255  3937
13533     452   695   696   697
13534    2282  1223  3884  3609
13535    3652  1067  2281  2282
13536    1622  1518  1836  2639
13537    3042  1601  1813  1814
13538    1621  3116  1622  4152
13539    1621  1518  1836  1622
13540    1668   679  1620   680
13541    1621  3117  1622  3116
13542    1600  3229  3319   349
13543    3042  1599  1813  1601
13544     363  4062  1622   364
13545    1621  4062  1622   363
13546     363  3117  1622  1621
13547     363   364  1622  3117
13548     454  3184  2639  4062
13549    4149  4152  2639   454
13550    1622  4152  2639  4149
13551    4062   364  2639  1622
13552    4062  3184  2639   364
13553     454  3117  2639  3184
13554    4152  3116  2639   454
13555    1622  3116  2639  4152
13556    1622   364  2639  3117
13557    3184  3117  2639   364
13558    1622  3117  2639  3116
13559     454  3116  2639  3117
13560    1290  2970  1255  3937
13561    2570  2571  3845   717
13562    1837  1836  1620  1517
13563    1668  1518  1836  2473
13564    2674  3664  3033  2959
13565    1931  4115  2466  3427
13566    1599  1837  1620  1859
13567    1622  1621  1620  1836
13568     718  1366  1329  2569
13569    1668   680  1836  3182
13570    4110  1815  2015  1813
13571    3183  1518  1836  1668
13572    1668  3182  1836  3183
13573    2631  3946  2822  2632
13574    2958  3664  1517  2959
13575    2958  2959  1517  4110
13576    2674  3664  1517  1516
13577    2959  3664  1517  2674
13578    4110  2674  1517  1516
13579    2959  2674  1517  4110
13580    1315  1738  4115  1736
13581    4110  1516  2672  2674
13582    4110  2674  2672  1666
13583    2473  1668  1813  3042
13584    3139  4085  3033  3664
13585    2958  3824   266   267
13586    3033  3824   266  2958
13587    3033  4085   266  3824
13588     267  3824   266  4085
13589    3033  3139   266  4085
13590     267  4085   266  3139
13591    3033  2193   266  3139
13592     267  3139   266  2193
13593    4014  3229  2990  2989
13594    2179  1366  1329  2178
13595    3093   221  3016  3017
13596    3937  3530  1255  3102
13597    2821  1444  2820  2631
13598    1215  3845  1734  2730
13599     265  2595  1329  3229
13600    2335  3742  1734  1735
13601     718   717  1329  1366
13602    1215  2014  2990  3845
13603    2990   716  4014  2989
13604    4014  1600   350  3229
13605    1600   349   350  3229
13606    4014   266   350   267
13607    1520  1933  1493  3662
13608    1628  3742   889   848
13609    3319   349  2316  1600
13610     265  3229  1329   349
13611     350  1600  1601  1599
13612    3229  2547  4014  3664
13613    2533  1062  1915  2400
13614    1329  2595  4014  3229
13615    2465  3189  2466  3425
13616     351  3229   350   349
13617    1444  1445  2821  1446
13618    2547  3229  4014   351
13619    4042  2595  4014   267
13620    1600  4042  4014   267
13621    4079  2595  4014  4042
13622    1446  1445  2822  3946
13623    1600  4079  4014  4042
13624    4079  2268  4014  2595
13625    1600  3229  4014  3319
13626    3319  4079  4014  1600
13627     716  2595  4014  2268
13628    3319  2268  4014  4079
13629    1668  3130  1813  3042
13630    1668  1666  1813  3130
13631    3742   890  1628  3105
13632    1621  1836  4053  1620
13633    1314  1737  2815  2813
13634    1517  2547  1837   351
13635    2473  1668  3042  1859
13636    1814  1601  1813  4110
13637    1837  1517  1620  1859
13638    4110  1666  1813  1668
13639    1517  3664  1837  2547
13640    2989  3319  1814  1815
13641    3103   993  1370  3887
13642    2015   716  2990  2989
13643    1601  1599  1813  4110
13644    3530  3394  1255  1327
13645    1517  4110  1837  2958
13646    1517  2958  1837  3664
13647    2989  1815  2015  3319
13648    1837  3664  1599  2547
13649    4085  3664  1599  3824
13650    1837  4110  1599  2958
13651    3824  2958  1599  4110
13652    3360  1444  2820  2821
13653    2316  3319  3868  2989
13654    1837  2958  1599  3664
13655    3824  3664  1599  2958
13656    2672   679  1859  3130
13657    1600  1815  1814  3319
13658    3427  1315  4115  3426
13659    2672   680  1620   679
13660    3139  4085  1601  4110
13661    1599  2547  1601   351
13662    1599  3664  1601  2547
13663    1599  4085  1601  3664
13664    3139  3664  1601  4085
13665    1859  1599  3042  1601
13666    1348  1349  1398  1347
13667    1859  1668  3042  3130
13668    1837  1599  3042  1859
13669    3319  3229  2989   349
13670    4014  2268  2989   716
13671    3319  2268  2989  4014
13672    3229  3319  2989  4014
13673    4110  1815  1814  3139
13674     350  1600  1814  1601
13675     350  1815  1814  1600
13676    3139  3664  1814  1601
13677    3139  1815  1814  3664
13678     351   350  1814  1601
13679     351  1815  1814   350
13680    2547  3664  1814  1815
13681    1601  3664  1814  2547
13682     351  2547  1814  1815
13683    1601  2547  1814   351
13684    1620  2473  4053  1859
13685    2360  3841  1345  3817
13686    1859  3130  3042  2672
13687    1517  1837  3042  1859
13688    2217  1736  1315   919
13689    1495  2765  1911  3844
13690    1859  1621  4053  1620
13691    2672  1516  3042  1859
13692    4152  3116  4053  1621
13693    1859  2473  4053  3042
13694    1859  1516  3042  1517
13695    1666  4110  1813  2672
13696    1837  1599  1813  3042
13697    1837  4110  1813  1599
13698    2672  3130  1813  1666
13699    3042  3130  1813  2672
13700    2672  1516  1813  3042
13701    2672  4110  1813  1516
13702    1517  1837  1813  3042
13703    1517  4110  1813  1837
13704    1517  1516  1813  4110
13705    3042  1516  1813  1517
13706    1836  1621  4053  1518
13707    1836  1518  4053  2473
13708     363  3117  4053  1845
13709    1621  3117  4053   363
13710    1667  3117  4053  2473
13711    1667  1845  4053  3117
13712    1518  2053  4053  2473
13713    1621  2053  4053  1518
13714    1621   363  4053  4062
13715    1845  4062  4053   363
13716    1667  4062  4053  1845
13717    2473  4062  4053  1667
13718    1621  4062  4053  2053
13719    2473  2053  4053  4062
13720    2335  2571  3845  2570
13721    1214  2197   889  1894
13722    2223  2251  2222  3066
13723    2015  2014  2990   716
13724    3975   107  3991   105
13725     716   717  2014   718
13726    2014   349  2990  3229
13727    1765   717  3845  1764
13728    2868  3577  1633   373
13729     716  2990  4014  2014
13730     349  3229  2014   265
13731     718  2569  2014   716
13732    4014   716  2014  2595
13733    4014  2595  2014  3229
13734     265  2595  2014   716
13735    3229  2595  2014   265
13736     716  2178  2014   265
13737    2569  2179  2014   716
13738    2015  2989  2990  1815
13739    2179  2178  2014   716
13740    1815  1600  2015  3319
13741    2193   267  2015   266
13742     267  4042  2015  1600
13743     266   267  2015   350
13744    3033  2193  2015   266
13745    1600  1815  2015   350
13746     350   267  2015  1600
13747     351   266  2015   350
13748     350  1815  2015   351
13749    2193  3664  2015  1815
13750    3033  3664  2015  2193
13751     351  3033  2015   266
13752    2547  3664  2015  3033
13753    2547  1815  2015  3664
13754    2547  3033  2015   351
13755     351  1815  2015  2547
13756    1628  1421   889  1214
13757    3742  2570  1733  2707
13758     717  1366  3845  1329
13759    2571  1163  3845   717
13760    2335  1163  3845  2571
13761    2335   717  3845  1163
13762    2310  2323   228  2309
13763    1215  2014  1216  2990
13764    2015  1815  2990  2014
13765    1894  1764   889  1214
13766    1628   848   889   890
13767     484  3887  1370  2087
13768    3093   484  1400   220
13769    3350  3017   220  3386
13770     288  3533  2339  1399
13771    1157  3438  2078  1155
13772     904  4044   495  2025
13773    3093  3386   220  3017
13774    2327  2360  2326  3888
13775    1392  1630  4013  1629
13776    1181  1585  4041   971
13777    1558  1370  3103   649
13778     587   484  1400  3497
13779     483   587   482  3497
13780    3350   222  2805   220
13781    3092  1266  2805   222
13782    3351  1148  2805   222
13783    1000  3351  3386  1148
13784    2829  3989  2155  1644
13785    3856  1148  2805  3351
13786    3351  3350  2805  3856
13787    3856  1266  2805  1146
13788     226   765   228   764
13789    1076   373  1075  3577
13790    1392  1629  2863  1630
13791    1321  1319  3869  1320
13792    3889  4043  3464  3888
13793    3386  3017  3093   484
13794    3888  4043  2326  2327
13795    3661  1585   970   971
13796    1614  2868  3817  2327
13797     441  1158   440  3522
13798    3351   220  3386  3350
13799     484  3093  1400  2087
13800    3496   649  1370  1739
13801    1076   969  1075   971
13802    2943  2289  3354  2004
13803    1148  3017  3016  3351
13804    1160  4132    88    87
13805    1394  2868   384  1630
13806    1642  4034  1643  3532
13807    3661   385   383  3280
13808     484  3887  3497  1370
13809    2327  2868  1077  1614
13810     442  3522  2370  3165
13811    3497   587   482  1370
13812    3660  3017  3016  2087
13813    2174   766  1941  1266
13814    2888  4105  2296  3146
13815    2326  4043  3464  2902
13816     992  3104   994   993
13817    1681   390   228   765
13818     384  1393  1614  1392
13819    2141  3589  1318  2433
13820    3351   222  2805  3350
13821    1394  1614  1393  1392
13822    1615  2020  3094  3621
13823     666   384  3278  1630
13824    2710  3537  3063   127
13825     484  3497   482  1370
13826     666   383  3278   384
13827    3092  2805  1148   222
13828    3889   674   673  4043
13829    1370  3103   482   993
13830    4100   160  2726  1051
13831    3256  2327  2022  3888
13832    1075   372   970   373
13833     675  1347  1398  1349
13834     372  1585   970  3661
13835    2622  3635  3005  3634
13836    3661   373   970   372
13837     384  2868  1633  1630
13838     971   969  1398  1076
13839    1075   373   970  3577
13840    1633   373   385   372
13841    2026  2888  4052  3149
13842    3541  1349    96  1323
13843     941   672  1680  3584
13844    1278  1629  3481  4013
13845     673    96  3658  3541
13846    2714  2067  2919  3224
13847    2540  1006  2539  2541
13848    1984  3738  3869  1983
13849     694  1834  1833   878
13850    1985  1407  3779  2317
13851    3661  3577   970   373
13852    1630  1614  1392   384
13853    1082  2317  3779  1588
13854    1076  1322  1398  1323
13855    1405   761  1587   762
13856     675  2902  1348  1347
13857    1075  3577   970  3817
13858    1076  1585  1398   971
13859     971   675  1398  1349
13860    3661   372   385   373
13861    3661  3817   970  3577
13862    2105  1300   877  1298
13863    1613  2360  3817  1614
13864    1588  2317  4146  4019
13865    2326  2360  1348  2902
13866    2020  1615  3094  4006
13867    4013  1629  3279  1615
13868    2902  4043  1348  2326
13869    2868  1394  3817  3577
13870    2902  3889  1348  4043
13871     675  3889  1348  2902
13872    4013  1629   665  3279
13873    1394  2192  1077  1614
13874    3817  3578  4041  3577
13875    1595  3589  1318  1317
13876    1348  1347  1398   675
13877    1986   451  1346  2558
13878    2327  3888  3817  2360
13879    2022  1393   384   666
13880    2868  2327  1077  2902
13881    3000   586   656  1539
13882     642  2432  1317   936
13883    2868  1614  3817  1394
13884    2327  3817  1614  1613
13885    2327  2360  3817  1613
13886    3634  3532  2654  3531
13887     970  1076  1077  1075
13888    2799  2317  3779  1407
13889     970  2192  1077  3661
13890    3738  1320  2646  3869
13891    3532  2653  3634  2652
13892    3577  2326    96  3817
13893     651  3537   650  2252
13894    3464  2360  3817  3888
13895    2902  2360  3817  3464
13896    3464  3888  3817  2902
13897    1348  2360  3817  2902
13898    1075   971   970  1585
13899     864  1928  1927   865
13900     969   971    97  1181
13901     373   372  4041  1181
13902    1076  3577  1075  3817
13903     971  1322  1398   969
13904    1076   971  1075  1585
13905    1322  1349    96   971
13906     971  3577  1398   675
13907    3577  1585    96   971
13908     666  3279   665   288
13909     220   221  3092   222
13910    2186   748  3125  3453
13911    3817  2868   385  3661
13912    2771  3223  1300  2767
13913    1075   969   970   971
13914     993  3104  3331  3103
13915    1613  2327  2022  3256
13916    1394  1614  1392  1630
13917    2902  2327  3817  2868
13918    2863  1629  3481  1278
13919    2146  3377  1086  1085
13920     904   674   495  1345
13921    3280  1077   666  2192
13922    2902  2868  3817  3661
13923    2327  2902  3817  3888
13924    1633  2868   385  3817
13925    1633  3577   385   373
13926    3661   373   385  3577
13927     107   105   132   134
13928    2868  3661  1077   385
13929    1633  3817   385  3577
13930    3661  3577   385  3817
13931    1113  2767   762  1362
13932    1585    96    97   373
13933    2838  3172  2189  2188
13934    3661  2902  1076  3817
13935    1613  3255  3256  1614
13936    2540  3208  2539  3207
13937    1392  1629  4013  1393
13938    3989  1705  3988  1706
13939    3279   384   383  4013
13940    2327  3255  3256  1613
13941    2022  1615  1614  1393
13942     287   664   289   288
13943    3635  1320  3238  2834
13944    3255  3888  3256  3464
13945    2327  3888  3256  3255
13946    1629  1630  4013   384
13947     373  1585  1076   372
13948     642  2432   303  1317
13949    1344   495   494   154
13950    2805  2307  2310  3856
13951    2323   766  2310   765
13952    1348  4043  1398  2326
13953    1348  3889  1398  4043
13954     675  3889  1398  1348
13955    3889  2326  1398  4043
13956    3577   971  1398  1585
13957    2326  2360  1398  1348
13958    3577  2326  1398   675
13959    1076   373  1398  1585
13960    3577   373  1398  1076
13961    3577  1585  1398   373
13962    3817  1348  1398  2360
13963    3817  2360  1398  2326
13964    1076  3817  1398  3577
13965    2326  3577  1398  3817
13966    1348  1076  3817  1398
13967    2022  1393  1614   384
13968    1076  1348  3817  2902
13969    2772  2191   409  3095
13970    2304  3457   227   226
13971    3092   222  1941  1782
13972    3656   684   683  2002
13973    1539   937   656   658
13974     304  3094   302  2020
13975    3386  3017  3016  1148
13976    2339  1818   289  3245
13977    3350  3017  3016   220
13978    1987  4052   451   450
13979    3280  3279  3278   383
13980    4013  3279   665  3481
13981    2805  3856  2310  2323
13982    1348  1399  3533  2902
13983    3464  2902  3533  1399
13984    3255  2902  3533  3464
13985    3533  1614  3280   384
13986     385   384   383  1633
13987    1613  1614  3533  3255
13988    1399  1614  3533  1613
13989    3464  1399  3533  3888
13990    3464  3888  3533  3255
13991    2327  1399  3533  1613
13992    1613  3255  3533  2327
13993    2022   384  1614  3533
13994    3255  2022  1614  3533
13995    4006  1614  1615  1613
13996    2327  3255  3533  3888
13997    2327  3888  3533  1399
13998    4006  2022  2020  2021
13999    1595  1596  3094   642
14000     304  2432   303   302
14001    1615  2022  1614  4006
14002    2022  1393   666  1615
14003    3481  3279   665  3278
14004    3092   221  1942  3093
14005    3386   686  1148  1146
14006    1146  3386  1266  3092
14007    2310  1941  1147  2174
14008    3351   222  3092  1148
14009     220   222  3092  3350
14010    3350   222  3092  3351
14011    2307  1146  3856  1681
14012    3386  3016  1266  3092
14013    3386  3092  1148  3016
14014    2020   643  1615  2021
14015    1146  3386  3092  1148
14016    3035  3034  2752  3298
14017    3016   221  1942   220
14018    3016  3093  1942   221
14019    3352  1739  3874  1000
14020     220   587  1400  3351
14021    3352   440  3874  3523
14022     441  2368  3874   440
14023    3016   220  1942  3350
14024    3351  3350  1942  3092
14025    3016  3350  1942  3351
14026    1148  3092  1942  3016
14027    1148  3351  1942  3092
14028    3016  3351  1942  1148
14029    3856  2307  2310  1146
14030    1146  2307  2310  1147
14031    1942  1266  1782  3016
14032    1146  1147  2310  2323
14033     765   766  2310  2307
14034    3856  1146  2310  2323
14035    1266   222  1782  2805
14036    3856  1266  1782  2805
14037    1146  1266  1782  3856
14038    2323   222  2310  2805
14039    1147  1266  1782  1146
14040    3627  3570   867  3213
14041    2191  3589  1594  2772
14042    2323  1147  1941  1146
14043    3533  1399   288   287
14044    1785   947  1701  1702
14045    1266   766  1941  1782
14046    2725  2190  1596   407
14047     642  2020   302  3094
14048    1782   766  1941   765
14049     642   936  1317   935
14050    1782  1942  1941  3092
14051    2323   765  1941   766
14052    1317   161  1595   642
14053    1317  2432  1595   936
14054    1818  2863   643  1615
14055    2863  2020   665   643
14056    1077  3533   666  1399
14057    2021   642   302   643
14058    1775  3173  1530  3205
14059    1201  2307   766  1681
14060     642   161  1595  1596
14061    2310  1201  1147  2307
14062    2725   407  1596  1051
14063    2310   766  1941  2174
14064    2323  2805  1941   222
14065    1782   222  1941  2805
14066    3856  1146  1941  1782
14067    2323  1146  1941  3856
14068    2291  1680  1410  1408
14069    1266  2174  1147  1941
14070    2174  1266  1147  1264
14071    1941  2310  1147  2323
14072    2805  3856  1941  1782
14073    2323  3856  1941  2805
14074     486  1048  3907  4122
14075    3533   287   288  3255
14076    4006   287   288  1615
14077     304  2020   302  2021
14078    3256  3255   643  1818
14079    2647  2304   227  3087
14080    2339  1818  3245   304
14081     304  2432   302   936
14082    4013  3279  3481  1278
14083    4132   709  3410  3648
14084    1051   407  1596   160
14085    2117  2196   239   738
14086    1596  2725  1595  2190
14087    2432  2190  1595  2725
14088     642   161  1596   407
14089     160   407  1596   161
14090     160   161  3481  1278
14091    1278  4013  4100  1629
14092    2191  2772  1594  3095
14093    1393  1392  2863  4156
14094     935   936   289  3245
14095    1615  4006  2020  2021
14096     642  1386  1317   161
14097    1317   642  2020  2021
14098    1615  1393  4156  3621
14099    2725   935  1595   936
14100     161  1386  1595   160
14101    1317  1386  1595   161
14102     160  1386  1595  1051
14103    3103  2368  3874  2865
14104    1317   936  1595   935
14105    1317   935  1595  1386
14106    1051  1386  1595   935
14107    1596   407  3094   642
14108    1615  1393  2863  4156
14109     935   936   302   642
14110    1294  1609    88    89
14111    1742  3439  3440  2394
14112    2191  2190   409  3753
14113    2310  2307   228   765
14114    1958  3282   354  3909
14115    2285  2283  1446  2948
14116     642  1386   302   935
14117    3209  1964  2539  2540
14118    1856  2250  2248  2337
14119    3194  3885  2282  1067
14120     271  3487  3651  2942
14121    4072  3274  2416  1059
14122    3863  3519  2739    77
14123     306   307  1967  2070
14124    1318   934  1501  2433
14125    2310   765   228  2323
14126    2020   643  2863  1615
14127    2020  3621   665  3094
14128    3621  1615  2863  4156
14129    3621  2020  2863  1615
14130     642  2021   302  2020
14131    3533  3255  2339  1818
14132    2863  1615  1818  1629
14133    1077  2192  3280  1614
14134    4013  1630  3279   384
14135     384  2868   383  1633
14136    1348  1399  1397  1398
14137    3280  2868   383  1394
14138    3280   383  3278   666
14139     288  1615  3279  2339
14140     288  3256  2339  3255
14141    1818  3255  2339  3256
14142    1615  1629  2339  1818
14143    2799  2317  1657  1588
14144    3256  2022  2339  1818
14145     288  2022  2339  3256
14146    4006  1615  2339  1818
14147     288  1615  2339  4006
14148    2022  4006  2339  1818
14149     288  4006  2339  2022
14150    3256  2022   643  2021
14151    1818  2022   643  3256
14152    4006  1615   643  2021
14153    1818  1615   643  4006
14154    2022  4006   643  2021
14155    1818  4006   643  2022
14156    1393  1392  3279  4013
14157     288  1399  1397   287
14158    2902  1399  1397  1348
14159    2339  1615  3279  1629
14160     161   664   289  1386
14161    1615  1393  3279  4013
14162    1399  2902  1397  3464
14163    3533  1077   666  3280
14164    1394  2868   383   384
14165     288   665   666   287
14166    1115   876  2156   875
14167     385  2192  3280  3661
14168    1405  1588  1406  1082
14169    1633  2868  3280  2192
14170    2607  1085  3561  1087
14171    3464  3888  1397  1399
14172    4019  4146  3237  3240
14173    2327  1399  1397  3888
14174    1613  1399  1397  2327
14175    1633  2192  3280   385
14176    2785  4002  3988  2028
14177    3661  2192  3280   970
14178    1393  1392  3278  3279
14179    1613  1614  1397  1399
14180    3279   384  3278   383
14181    1077  1614  3280  3533
14182    4019  2317  4146  1407
14183     977  2957   979  2551
14184    1614  2192  3280  1394
14185    1317  2432   303  1595
14186    3661  2902  1077  1076
14187    3989  1086  3988  3276
14188    2785  1962  1705  3988
14189    3276  1086  3988  2785
14190    1394  1614  1077  2868
14191    2868  2192  1077  1394
14192    3661  2192  1077   385
14193    2902  1348  1077  1076
14194    1397  1348  1077  2902
14195    3661  2868  1077  2902
14196    1633  2192  1077  2868
14197     385  2192  1077  1633
14198    1397  1398  1077  1348
14199    1076  1398  1077  1397
14200    1076  1348  1077  1398
14201    1397  2902  1077  3464
14202    1633  2868  1077   385
14203    1397  1613  1077  1614
14204    1397  2327  1077  1613
14205    2327  1614  1077  1613
14206    1397  3464  1077  3888
14207    3888  2902  1077  2327
14208    1397  3888  1077  2327
14209    1614   384   383  3280
14210    1614  1394   383   384
14211    3280  1394   383  1614
14212    1397   287   666  1077
14213    1397  1399   666   287
14214    1077  1399   666  1397
14215    3533   287   666  1399
14216     666   287   665   664
14217     383   384   666  3280
14218    1363  2860  2767  3223
14219    1363  3223  2767  2644
14220    3280   384   666  3533
14221    1392   384   666  1630
14222    1393   384   666  1392
14223    2022   384  3533   666
14224     288  1615   666  3279
14225     288   287   666  1615
14226    3279   666   665  3278
14227    3533  3255   666   287
14228    2022  3255   666  3533
14229    1615   287   666  4006
14230    2022  4006   666   287
14231    1615  4006   666  2022
14232    3256  3255   666  2022
14233    3256   287   666  3255
14234    2022   287   666  3256
14235     161  1386   665   664
14236    4100  3621  2726  3094
14237    4100   161  2726   160
14238    2819  2454  2416  1212
14239    1501   409  1595   303
14240    1501  1595  3095  1318
14241     161   664   665  3481
14242     761  3223  2712  2771
14243    3481  1629   665  4013
14244    2339   288   665  3279
14245    2339   664   665   288
14246    3279  1629   665  2339
14247    2863  1629   665  3481
14248    1818   664   665  2339
14249    2339  1629   665  1818
14250    1818  1629   665  2863
14251    3481  4156   665  2863
14252    1818  2863   665   643
14253     643   664   665  1818
14254    3481  3621   665  4156
14255    4156  3621   665  2863
14256    3094  3621   665  3481
14257    3481   664   665  3094
14258     643  2021   665   664
14259    2020  2863   665  3621
14260     711   670   710   866
14261    2020   664   665  2021
14262    3094   664   665  2020
14263     935   936  3245   304
14264     238  3282   354   948
14265     936  2432  3245   304
14266    3753  1053   409  3095
14267     658  3221  1608  3914
14268    1595  1596   409  3095
14269    3753  2190   409  1053
14270     161  1386   302   642
14271     304  1386   302   161
14272    2323   765   228  1941
14273     161  1386  3245   304
14274    1818   643  3245   304
14275    1318  2433  1501  2141
14276    1596   407   409  3095
14277     643  2021  3245   304
14278    2141  2433  1501   303
14279    1278   289   161  3481
14280    3481   289   161   664
14281    2840  3806  3516   745
14282    1318   642  1501  1317
14283     304  2021  3245  2020
14284    1318  2141  1501  3923
14285    3923  2141  1501   303
14286    1317   642  1501   303
14287     304  2020  3245  3094
14288     161  1386   289  3245
14289    2432  2433   303   934
14290     288  2339   289  3245
14291    2432   934   303  1497
14292    2310  2307  2306  2309
14293     935  1386   289   664
14294    3604  2432   303  1497
14295     162  2432   303  3604
14296     993   440  3874  3103
14297    2191  2615  2772  1023
14298    1497   934  1318  3589
14299    1497  3589  1318  3604
14300    3242    45  2306    43
14301    3604  3589  1318   162
14302     643  2021   289  3245
14303     643   664   289  2021
14304    2020  2021   289   664
14305    3245  2021   289  2020
14306    3094  2020   289   664
14307    3245  2020   289  3094
14308    3481  3094   289   664
14309     289  1278   161  3245
14310    1278  3094   289  3481
14311    3245  3094   289  1278
14312    1318  1497  1501   934
14313     303   934  1501  1497
14314    1596  1595  1594  3095
14315    3909  3282   354   238
14316     227  2647   537  3242
14317    1497  3604  1501   303
14318    1318  3604  1501  1497
14319    2772  1486  1594  3095
14320    3604   162  1501   303
14321    1318   162  1501  3604
14322    2304  3242   227  3457
14323    2647   227   537  3087
14324     764  1275  2309  1276
14325    2430  3457   227  3242
14326     765  1144  2309  1275
14327    2309  1144   228   390
14328    1681  2307  2306    45
14329    2309  2307  2306  1681
14330    2309  1681  2306   390
14331      45   390  2306  1681
14332     764   226  2306  2309
14333     764    45  2306   226
14334     390  1144  2306  2309
14335     390    45  2306  1144
14336    1276   764  2306  2309
14337     764  1276  2306  3741
14338    1276  2309  1144  1275
14339    2309  1276  1144  2306
14340    1144  3741  2306  1276
14341     764  3741  2306  3740
14342    2306  3740  1144    45
14343     764  3740  2306    45
14344     227  3313   537  3087
14345    2306  2309   227  3242
14346     226  2309   227  2306
14347     537   389   227  3242
14348     226   389   227   537
14349    2306  3242   227    45
14350    2306    45   227   226
14351     226   391   227   389
14352    3242   389   227   391
14353     226    45   227   391
14354    3242   391   227    45
14355    2117  2140  1957  3923
14356    2368  3165  3874  2370
14357    3759  2345   352  1957
14358    3923  2140  1957  3759
14359    3759  2345  1957  3923
14360    3585  3554  4122  4123
14361    3930   276  1785   947
14362    3960  1700  3907  3976
14363    2191  3753   409  3095
14364    3923  2345  1957  2431
14365    1564  1786  1785   949
14366    3923  1241  1957  1242
14367    3554  3555  4122  4123
14368    3923  2431  1957  1241
14369     240   738   239   739
14370    3909   238   354   240
14371     238   240   239   353
14372    3909   240   354   739
14373    4122  1048  3907  3960
14374     797   739   354  1024
14375    3760  3909   354   739
14376    1958  3909   354  3760
14377     797  1024   354  2762
14378     797  1958   354  3760
14379    3760   739   354   797
14380     352  2117   239   738
14381    2762  2194   354  1237
14382     797  1235   354  1958
14383    2762  1235   354   797
14384    1237  2196   354  1958
14385    1237  2194   354  2196
14386    1235  2762   354  1237
14387    1235  1237   354  1958
14388    3960  3976  3907  4122
14389    2195  2431   352  3812
14390    1957  2345   352  2431
14391    3812  2431   352  2345
14392    1242  1241   352  2195
14393    1957  1241   352  1242
14394    1241  2431   352  2195
14395    1957  2431   352  1241
14396    2451   486  4122  3554
14397    1786  1093  1785   949
14398    1049  3554  4122   486
14399     486  1048  4122  1049
14400     738  1023  2772  1486
14401    1020  1904  4122  3554
14402    2451  3554  4122  1904
14403    3923  3589  2772  1486
14404    3923  1486  1485  3589
14405     240   739   353   354
14406     352  1242  1485  1957
14407     352   353  1485   239
14408     354  2194   353  2196
14409    3923  3589  1485  1957
14410     354   739   353  1024
14411    2762  2194   353   354
14412    1024  2762   353   354
14413    1596  2190   409   407
14414    1024  2762   239   353
14415    1024   738   239  2762
14416    2762  2194   239   353
14417    2762   738   239  2194
14418     354  2196   239  1958
14419     353  2196   239   354
14420    1957  1242  1485  3923
14421    2195  1242  1485   352
14422    2195  1486  1485  1242
14423     352   738  1485  1023
14424    1486  1023  1485   738
14425    3812  2195  1485   352
14426    3812  1486  1485  2195
14427    1023  2615  1485   352
14428    1023  1486  1485  2615
14429    3812  2615  1485  1486
14430     352  2615  1485  3812
14431    1700  1020  3907  1022
14432    4122  2451  3907   486
14433    1700   486  3907  2451
14434    1020  1904  3907  4122
14435    1020  1700  3907  1904
14436    2451  1904  3907  1700
14437    4122  1904  3907  2451
14438    2900  1253   983   126
14439     276  2517  1785   947
14440    1786  2517  1785   276
14441    3270   457  1785   947
14442    1786   457  1785  3270
14443    1564   457  1785  1786
14444    1562   457  1785  1564
14445    3316  2986  1678  2939
14446    3270  2517  1785  1786
14447    3270   947  1785  2517
14448    1702  2434  1701   487
14449    1903  2450  1701  3976
14450    1702  2450  1701  1903
14451    2450   487  1701  3976
14452    1702   487  1701  2450
14453    3812  2615  2772  2191
14454    3812  1486  2772  2615
14455    1242  2141  2772  3923
14456    3923  1486  2772  1242
14457    2141  1242  2772  2433
14458    2191  2433  2772  1242
14459    2195  2191  2772  1242
14460    1242  1486  2772  2195
14461    3812  2195  2772  1486
14462    2191  2195  2772  3812
14463    4100  1051  2726  2725
14464     408  1051  2726   160
14465    1051   160   408   407
14466    4100  2863  2726  4156
14467    3621   407   408  3094
14468     407   160   408   161
14469     408  2190  2726  2725
14470    3094   407   408   642
14471     407   161   408   642
14472    4100  1629  2726  2863
14473    2847  1591   979  1589
14474     302   304   408  3094
14475     302  3094   408   642
14476     161   304   408   302
14477     302   642   408   161
14478    1629  2863  4100  1278
14479    1318   162  3095  1501
14480    1318  3589  3095   162
14481      88  1609  2281  3652
14482    1053  3589  1594  3753
14483    1052  1053  1594  3095
14484    1052  3589  1594  1053
14485     162  1052  1594  3095
14486     162  3589  1594  1052
14487    3095  3589  1594   162
14488    1595  2190   409  1596
14489    1053  1052   409  3095
14490    1053  2190   409  1052
14491    1052   162   409  3095
14492    1052  2190   409   162
14493    2432  1595   409   303
14494    2432  2190   409  1595
14495     162  2432   409   303
14496     162  2190   409  2432
14497     409  1501  1595  3095
14498     162  1501   409  3095
14499     162   303   409  1501
14500     245   989   938   305
14501    1278  4156  4100  3621
14502    4063  2593   589   591
14503    1278   161  4100   160
14504    3621  3094  4100  1278
14505    3245   161  4100  1278
14506    3245  1278  4100  3094
14507    3245  3094  4100   304
14508     408   160  2726   161
14509    4100  3094  2726   304
14510     408   304  2726  3094
14511     408   161  2726   304
14512    4100   304   161  3245
14513     304  4100   161  2726
14514     583   561   867  3213
14515     306  3194  3570   307
14516     307   939  1967  2070
14517     913  4054  3475  3941
14518    1420  2753  4054  2751
14519    1294  3221  3609    89
14520    3193  1067  1069  3194
14521    3246  3914  1223  3221
14522    1344  3841   495  1345
14523    3627   307  1967   306
14524    3570   306  3627   584
14525    3396  3246  3570  3571
14526    2636   137  3024  2261
14527     583   561  3213  3571
14528     584  3884  3570   306
14529     605   603  3987  3259
14530    3036   630  2835  3144
14531    1801  3918   837  1154
14532    3628  3159  3483   436
14533    3362   885   886  3361
14534    3132  3885  1222  3884
14535    1294  3914  1608  3221
14536     893   919  3836   894
14537    2099   560  3064  1565
14538    3609  3221  3884  3885
14539    1222  3884  1221  1223
14540    3452  3034  3036   397
14541    1539   658   656  3000
14542    3396  1223  3570  3246
14543     630  3144  3036   397
14544    3519  3974    76  3398
14545    1304   270  3012  2341
14546    3152  3361   886   885
14547     630  1536  3475   632
14548    3452  2753  3298  1420
14549    2957  2808  1589  1591
14550     913  3678  3410   707
14551    3914  3569  1608   658
14552    2292  3842   436  4145
14553    1609  1294  1608  1607
14554     837  1154   832  1801
14555     143   141  3167   142
14556    1425  2454  2455  1427
14557    3036  3034  2835  3035
14558    1244  3513  2809  1243
14559    4076  2058  3040  3612
14560    3152   885   886   884
14561    3034   136  2266  3035
14562      47  1153  1802  2402
14563     816   815  3099  3320
14564    2099   708    88    87
14565    3678  3766   913  3679
14566     632  1536  4020  3140
14567    3629  3840  3417  1014
14568    3527  1426  3398  3399
14569    2676   590   591  4063
14570     329  3178  2838   330
14571    4137  2267  3300  1812
14572    2249  1061  2960  2338
14573    2261   136  2267  2266
14574    3436  2956  2851  2188
14575     818  3300   604   819
14576    2594  1466  1306  3526
14577    2752  2753  3987  4023
14578     744  2105  2919  1299
14579    1110  3492  2698  2127
14580     137   143  2260  2261
14581    2455  1213  1524  1522
14582    4023  3941  4124  1537
14583    2326  2360  4044  3841
14584     137   143  1531  2260
14585    2188  2187  2838   330
14586     397   399   630  3144
14587    1531  2260  1532   137
14588     647  4030   646  3040
14589     137   136   135  2261
14590     244  2160  1495  2161
14591      53   572    52  2978
14592    2714  2656  2840  2657
14593    1176  1469  2590  1471
14594    3757  1061  1878  3756
14595    2037  1855  2059  2036
14596    2839   330  2838  2187
14597    3458  3334  3258  2636
14598     557    11  2218  1854
14599    1532  3177  3167  3778
14600     399   707   398   913
14601    3789  3177  3167  3205
14602    1294    89  3609  2282
14603     398  1184  1183  3766
14604     819   603   604   605
14605     430  3460    82  4016
14606    3974  1466  3398  3526
14607     658  1608  3609  2282
14608     708  1607    88  1609
14609     708   709  1160  2650
14610    3035  3034  3298  2266
14611    3526  1466  3398  3527
14612     118   136   135  3035
14613    2261   143  3300   137
14614    1847  3178   329  1848
14615    2266   819  2267  3299
14616    1607  1294    89  1609
14617    1185  3001  1901  3002
14618    1160   708  3771  3870
14619    2201  1759  1758  1459
14620     164   814   165  1069
14621    2002   684   683   271
14622     976  3872  3651  3693
14623    1608  1294    89  1607
14624     708  1609    88  1160
14625    4054  3678  3410   913
14626    3648  3678  3410  4132
14627     707   709  3410   913
14628    1160   709  3410  4132
14629    3771  1183  3099  3320
14630     586   937   656  1539
14631    3099  3679  3321  3320
14632    3298  3034  2752  3452
14633    2675  4023  4124  3663
14634    1160  2650  3771   708
14635    3663  2835  4124  2675
14636      87   814  2281    88
14637    2835  3036   632   630
14638     630  1536   632  3140
14639    1609    89  3652    88
14640     913   399  3663  3144
14641    1609  1607  3652    89
14642    3870  3771   163  3437
14643    1315  3886  4115  1738
14644     630  2675   632  2835
14645      89   656  1607   559
14646    4132    87  3098  3648
14647    3663   913  1537  4054
14648    4132  1160  3098    87
14649    2677  1464  3860  2594
14650      87   708  3098  2099
14651    1160   708  3098    87
14652     913   630  1537  3941
14653    1538  3410  1536   709
14654    3098  3648   816  4132
14655     816  3098   164   814
14656    3098  4132   816  1160
14657    1160   708   816  3098
14658    3771  1538  1536  3140
14659    3321  4020  3475  1536
14660    3797  3678  3320  3679
14661    2997  3035  3260   118
14662    1538  3679  1536  3678
14663     709  3140  1536  1538
14664    3678  3679  1536  3766
14665     259  1997   261   260
14666    2019  3840  3722  3842
14667    3870  4132  3771  1160
14668    3410  3678  1536   707
14669    1346   451   153   450
14670    3002  3001  1901  3437
14671    1538  3678  1536  3410
14672    3870  4132   815  3648
14673     816  3648   815  4132
14674     631  1184  1901  3437
14675    3870  1160   815  4132
14676     816  4132   815  1160
14677    3221  1294  3609  1608
14678    1185  3482  1901  1183
14679    1160   708   815   816
14680    3870   708   815  1160
14681    3475  3941  4138  3474
14682    3259  3260  3987  1420
14683    2636  2261  3024  2267
14684    1632  2039  1220  4039
14685    1857  1856  3899  2250
14686     632  1536  3475  4020
14687    4023  1810  1811  3987
14688     119   118   117   135
14689    1536  3140   630  3144
14690    3648  3679  3099  3678
14691    2675  3144  2835   630
14692    2266  3035   118  3298
14693    2266   136   118  3035
14694    2092  2760  2849  3675
14695    3298  2266   117   118
14696     137  1531   119   135
14697    3206   119  2546  1531
14698    2261   137   119   135
14699    3260   118  3259   117
14700    2267  2261   119   135
14701    2752  4023  3987   605
14702    2546   137  3024  1531
14703    4023  2675  4124  1420
14704    3204   119  3261  2546
14705    1811  3204  3333  3259
14706     118  3035  2835  2675
14707    3206  1531  3024  2636
14708    3663  1536  1537  3144
14709     137  1531  2546   119
14710    3695  3467  2833  3653
14711     185  3527    76  3398
14712    2189  3879  2618  1244
14713    2675   118  2997   117
14714    3321  2751  3475  4054
14715    1183  3648  3482  3771
14716     603  1810   604  4137
14717    2675  3035  2997   118
14718    1420  3452  2997  2675
14719    3261  3458  3333  3259
14720    3034  3035  2997  2675
14721    3452  3034  2997  2675
14722    2997  3144  3663  2675
14723    3140  1536  3663  3144
14724     397   399   398  3766
14725    3144   399   630   913
14726    1183  3766  3482   398
14727    1069  3569  3609   658
14728    2650   709  2655   707
14729      75    77  3519  3526
14730    3771  3648  2655  4132
14731    3648   709  2655  4132
14732    1160  2650  2655  3771
14733    3771  4132  2655  1160
14734    1160   709  2655  2650
14735    4132   709  2655  1160
14736    2675  3035  2835  3034
14737    2546  2261  3024   137
14738    3036  3452  2835  3034
14739    2675  3034  2835  3452
14740    3452  1420  2835  2675
14741    3036  1420  2835  3452
14742    3036   397   632   630
14743    3482  2655  1901  3437
14744     630   397   632   399
14745    3140   632   631  4020
14746    3474  2835  4124  3663
14747    4020  3766  1183  1184
14748     630   399   632   913
14749     913  3766   398   399
14750    3862  3517  2817   185
14751    3140  3766   398  1536
14752    1536   707   398  3140
14753     913  3678   398  3766
14754     707  3678   398   913
14755    3678   707   398  1536
14756    1536  3766   398  3678
14757    2201  1459  2199  3548
14758    3036   397  4020   632
14759    3036  3766  4020   397
14760    3475  3321  4138  2751
14761     632   397  4020   399
14762    3766   399  4020   397
14763     913   399  4020  3766
14764     632   399  4020   913
14765     815   816   164   814
14766    3569  3914  3609   658
14767     398   707  1183  1184
14768    3771  1536  3437  3140
14769     707   709  1183  1184
14770    1538  3797  3475  3321
14771    1183   398  3482   707
14772    2655   707  3482   398
14773    3648   709  3482  2655
14774    1183   709  3482  3648
14775    1183   707  3482   709
14776    2655   709  3482   707
14777    1901   816   163   815
14778    3771  1184  3437  1183
14779    3437  1184  1901  1183
14780    1901   815   163  3437
14781    3482  3771  3437  1183
14782    3140  3771   631  3437
14783     815  3870  3437   708
14784    3771   708  3437  3870
14785    3771  2650  3437   708
14786    2655  3771  3437  3482
14787    1901  3437   163  3002
14788    2650  3771  3437  2655
14789    1183  3482  1901  3437
14790    1185  1183  1901  1184
14791    3140   630   631   632
14792     164   816   163  3098
14793    3437  3771   631  1184
14794    3098    87   164   814
14795    4076   647  3412   646
14796      88   814   164    87
14797    1609   814   164    88
14798    3437  3140  1901   631
14799    1607   814   164  1609
14800    1607  3001   164   814
14801    1857  3412  1856  1855
14802     559   586  2098  2099
14803     816   708  1185  3098
14804    3140   709   631  1538
14805    4020  1184   631  3766
14806    4020  3766   631  3140
14807     707   709   631  3140
14808     707  1184   631   709
14809     398  3766   631  1184
14810    3140  3766   631   398
14811     707  3140   631   398
14812     398  1184   631   707
14813     658  2282  3609  1069
14814    2765  3134  3662  1519
14815     164  1607  3002  3001
14816    2204  3001  3002  1607
14817    1495  1493  1911  1494
14818    1223  1067  1069  3246
14819     658  3221  3609  1608
14820    3132  3193  4070  1068
14821      87    88  2281  3652
14822    2282  1067  3884  1223
14823    1185   816  1901   708
14824     815   708  1901   816
14825    1185   708  1901  2650
14826    3437  2650  1901   708
14827    2655  2650  1901  3437
14828    1185  2650  1901  2655
14829    1901  1185   163   816
14830    3002  1185   163  1901
14831    1185  3098   163   816
14832     164  3098   163    87
14833    2204   586  2098   559
14834    2650  2099  2098  2655
14835    2099    87   163  3098
14836      87    88   163   164
14837      87  2099   163    88
14838      88  1609   163   164
14839    3354  3656  3655  2002
14840     164  1607   163  3002
14841     164  1609   163  1607
14842      88  1607   163  1609
14843    2204  1607   163    88
14844    3002  1607   163  2204
14845     560  2204  2098   559
14846     658  1607   656  2204
14847    2282  1223  3609  3246
14848    3995  3135  3195  3133
14849    3097  1850  3258  2635
14850    3194  1067  2282  3193
14851    1223  3246  2282  1067
14852     583   584   867   561
14853      89  1067  2282  1294
14854    4137  1812  3333  3458
14855     630  1536  1537  3941
14856    2997  2675  3663  4023
14857    1608  1294  2282  1067
14858     816   814  2281  3098
14859    3013  1736   918   919
14860    1315  1736  4115  2814
14861    1608  1067  2282   658
14862    3662  1933  2910  2765
14863    3452  2753  2752  3298
14864    3663  3144  1537   913
14865    3194  1067  1069  3885
14866      89  1067  1069  3652
14867    4070  1068  3195   989
14868    2282  1067  1069   658
14869     658  1067  1069  1608
14870      89  1294  1069  1067
14871    1608  1067  1069  1294
14872    1069  3609  3571  2282
14873    3609  1069  3571  3569
14874    2071  1390  3844  2625
14875    1069  1067  2281  3652
14876    1182  3578  3146  4041
14877    1069  1067  3884  3885
14878    1221  1223  3396  3246
14879    3194  3885  1222  3132
14880    2465  3427  2466  4115
14881     246   989   938   245
14882    3132   989  1222  1068
14883    3193  3194  1222  3132
14884    3132  1068  1222  3193
14885      88   814  2281  1609
14886    1609  1607  2281  3652
14887    1609   814  2281  1607
14888    4054  2751  3663   397
14889    1183  3320   709  3099
14890    3298   605  3299  2752
14891    3941  1536  1537  1538
14892    3771  3648  3099  1183
14893    2675  1420  4023  2997
14894    3797  3320  3475  3321
14895    4137   119  3458   604
14896    2261   137  2546   119
14897    3474  2753  2752  4124
14898    3458   136  3261  2266
14899    3458  2636  3261  3024
14900    3475  2751  4138  3941
14901     709  3410  3099  3320
14902    2508   429  1220  4039
14903    1248  1249  2922  1574
14904    3458   119  3261   135
14905    3258  1850  1846  2635
14906    1812  3334  3096  3097
14907    3663  4023  3260  2997
14908    3026  3205  3025  1530
14909    2058  2057  2059  2037
14910    2751  2753  2752  4138
14911    4138  2753  2752  3474
14912    2546  1812  3458  3024
14913    2752  2753  3299  3298
14914    3026  3205  2616  3025
14915     329  1777   370  1775
14916    4054   397  3663   399
14917    3144   399  3663   397
14918    3144   397  3663  3036
14919    3648  3870  3099   815
14920    1538  3678  3797  3679
14921     816  3648  3099   815
14922    3320  3410  3099  3678
14923    3648  3678  3099  3410
14924    3648   709  3099  1183
14925    3320   815  3099  3870
14926    3474  4124  2752   605
14927    1420  2675  4124  2835
14928    1538  3771  3797   631
14929    1538  3410  3797  3678
14930    3098  3648  3099   816
14931     709  3410  3797  1538
14932    3320  3678  3099  3679
14933    3777  1812  3096  4137
14934    3474  1537  4124  3941
14935     631   709  3797  1538
14936    3797   815  3320  3870
14937     709  3410  3320  3797
14938    1538  3941  3475  3797
14939    3797  3870  3320  3771
14940    1183  1184  3320  3771
14941     631   709  3320  3797
14942     631  1184  3320   709
14943     631  3771  3320  1184
14944    3797  3771  3320   631
14945    3474  2753  4124  1420
14946    3320  3679  3321  3797
14947    4054  3679  3321  2751
14948    3797  3679  3321  1538
14949     913  3679  3321  4054
14950    1538  3679  3321  1536
14951    3475  3474  4124  3941
14952     913  3766  3321  3679
14953    4020  3766  3321   913
14954    1536  3766  3321  4020
14955    1536  3679  3321  3766
14956    2057  2037  3108    83
14957     818   143   141  3777
14958    1420  2753  4124  4023
14959    3663  4023  4124  1537
14960    3125  2183  2742  3453
14961    3475  3474  4138  3321
14962     118  3298   603  1810
14963    3259  1420  3987  2753
14964    3321  3679  4138  2751
14965    3036  2835  3474  3663
14966    3204  3260  3261  3259
14967    3941  1536  3475   630
14968     913  4020  3475  3321
14969     913   632  3475  4020
14970     913   630  3475   632
14971    3941   630  3475   913
14972    3035  3298  2752   605
14973    1537  3941  4138  2751
14974    3474  3941  4138  1537
14975    1420  2753  4138  3474
14976    1420  2751  4138  2753
14977    1537  3663  4138  3474
14978    1537  2751  4138  3663
14979    3663  3036  4138  3474
14980    3474  3036  1420  2835
14981    3036  3474  1420  4138
14982    1420   397  4138  2751
14983    3036   397  4138  1420
14984    3663  2751  4138   397
14985    3663   397  4138  3036
14986    2808  3477  1240  1591
14987    3204   135  3261   119
14988    4124  3474   603   605
14989    1847  3513  1244  1848
14990    4124  4023  2752   605
14991    4124  2753  2752  4023
14992    3204   136  3261   135
14993    3259  2753  3987  2752
14994    2546  3024  3261  3204
14995    3204  2266  3261   136
14996    3097  3177  3096  3789
14997     605  3298   603  3035
14998     118  3035   603  3298
14999     603  1810  3259   118
15000    1812   119  4137  2267
15001    3260  3034  3259  3035
15002     142   141  3167  3778
15003    2839  2808  2809  1243
15004    3878  3178  3879  1848
15005    2839  2187  2809   330
15006    1245  3477  1243  3454
15007    3777   143   141  3096
15008    1848  3178   329  3878
15009    3097  3177  3778  3096
15010    3879  1244  2809  1243
15011    3777  1531  2635   818
15012    3206  1532  3025  1530
15013    1854  2893  2489  3373
15014    2808  3477  1243  1245
15015    1530  3177  3167  1532
15016    1854  3373  2489  2511
15017    2809  1243  2188  2187
15018    3458   135  3261   136
15019    3879  3178  2809   330
15020    2617  2189  2618  3172
15021    2189   142  3167  3173
15022    1855  2037  2059  2057
15023     790  1118  2218  1561
15024     141  3778   142   329
15025    1812  3334  3458  3024
15026    1847  1848  1244  3879
15027    1531   137  2635   818
15028     819  2266  2267   136
15029    1524  2337  2681  1522
15030    1812  2267  2546   119
15031    3260  3035  3259   118
15032    3024  3206  3025  2546
15033    3789  3097  1850  3878
15034    3789  3177  1850  3097
15035    1648  1360  2046  1361
15036    2635  3020  1846  3258
15037    1219   429   431   432
15038     429  3107   430  1807
15039    3777  3096  3258  2635
15040    1246  3513  1245  3969
15041    1848  3878  1244  3879
15042    3477  1246  1245  2808
15043    3359  2851   369  3436
15044    2808  3477  2809  1243
15045    2808  1246  1245  2839
15046     329   330  2838   142
15047    2839  1246  1245  2187
15048    3879   330  2809  1244
15049    2839   330  2809  2808
15050    2188   330  2838  3172
15051    2404  2405   130   129
15052    2616  4077  2618  2617
15053    2839  2808  1243  1245
15054     819  2267  3299  3300
15055    1245  2187  1243  2839
15056    3513  1245  1243  1244
15057     142  3778  3167  3177
15058     819  3300   604  2267
15059    1245  3513  1243  3969
15060     461  2962   462  2963
15061     819  1810   604   603
15062    3969  3513  2809   330
15063    1243  3513  2809  3969
15064     143  2260  3167   141
15065    1591  1590  1589  2847
15066    3879   330  2838  3178
15067     748  1239  2583  1358
15068     329  3173  2189  1775
15069    2634  4077  2616  3020
15070    1532  3173  3167  1530
15071     141   143  3300  2267
15072    1850  3177  3778  3097
15073    2267  2266  3299  3298
15074     818   137  3300   143
15075    2838   142  2189   329
15076    2267   143  3300  2261
15077    3096  3334  3258  3097
15078     818   143  3300   141
15079    3260   117  3259  3204
15080    1532  3778  3167   141
15081    4137  1812  3300   818
15082    1531   143   818  3777
15083    1531   137   818   143
15084    1812  3334   818  3777
15085    1810   117  3259   118
15086    1648  1078  2046  1631
15087    3020  2635  1846  2634
15088    3096  3097   141  3778
15089    3096   143   141  3097
15090    1775  3173  2189  3172
15091    3020  1848  1846  1847
15092    2635  2267  3258  3300
15093    3097  1850   141  3778
15094    3097   143   141  1850
15095     818  4137   604  3300
15096    1775  1777  2616  3205
15097     605  4023  3987   603
15098    1812  3334  3300   818
15099    1812  2267  3300  3334
15100     329  3778   142  3177
15101    4137  2267   604  3300
15102     329  3177   142  3789
15103     605  3035  3259  2752
15104    2636  1531  2635  3206
15105     329  3789   142  3878
15106    3878  1848   142   329
15107    1848  1847   142   329
15108     369  3513  2189  3359
15109    2189  3969   369  3021
15110     329  3173   370   142
15111    3173  3205  3167  1530
15112    2777  2860  1363  3605
15113    3817  3841  4044  2360
15114    1245  1246  2188  2187
15115    3359  2618   371   370
15116     462   129  2695  1247
15117     330  3879  2838  1244
15118    1244  3513  2838   330
15119    3969   330  2838  3513
15120    2189  2838  3167   142
15121    3172  1777  2189  1775
15122     329  1775  2189  1777
15123     329  3178  2189  2838
15124     329  1777  2189  3178
15125    2838  3879  2189  1244
15126    3879  3178  2189  1777
15127    2838  3178  2189  3879
15128    1244  3513  2189  2838
15129    2838  3513  2189  3969
15130    1873  3612  2091  2090
15131    3167  1847   371   370
15132     142  3177  3167  3789
15133    3878  1848  3167   142
15134    2616  1777  2617  3205
15135    2616  4077  2617  1777
15136    3789  3878  3167   142
15137    3789  3205  3167  3878
15138    3436  2851   369  3021
15139    1848  1847  3167   142
15140    1357  3436   369  3021
15141    2997   118  3260   117
15142    4023  1420  3987  3260
15143    3777  4137   604   818
15144     603  1810  3299   819
15145     603  3298  3299  1810
15146    3663  2997  3260  3144
15147    2046  1648  1220  4039
15148    1045  1220  2715  2508
15149    4137   119   604  2267
15150     135  2267   604   119
15151     819  2267   604   136
15152     135   136   604  2267
15153    3206  1531  2635  3096
15154    2752   605  3987  3259
15155    2636  2261  2635   137
15156    3458  2636  3258  2635
15157    2617  3879   370  2618
15158    2546   119  3458  1812
15159    3878  3205  2616  3020
15160    1530  3205  3025  3206
15161    2636  2267  3024  3334
15162    3879  3178   370  1847
15163    2635  3096  3025  3206
15164    3024  3334  3458  2636
15165    2636  3024  3025  3026
15166    1811  3259  3333  3987
15167    1855  2059  3040  4076
15168    3026  1530  3025  1532
15169    2635  2636  3025  3026
15170    2732  1361  3598  4113
15171    3260  3663  3987  4023
15172     135   119  3204   117
15173    4023  1810  3987   603
15174    3259  3663  3987  3260
15175     117   136  3204   135
15176    1537  4023  3987  3663
15177    3259   603  3987  1810
15178    1812  3334  3333  3458
15179     117  2266  3204   136
15180    2636  3334  3258  2267
15181    3298   117  3204  1810
15182    3298  2266  3204   117
15183    3300  2267  3258  3334
15184    2636  2267  3258  2635
15185    3020  3205  2634  1530
15186    3034  3035  3260  2997
15187     818   137  2635  3300
15188    3300   137  2635  2261
15189    3452  3034  3260  2997
15190    2636   137  2635  1531
15191     855   853  1078  1355
15192    1420  2997  3260  4023
15193    1420  3452  3260  2997
15194    3458  3024  3261  2546
15195    3458  2546  3261   119
15196    2752  3035  3259  3034
15197    2038  1807  1808  3107
15198    1855  4030  3040  2059
15199    2752  3452  3259  2753
15200    3260  3452  3259  3034
15201    2752  3034  3259  3452
15202    1420  3452  3259  3260
15203    1420  2753  3259  3452
15204     604   119  3458   135
15205     604   136  3458   819
15206    4099  1355  2047   855
15207     604   135  3458   136
15208     819   136  3458  2266
15209     819  2266  3458  3299
15210    3020  2260  2634   143
15211    2618  3513  2189  1244
15212    3299  2266  3458  3298
15213    3458  2266  3261  3298
15214    3204  3298  3261  2266
15215    1591  1357  1356  1589
15216    2618  2617   371   370
15217    3444   967  1111  4074
15218    3026  1532  3025  2260
15219    3987  1810  1811  3259
15220    3258  3458  3333  3334
15221    4009  4035  2355  4010
15222    3878  3205  3020  3789
15223    1848  3878  1846  1850
15224    1530  3177  3020  3205
15225    3789  3205  3020  3177
15226    1530  1532  3020  3177
15227    3020  3878  1846  1848
15228    3778  3177  3020  1532
15229     141  1532  3020  2260
15230    2634  2635  1846  1850
15231     141  3778  3020  1532
15232     141  2260  3020   143
15233    2261  2267  2635  3300
15234    2636  2267  2635  2261
15235    3020  1530  2634  1532
15236    2636  3206  3025  3024
15237    3020  1532  2634  2260
15238    2635  3206  3025  2636
15239    4137  1810  1811  1812
15240    3259  1810  1811  3204
15241    1715  3492  1110  2127
15242     604  1810  1811  4137
15243    3206  2260  3025  1532
15244    3167  3205  2616  3878
15245     819  1810  1811   604
15246    3204  1810  1811  3298
15247    2680  2455  2338  1427
15248    3299  1810  1811   819
15249    3298  1810  1811  3299
15250    3777  3334  3258  3096
15251    3300   818  3258  2635
15252    3300  3334  3258   818
15253     818  3777  3258  2635
15254     818  3334  3258  3777
15255    2634  1850  1846   143
15256    2634   143  1846  3020
15257    3878  3789  1846  1850
15258    3020  3789  1846  3878
15259     141   143  1846  1850
15260    3020   143  1846   141
15261    3789  3177  1846  1850
15262    3020  3177  1846  3789
15263    3020   141  1846  3778
15264    1850  3778  1846   141
15265    3778  3177  1846  3020
15266    3778  1850  1846  3177
15267    3261  3259  3333  3204
15268    3261  3298  3333  3458
15269     604  4137  3333  3458
15270    1811  4137  3333   604
15271    3204  3298  3333  3261
15272    1811  3298  3333  3204
15273    3298  3299  3333  3458
15274    1811  3299  3333  3298
15275     819   604  3333  3458
15276    1811   604  3333   819
15277    3299   819  3333  3458
15278    1811   819  3333  3299
15279     370  3173   371  3167
15280    1523  4076  3412  3901
15281    1848  3878  2616  3020
15282    1632  2039  4039  2328
15283     853  1047   966  4113
15284     370  3513  3359  2618
15285    3593  3424  1809  1807
15286     129  2404  2695  2966
15287    2732  4113  3598  3592
15288    1807  1809   430   429
15289    2634  3205  3026  1530
15290    2635  2636  3026  2634
15291    3020  3205  2616  2634
15292    2634  1530  3026  1532
15293     977  2403   979  2847
15294    2634  1850  3026  2635
15295    2634  1532  3026  2260
15296    2634  3205  2616  3026
15297    2634   143  3026  1850
15298    3026  4077  2616  2634
15299    2634  2260  3026   143
15300    3097  3096  3025  2635
15301    1850  2635  3025  3026
15302    1850  3097  3025  2635
15303    3026  2260  3025   143
15304    3206   143  3025  2260
15305    3096  3097  3025   143
15306    3096   143  3025  3206
15307    1850   143  3025  3097
15308    3026   143  3025  1850
15309    3020  4077  2616  1848
15310    3173  4077  2616  1775
15311    1775  3205  2616  3173
15312    3167  3173  2616  3205
15313    4077  3173  2616  3167
15314    3167  1848  2616  4077
15315    3878  1848  2616  3167
15316    2640  1357  1591  3436
15317    3557   130  2776   746
15318    1663   571  1128   572
15319    1848  1847   371  3167
15320    2476  3492  2477  2696
15321    2695   129  2776  3557
15322    2189  3172  2617  1777
15323    1078  1047  2476   853
15324    2127   895  1715   896
15325    2732  3592  3598  2476
15326    2189  1777  2617  3879
15327    1425  1426  3518  3273
15328    2617  3879  2618  2189
15329    2188  1246   460  2187
15330    1356  1357   460  2188
15331    1363  2067  2919  2644
15332     837  2402   838  2401
15333    3125  3453  2742  2741
15334    2183   745   743  2182
15335     744  2067  2919  2105
15336      11  3373    10  2893
15337    2957  3477  2640  3454
15338     912  2105  3811  1299
15339    2644   106  2645  4131
15340    3745  2023  3055  3056
15341    3477  2957  1591  2808
15342    2640  2957  1591  3477
15343    1360  2039  1359  1361
15344     979  2957  3947  1589
15345    3486  3611  2161  2690
15346    2851  3436  3947  2956
15347    2186   746   747   748
15348     370  3359   369   371
15349    2188  2956  1240  1356
15350    2038  2037  3108  2057
15351    2186   130   747   746
15352    2808  1246   460  3477
15353    2188  2809  2851  1243
15354    2188  1245  2851  3436
15355    2188  1243  2851  1245
15356    2851  2956  2852  2188
15357    2618  2617  2852  2851
15358    2851  2852  3947  1589
15359    2188  2809  2852  2851
15360    4099   855  2047   854
15361     370  3969   369  3513
15362     370  3513   369  3359
15363     979  2956  3947  2957
15364    2188   330  2852  2809
15365    3513  1246   460  3969
15366      11  2882    10  1853
15367    3969  1246   460  3021
15368    2618  4077   371  2617
15369    2589  2892  2510  2511
15370     556  2333   241   358
15371     460  3454  1247  1240
15372     789  1118   791   790
15373    2047  4099  2477  2127
15374    3592  3591  3758  3598
15375     855  2383   854  1354
15376    3720  3593    82  3467
15377     896   895  3157   358
15378    3489   968   966  4113
15379    1589  1591  1240  1356
15380    2356  4026  3470  3468
15381    1360  1361  2476  1566
15382    2127  2696  2477  3492
15383    2618  3879   370  1244
15384     966  1047  2476  2696
15385    2508  4113  3489  1220
15386    1244  3513   370  2618
15387    1981  2040  3491  1458
15388    2239  1828  1459   940
15389    1360  2039  1632  1631
15390    2057  3744  1808  3460
15391    2911  1174  4026  2096
15392    1648  1632  4039  2328
15393    2144  3770  3491   446
15394    1361  2039  1632  1360
15395    2867   895  1355  1715
15396    1589  2847  3947   979
15397    1715   895  1355   896
15398    3653  4016  3720  3593
15399    1715   896  1355  3492
15400    1110  1047  1112   966
15401    2058  2091  2059  1873
15402     966  1047  2698  1110
15403    1109  1107  1880  3793
15404    2867   895   855  1355
15405    1355   895   855   896
15406    1355   896   855  3492
15407    1715   853  1078  2127
15408    2476   896  2477  3492
15409    2038  2037  2036  3108
15410    1360  2127  2477  1361
15411    1240  1239   462   461
15412    3461  4083  3123  2699
15413     382   380  2320   381
15414    1846  1847   370  3020
15415     241  2383  2504  1354
15416    1560  2708  1108  2932
15417    3513   369  2189  3969
15418    2851  2618  3359  2852
15419    3513  2618  2189  3359
15420    2618  2189  3359  3172
15421    3359  4077   371  2618
15422    3436  1245  3021  1357
15423    3020  4077   371  2634
15424    2188  1357   460  1246
15425    3021  1357   460  1356
15426    2851  1245  3021  3436
15427    1245  3969  3021  1246
15428    1245  1246  3021  1357
15429    2189  2838  3021  3172
15430    3969  2838  3021  2189
15431    3477  1246   460  3454
15432    1589  2808  1240  1591
15433    2852  2809  3021  2851
15434    2851  1243  3021  1245
15435    3969  1245  3021  1243
15436    2838  3969  3021   330
15437    2838   330  3021  3172
15438    2809   330  3021  3969
15439    2852   330  3021  2809
15440    2809  1243  3021  2851
15441    2809  3969  3021  1243
15442    3359  3436   369  1357
15443    3173   329   370  1775
15444     142  1847   370   329
15445     142  3173   370  3167
15446    3167  1847   370   142
15447    2617  1777   371   370
15448    2617  4077   371  1777
15449    1775  3173   371   370
15450    1775  4077   371  3173
15451    1777  1775   371   370
15452    1777  4077   371  1775
15453    3359  2189   369  3172
15454    3021  3172   369  2189
15455    2851  2852   369  3021
15456    3359  2852   369  2851
15457    1776  2852  3947  2956
15458    3021  1246   460  1357
15459    2476  1078  2477  1631
15460    1591  3477  1240  2640
15461    1358  1357  1356  2640
15462    2640  1357  1356  1591
15463     460  1240   462   461
15464    1358  1239  1240  1356
15465    2640  1590  1358  2641
15466    3477  3454  1240  2640
15467    2847  1590  1358  2640
15468     460  3454  1240  3477
15469     242   243  2504   241
15470     743  2183  2742   745
15471     460  3477  1240  2808
15472     369  3021  1356  1357
15473    2640  1358  1240  1356
15474    2656  4107  1467  3557
15475    2405  2588   130   129
15476    1358  1590  1239  2641
15477    2963  2962  1247  3454
15478    2847  1590  1239  1358
15479    2551  2588   977  2957
15480    3557   130   747  2185
15481      11  1072    10  2882
15482    1356  3021  1240   460
15483    2188  2956  1356  1357
15484     460  3021  1240  3969
15485     250  3407  1176  2662
15486     748   461  2186   129
15487    2839  1246   460  2808
15488    2839  2187   460  1246
15489     460  1246  1247  3454
15490     241  2333  2504  2383
15491     460  2808  1240  2839
15492    2188  2187  1240  2956
15493     460  2187  1240  2188
15494     460  2839  1240  2187
15495    3040  3901   646  4076
15496    3605  2860  1363  3806
15497    2962  1590   461  3267
15498    2641  1590   461  2962
15499    1239  1590   461  2641
15500    2847  2403   461  3267
15501    2847  1590   461  1239
15502    2847  3267   461  1590
15503    2695   461   748   129
15504    3401   531  2856  1388
15505    3125  2741  2742  2798
15506    1239  2957   462   461
15507     462   461  2695   129
15508     461  2551   462  2403
15509    1247  3454  2695  2963
15510     461  2957   462  2551
15511    3557   746   747   130
15512    1245  3454  1247  1246
15513    1584  4135  1583  1072
15514    2583   746  3453   748
15515     131  4107  2183  2587
15516     462  2962  1247  2963
15517    2962  3267  1247  3454
15518     462  3267  1247  2962
15519     462  1240  1247  1239
15520    1358  1239  1247  1240
15521    2640  1358  1247  1240
15522    1240  3454  1247  2640
15523    3267  2403  1247  3454
15524     462  2403  1247  3267
15525    2551  2957  1247  3454
15526     462  2957  1247  2551
15527     462  1239  1247  2957
15528    1358  2957  1247  1239
15529    1358  2640  1247  2957
15530    3454  2957  1247  2640
15531     462  2551  1247  2403
15532    3454  2403  1247  2551
15533    2695  2966  2776   129
15534    2966  4107  2776  2587
15535    2404  2405  2695  2963
15536     129  2405  2695  2404
15537     129  2966  2776   130
15538    2405  2588  2695  2963
15539     129  2588  2695  2405
15540    1747  2984   346   347
15541    2185   130   747  2186
15542     748  1239  2186   461
15543    2963  2966  2776  2695
15544    2656  4107  2776  2966
15545    2911  1175  4026  1174
15546     130   129  2186   461
15547    2505   243  3156  2504
15548    1469  2803  3406  3390
15549     130   131  1467   129
15550     130   129  1467  3557
15551    2641  2640  2583  1358
15552    2640  1591   979  2847
15553    2656   131  1467  4107
15554     488  2661   663    50
15555     837  2347  1260  3918
15556    2658  2067  2919  2860
15557    2587  4107  1467   131
15558    3557  4107  1467  2587
15559    3605  3557  2777  1467
15560    3276  1086  2155  3989
15561    1467   131  2777  3605
15562    3276  3377  1086  2843
15563    2644  1363  2712  2713
15564    3806  3605  2777   131
15565    3806  2860  1363  3745
15566    2714  3224  2919  1299
15567     748   461  2583  1239
15568    2641  1239  2583   461
15569    1589  1591   979  2957
15570    2185   131  3055  2976
15571    3591  1807  3758  3107
15572     461  2963  2583  2962
15573     461  2962  2583  2641
15574    2695   461  2583   748
15575    2695  2963  2583   461
15576    2653  2555  1643  2604
15577     131  2656  2183  4107
15578    2777  2714  2840  2657
15579    3745  2860  1363  2067
15580    3745  3056  4131  3806
15581    4135  1584  1718  2322
15582    3125  2641  2798  1590
15583    2644   106  2767  1364
15584    1299  2860  2919  1363
15585    2185  3056  3055   131
15586    2488   243  3156  2505
15587     131  2185  2182  2976
15588    2976  2656  2182   131
15589    2510  2702  2489  1854
15590    4131  2644  1422   911
15591    1363  3745  4131  3806
15592    1363  3806  4131  2644
15593    2777   131  3055  3806
15594     748   746  3453  2186
15595    1877  2849  1876  3675
15596    3991   133   403   134
15597    2186   746  3453   130
15598    2966  2404  3453   130
15599     130   746  3453  2966
15600    1113   877  1083  1114
15601    3267  2403   977  2847
15602    2847  1590   977  3267
15603    2588  2403   977  3267
15604    3223  3224  2712  2658
15605    2962  3267   977  1590
15606    2588  3267   977  2962
15607     431  3744    83  1874
15608      50   347   488  2984
15609    2641  2962   977  1590
15610    2798  2741  1804  3125
15611    2583  2962   977  2641
15612    1299  2644  2919   744
15613    2583  2963   977  2962
15614    2588  2962   977  2963
15615     748  2695   977  2583
15616     130   129   977  2186
15617     130  2588   977   129
15618    2695  2963   977  2583
15619    2695  2588   977  2963
15620    2695   129   977  2588
15621     748   129   977  2695
15622    2186   129   977   748
15623    1084   877  1083   876
15624    2587  2966  3369  2776
15625    1301   877  1083  1298
15626    3557  2587  3369  2776
15627     875  1082  1083  1084
15628     876   875  1083  1084
15629     744  2067   743   745
15630    1467  2587  3369  3557
15631    1467   131  3369  2587
15632    2105   877  1083  1301
15633     130  2186  3125  3453
15634    2404   130  3125  3453
15635     978   977   979  2847
15636    2023  2976  3055  2024
15637    3224  2714  2712  2713
15638    1363  3223  2712  2860
15639    1299  2713  2840  2714
15640    2184  2067   744   745
15641    4107  2656  2714  3224
15642    2777  3605  2714  3224
15643     977  2847   978  1590
15644    1299  1301  2919  1298
15645    3224  3605  2714  3806
15646     997  3542  2778  2485
15647    2658  2860  2023  2067
15648    3806  2860  2023  2658
15649    3027  2146  4125  3967
15650    2776  3557  2657  2777
15651    2067  3224  2023  2658
15652    3224  3806  2023  2658
15653     747  2185  3055  2976
15654    2147  1525  3689   712
15655    2146  1085  1086  1087
15656    2024  3056  3055  2023
15657    1927  1004  2541  1704
15658    2686  3871  1895  1842
15659    2067  3224  2024  2023
15660    3806  3056  2024  2023
15661    3224  3806  2024  2023
15662     107   133  1422   106
15663     911  2023  1422  3745
15664    3806  2777  2066  3055
15665    3806  3055  2066  3056
15666    1469  2803  2590  2591
15667     912  2024   911  2023
15668     997  1842  2778  3377
15669    1363  2067  4131  3745
15670    2644  2067  4131  1363
15671    1467  2656  2657   131
15672    3224  2777  2657  2714
15673    2714  2656  2657  3224
15674    2658  2860  2657  2777
15675    2976   131  2657  2656
15676    2105  1301  2919  1299
15677    3055  2777  2657   131
15678    3055   131  2657  2976
15679     270  1304  3651  3762
15680    1799   684   685  3012
15681    2105  2067  2919  1301
15682    2656  2976  2066  2657
15683    3675  4030  1925  1855
15684    2125   195  1746   663
15685    2843  3377  1086  3938
15686    1086  3938  3027  2843
15687    3871  1842   490  2485
15688     489   488  1745  1840
15689    2421  3642   132  4029
15690    1644  1525  2842   712
15691    3542  2485  2157  1842
15692    2147  1644  2842  2829
15693    1962  3599  3353  1961
15694    1363  2860  1362  2767
15695    2147  1706  2842  1705
15696    2829  1907  2842  2147
15697    2421  1114   763  1406
15698    3120  3765   781  3584
15699    2421  1115  1114  3640
15700    1965  2420  2842  1963
15701    3468  1174  4026  1175
15702    2147  1086  3689  3276
15703     997   996   998  3067
15704    1361  2039  3598  1632
15705    2420  2371  2842  1928
15706    3276  2844  2843  1961
15707    1961  1962  2843  3276
15708    1961  3938  2843  1962
15709    1840  1842  1841  1745
15710    3871   490  1841  2028
15711    1006  1964  1927  2540
15712    3276  1085  1086  3377
15713    1113  1362   762  1364
15714    2485  3542  3200   996
15715    1004  1005  1704  1907
15716     325  2984  2660  3380
15717    3803  3441  2834  2392
15718    1705  3353  2842  3303
15719    2146  1085  4125  3377
15720    2157  3542  3561  2485
15721     325   347   346  2984
15722     195  3392   719   346
15723    2660  3380  2662  2661
15724    2461   877  2106  2105
15725    2660  3380  2661   325
15726    2157  1285  3561  3542
15727    3380   323   324   325
15728    1286   347  3561  2607
15729    2606   347  1284  1282
15730    1118  2702   539  2510
15731    2892  2882  1853   539
15732     252  2881  1853  2882
15733     325  2660   346  2661
15734    3407   323  2662   250
15735    3871  2607  3561   490
15736     250  1176   252   251
15737     325  3390   346   324
15738    2125   325   663  3380
15739     663  2125    49  1746
15740    1929  2107  1732   446
15741    1282  2485  1286  3542
15742     346   325   663  2125
15743    3392   346  1283  3345
15744     250   323  2662  3380
15745    2881   323   324  4135
15746    3392  3390   346   325
15747     543  3391   720   544
15748    3407  2125  3925   663
15749     544   323  1584  3391
15750    3405  2803  4088  2591
15751     896   358  3157  3492
15752    2660  2984   346  1747
15753    2685  3345   719  2486
15754    2701   895  3157   896
15755     251  2882  1853  1177
15756    1177  2882  1853  2589
15757    3939  3392  1283  3345
15758    3407   323   324  2662
15759    3407  2662   324  3390
15760    2662   323   324  3380
15761     720   544   542   543
15762    1285  2157  3561  1087
15763    2892   539  1853  2702
15764    2503   242  2708  2488
15765     250  2881  4135   323
15766    4135  3390  1584   324
15767     250   323  1584   544
15768    4135   323  1584   250
15769     324  3391  1584   323
15770     324   323  1584  4135
15771     195   719   194  1821
15772    2662  3407  2125  1868
15773    3390  3391   543  3939
15774    1118  1561   790  1710
15775     346  2660  1283  3345
15776    1746   195   196  1821
15777     663   488   489  2661
15778    2089  2088  1966  4128
15779    2503  2511  2489  3373
15780     325  3390  3939  3392
15781     325  3380  3939  3390
15782    1842  3377  1841  1085
15783     347  2984  3561  2607
15784     346  2660  3345  2661
15785    1895   996   997  2485
15786    1471   250  1469   323
15787    3939  2662  3390  3380
15788    2662  3939  3390   543
15789    2606  2607    51  3871
15790    2607  3871  2606   490
15791    1087  3560  1842  1085
15792    1284  1282  1895  2686
15793    2607  2984  2606   347
15794    1286   347  2606  1282
15795    2607   347  2606  1286
15796    1286  3542  1285  1282
15797    3542  1286  1285  3561
15798     490  2485  3561  3871
15799     490  2607  3561  2157
15800    2157  2485  3561   490
15801    1644  2371  2842  1963
15802    2843  3938  3560  3377
15803     997  3560  2778  1285
15804    3561  3377  3560  1085
15805    3561  1085  3560  1087
15806    1842  1085  3560  3377
15807    1584  4135  1718  1583
15808     997  3067  3027   996
15809    1282   347  1284  1747
15810    2486  1747  1284   347
15811    1283  1747  1284  2486
15812    3404  3731  3406  3405
15813    1868   325  2125  3380
15814    2662  2661   663  3407
15815    3345  1283  1284  2486
15816    3404  3730  2359  3731
15817    1283  3345  2685  2486
15818     488    50   663  2125
15819    3461  4010  3123  3122
15820     346  3392   719  3345
15821     446  2144   447  2356
15822    1747  1283  2685  2486
15823    2486   347  2685  1747
15824    2125  3407  3925  1868
15825    2785  3988  4003  4125
15826    1746  1867    49  3403
15827    3476  2685  2686  2486
15828    2044  3445  1752  1003
15829     720  3730   196   195
15830    2606  2660   662  2984
15831    1118  1120  1119   790
15832    2359  1875   381   542
15833    4026  3958  2355  1980
15834    1821   719  1746   195
15835    1745  1840    49  1746
15836    3199  3067  1705   998
15837    1176  2803  2590  1469
15838    2125  1868  1746   195
15839    3730  3391  3404   544
15840    3390  3391  3404  3730
15841    2892  2589  1470  2591
15842    4125   490  4003  2157
15843    1471   324  1469  3390
15844    2702  1118   539   790
15845    1583  4135  1718  1875
15846     790  1120  1119   382
15847    3594  3491  1731  2145
15848    1176  3925  2590  3407
15849    1868  2125  1471  3925
15850    3390  3391   720   543
15851    3390  3730   720  3391
15852    3390  3407   720  3730
15853    2662  3390   720   543
15854    2662  3407   720  3390
15855    2359  1584   542   250
15856     978  1590  2798  2641
15857    2803  3731  2591  3405
15858    1745  2607    51  2606
15859     195   346  2125  1868
15860      50  1868  2125   488
15861     662  2660   489  2984
15862      50  2984   488  2660
15863    1821   719   194  3345
15864    2483  3918  1152  2347
15865    2024  2067  2184  3224
15866     662   490   489  2157
15867    2644  2067   744  4131
15868    2606   490   662  2157
15869    2803   250   542   544
15870     544   250   542  1584
15871     324   323  2803  3391
15872     544  3391  2803   323
15873     196   195   194  1821
15874     324  3391  2803  3390
15875     488    50  1745  1840
15876     341   576   340  1571
15877    1746  1840    49  1821
15878    2662  3407   663  2125
15879    3404  3730  1822  3403
15880    1868  3407  1867  2662
15881     663   195  1746   719
15882    3561  2607  1745  1840
15883    1868  2662  1867  3380
15884    1867  1868    49    50
15885    1745  2606    51   662
15886    1868  3380  1867   325
15887     325   346  1867  1868
15888    1840   662  1745   489
15889    2125   488   489   663
15890    2606  2984   662   347
15891    1284  2606   662   347
15892    2123  2911   447  2124
15893    1561   382  2320  2218
15894      49  1821   347  1746
15895     850  2582  2120   851
15896    1821  1840    49    50
15897    2125   195   663   346
15898     719   346   663   195
15899    3345   346   663   719
15900    3345  2661   663   346
15901     662  3871   489   490
15902     488   490   489  3871
15903     662  2984   489   347
15904     488   347   489  2984
15905     229   231  1054  4017
15906    3561  2485  1895  3871
15907    3799   553   102  3751
15908    1284   347   489  2486
15909     662   347   489  1284
15910    2685   347   489   488
15911    2685  2486   489   347
15912    2359   250   542  2803
15913     720  3730   542   544
15914    2359  3730   542   720
15915    1006  1005  1004  1907
15916    3404  3730   542  2359
15917    3404   544   542  3730
15918     488  2685  1840   489
15919    1301  1362  1298  2767
15920    2803   323  1469   250
15921     250   323  3925  3407
15922    1471  3390  1469  3404
15923     250   323   252  2881
15924     324  3407  3925   323
15925      50  2685  1840   488
15926     324  3390  3925  3407
15927    2589  1177  2322  1470
15928    3730  3407  3925  3390
15929     250  2881   252  1176
15930    1471  1867  1469  1868
15931      11  2511    10  3373
15932    1745    50    49  1840
15933     662  2606    51  3871
15934    1176  1471  2590  3925
15935    1469  2591  1470  2803
15936    3925   323  1471   324
15937    3925   324  1471  3390
15938    1469  1471  1470  2591
15939    3730  3390  1471  3404
15940    3925  3390  1471  3730
15941    3516  2067   743  2066
15942     241   556  2504  2333
15943    1177  2589  2702  2510
15944    2881  1875   252  2322
15945    3731  1584  2591  3405
15946     251  1177  2590  2591
15947    2803  3390  1469   324
15948     324   323  1469  2803
15949    1471   323  1469   324
15950     539  2893  3373  2892
15951    2589  1177  1470  2591
15952     541  2511   539  3373
15953    2591  4135  1470  1584
15954     251  1176  2590  1177
15955    2591  2881  1470  4135
15956    3745  4131   911   912
15957    2511  2510  2489  1854
15958    1709  1583   381   380
15959    2045  3444  2700  1111
15960    1753  1118   540   539
15961    2892  1470  2322   539
15962    2892  2589  2322  1470
15963    2932  2505  3445  2504
15964    1003  1107  3445  3520
15965     541  2893  1752  1754
15966    2701  1111  2700  3157
15967    3351   587  3386   220
15968    4135  1584  2322  1470
15969    3925  1471  2590  2591
15970    4135  2881  2322  1875
15971    1470  2881  2322  4135
15972    2589  2892  2511  3373
15973    1354   358   241  2383
15974     358  2333   241  2383
15975    2591  1471  2590  1469
15976    2892   539  2511  3373
15977    2511  3373   242   243
15978    2893   243   242  3373
15979     241  1354  2504  2867
15980    1710  2893    10  3373
15981    1177  2589  2510  2511
15982     252  2882  1853   251
15983     242  2511  2503  3373
15984     242  3373  2503  2893
15985    2702  2510    10    11
15986     967  3520  1880  1107
15987    1108  1560   791   789
15988    3407   250  1176  3925
15989    2504  2383  2505  1354
15990    2504   556  2505  2333
15991     241  2045  2700  3156
15992    2504   242  2505   243
15993    2503   242  2505  2504
15994    1710  3373    10  2511
15995     250  2881  1176  4135
15996    1469  1471  1176   250
15997    1584   250  1176  4135
15998    1469   250  1176  2803
15999    2359   250  1176  1584
16000    2803   250  1176  2359
16001    2590  1176   252  2881
16002    1470  1177   251  2591
16003    2322  1177   251  1470
16004    1176  2881  2590  4135
16005    2591  4135  2590  2881
16006    2591  2803  2590  3731
16007    1584  4135  2590  2591
16008    1176  4135  2590  1584
16009    2359  2803  2590  1176
16010    2359  3731  2590  2803
16011    2359  2590  1584  1176
16012    2590  2359  1584  3731
16013    2591  3731  2590  1584
16014    2892   539  2510  2511
16015    2589  2892  2702  2510
16016    2334  2383   854  2333
16017    2892   539  2702  2510
16018    4009  2699  3123  4083
16019    2334  2867   854  1354
16020    1470  2322   252   251
16021    1470  2881   252  2322
16022    2590  2881   252  2591
16023    2590  2591   252   251
16024    2591  1470   252   251
16025    2591  2881   252  1470
16026      12   556  2932   557
16027    3731  1875   381  2359
16028    2334   556  3793  2333
16029    1203  2030  4009  2699
16030    1109   556  3793  2932
16031    4135  2881  1072  2882
16032    2218   557   791  1560
16033     557  2489    12  1854
16034    2505  2504  2932   556
16035    2127  3492  2698  2696
16036     252  2882  1072  2881
16037    2708  1854    12  2489
16038     557   242    12  2503
16039    1110  1047  2698  1046
16040    1875  2881  1583  4135
16041    2708   242    12   243
16042     251  2882  1072   252
16043    2047  4099  4113   968
16044    2047   968  4113   853
16045     251  1177  1072  2882
16046    2932  1109  1108  1560
16047    2708    11    12  1854
16048     557  1854    12    11
16049    2511  2503  2489  2510
16050    1710  2702    10  1853
16051    2589  2882  1072  1177
16052    1354  2867   854   855
16053    2892  2882  1072  2589
16054     539  2882  1072  2892
16055    3461  4035  3123  4010
16056    1710  2510    10  2702
16057     967  2334  1880  3492
16058     557  2503    12  2489
16059    2708  2489    12  2503
16060    1853  2702    11  1854
16061      11   557    10    12
16062    1710  2511    10  2510
16063    2702  2510    11  1854
16064    2510  2511    11  1854
16065    1854  2511    11  3373
16066    1854  3373    11  2893
16067    2488   556  2708  2333
16068    1854  2489  2708  2488
16069    2322  1875  1718  4135
16070    2503  2505  2488  2489
16071    2505   242  2488   243
16072    2503   242  2488  2505
16073    1853  2702    10    11
16074    2488  2505  2932   556
16075    2510  2511    10    11
16076    1710  1853    10  2882
16077    1710  2882    10  1072
16078    2218   382   791   790
16079     358   556  2932   241
16080    2504   241  2932   556
16081    1561    11  2218   557
16082    2058  1872  2059  2756
16083    1072   539  1709  2882
16084    1583  1072  1709  1710
16085      10  1710  1561  2893
16086     474  2239  1459   940
16087    1002  2932  1108  2708
16088    3977  3770  3470  1981
16089    1072  4135  1583  2881
16090     967  3520  3444  1880
16091    1710  1072  1709  2882
16092      10  2893  1561    11
16093      10    11  1561   557
16094      12  2708  2932   556
16095    3653  2508  3695  1220
16096     539  2511  1118  2510
16097     381   380  2320  1709
16098    1045  1046  1566  2711
16099    3264  3982  1919  3908
16100    4009  4035  3123  2030
16101    1107  2333  3793   556
16102    3793  2334  1880  4099
16103     967   968  1880  4099
16104    1202  2107   446   471
16105    2708  2488  2932   556
16106    3373   243  3156  2893
16107    1002  1107  1108  1109
16108      11  2893  2218  1854
16109     252   251  1583  1072
16110    2881   252  1583  1072
16111    2881  1875  1583   252
16112    2218   790   791  1118
16113    3231  3110  2438  3112
16114    1072   251  1583  1177
16115    1632  1220  2715  1045
16116    3721   850  1234  2582
16117    2334   895   854  2867
16118    1710  3373   541  2893
16119    2892   539  1583  1072
16120    1072  2589  1583  2892
16121    1754  1002  1752  1003
16122    1072  1177  1583  2589
16123    3441  1320  2834  2392
16124    3492  2334  1880  3793
16125    1982  1980  2355  3958
16126    2124  1202   446   471
16127    3468  2230  2356  2096
16128    2334  2932  3793   556
16129     855  1355  4074  4099
16130    2218  1560   791  1108
16131      10   557  1561  1710
16132    2702  2510  1118  1710
16133    2686  2685  1895  2486
16134     854   855  2047   853
16135    3157  1109  2700  2932
16136    2932    12  1560  2708
16137     557    12  1560  2932
16138    1118   789  1753  1754
16139    1718  3405  4088  1584
16140     790  1561   382  1710
16141    1003  2932  3445  1109
16142     382   790   540  1119
16143    1107   556  3793  1109
16144     229   231  2262  1054
16145    3468  1175  4026  1980
16146    3199  3938   998  3967
16147    3157   358  3156   243
16148    2045  2932  2700  1109
16149    2030  4035  3123  3461
16150     940  2239  2630   474
16151    2144  3515  3491  1981
16152    2799   875  3779  1082
16153    2045  1109  2700  1107
16154    1002  1109  1108  2932
16155    2045  1109  3445  2932
16156     405  1684  1748  1389
16157    1754   789   541  2893
16158    1566  1046  2698  2696
16159    2932   241  3445  2045
16160     855  1355  2047   853
16161    1003  1109  3445  1107
16162    2488  2505  3156  1002
16163    2045  3520  3445  1107
16164     380  1120  4088  3405
16165    2932  2488  1002  2505
16166    3083  3843  1571  3724
16167     789  1560   791   557
16168    2932  2708  1002  2488
16169     791  2893   541   789
16170    3391   544  1718  1584
16171    1110  2127  2698  4099
16172    2489  2893   789  2503
16173    1584  3405  4088  2591
16174    3566  1731  2082  3594
16175     105   877  3975   107
16176    2696  4099  2698  2127
16177    2489  2503   789   557
16178    2489  1854   789  2893
16179    1108   789   791  1002
16180    1854  2489   789   557
16181    1119  1118   540  1753
16182    4009  4083  3123  3469
16183    1710  2882   382  1853
16184    2867   895   854   855
16185     790  1710   382  2702
16186    1853  2702   382  1710
16187    1853  2882   382   539
16188     539  2702   382  1853
16189     790  2702   382   539
16190    1561  2893  2218    11
16191    2322  1470  4088  2803
16192    2218  1854   791   557
16193     789   557   791  1854
16194    2218  2893   791  1854
16195     789  1854   791  2893
16196    1583  1120   380  1709
16197    3405  3731   380  1120
16198    1709  1583  1718  1875
16199     252   251   380  1583
16200    1583   251   380  1177
16201    1583  1177   380  1120
16202    2322   251   380   252
16203     251  2322   380  1177
16204    1120  1177   380  2322
16205    1709  1875   381  1583
16206    3405  3731   381   380
16207    3405  1875   381  3731
16208     380  1583   381   252
16209    1875   252   381  1583
16210     791   789   541  1753
16211    4088  1120  1119  3405
16212     252  2322   381   380
16213     252  1875   381  2322
16214    4088  2322  1119  1120
16215     542   544  1718  1875
16216    1584   544  1718   542
16217    3731  1875  1718  3405
16218    3405  1584  1718  3731
16219    2359  1584  1718   542
16220     542  1875  1718  2359
16221    3731  1584  1718  2359
16222    2359  1875  1718  3731
16223     382  2882  2320   539
16224    1709   539  2320  2882
16225     380   382  2320  1120
16226     380  1120  2320  1709
16227    1572   806  2448  1385
16228    2334  1354   854  2383
16229    1500  3402  3853  2795
16230    1981  3770  3491  2144
16231    2334  2333  3793  2383
16232    3520  2383  3793  2333
16233     967  4099  1880  2334
16234    1107  3520  1880  3793
16235    2334  2383  3793  1354
16236     940  1828  2630  2239
16237    2334  1354  3793  2867
16238    2334   895  3793   896
16239    2485  1842  1895  3871
16240    2334   896  3793  3492
16241    2334  2867  3793   895
16242    2334  3492   854   896
16243     855   896   854  3492
16244    2334   896   854   895
16245     855   895   854   896
16246    1078  1631  1648  1632
16247    1355  1715  2047   853
16248    4099  1715  2047  1355
16249    2127   853  2047  1715
16250    1715  4099  2047  2127
16251    3591  3593    81    82
16252     966   967  4074   968
16253     966  1047  1112  4074
16254    1110  1046  2698  1566
16255    2696  1046  2698  1047
16256    1919  3982  1605  3908
16257     914  1749  1387  1487
16258     966  2696  2698  1047
16259    3156  2045  2700  2044
16260     854  4099   967  2334
16261    1855  2091  2059  2036
16262     854  2334   967  3492
16263    1078   853  2046  4113
16264    1078   853  4113  1047
16265    1648   853  2046  1078
16266    4113  1631  2046  1078
16267     431  3744  1808  2038
16268    1078  1047  4113  1631
16269    4113   853  2046  2047
16270    3489  1047   966  2711
16271    1046  1631  4113  1047
16272    2474  1025  2108  1787
16273    2037  2036  2059  2058
16274    2039  1809  2328  1632
16275    1809  2039  2328  1359
16276    4039  2039  1220  1359
16277    4016  1874    83    82
16278    2127  1631  2477  1078
16279    1648  1632  1220  4039
16280    2651  2907   436  3159
16281     431  3460  1808  3744
16282    2328  2039  4039  1359
16283    3591  3593  3592  3653
16284    2508   429  1219  1220
16285    2711  1047  1045  1046
16286    1211   777  2338  1213
16287    2832  3424  2425  3428
16288    4153  1682   404  1970
16289    1809  3424   429  1807
16290    3344  3343  2372  3843
16291    1807  3460   430  1809
16292    1809  2328   430   429
16293    1809  3460   430  2328
16294    3720  4016  3616  3466
16295    2328  4039   430   429
16296     430  4016  2425  3460
16297    3460  3107  1808  1807
16298    1874  1873  2091    83
16299    3591  3107    81  3593
16300    2508  3593  1220  3653
16301    4039  3593  1220  2508
16302    2508  2711  2507  1045
16303    1045  2711  1566  2733
16304    2732  2696  2476  2733
16305    1220  2508  1045  2711
16306    3732  2995  2797  3402
16307    1045  3424  2507  2715
16308    3695  3424  2832  3694
16309    3527  3517  2418  2063
16310    1219  3424  2425  2832
16311    1648  1632  1045  1220
16312    1220  2711  1045  1648
16313    1046  1047  3489  2711
16314    4113  1047  3489  1046
16315    1220  1648  3489  2711
16316    2046  1648  3489  1220
16317    1047  1046  2476  2696
16318    4113   968   966   853
16319    1807  3593  3591  1809
16320    2715  1220  3694  2508
16321     799  1683  1572   806
16322    1682  1683   475   473
16323    2091  2090  2092  1873
16324    1047  1631  2476  1046
16325     429  1809  2507  3424
16326    1566  2733  2715  1045
16327    1045  1046  2715  1566
16328    2715  2508  2507  1045
16329    3695  2508  3694  1220
16330    1002   789  1754  1108
16331    1078  1631  2476  1047
16332    3490  2200  1457  2630
16333    2701  4074  1112  1111
16334     966   853  2476  1047
16335    2476  1361  3598  2732
16336      82    83  3108    81
16337    3520  3793  3444  1880
16338     789  1002  1754  1003
16339    3489  2711  1566  1046
16340    2733  2711  1566  3489
16341    3694  3424  2832  2715
16342    3489  4113  1566  2733
16343    3489  1046  1566  4113
16344    2127  3492  2477   896
16345    2733  4113  1566  1361
16346    1360  1361  1566  4113
16347    4113  1046  1566  1631
16348    4113  1631  1566  1360
16349    1632  2039  2715  1220
16350    2715  2039  3694  1220
16351    2328  1809  2507   429
16352    4039   429  2507  2508
16353    4039  2328  2507   429
16354    2715  3424  2507  3694
16355    3694  2508  2507  2715
16356    2508  3653  2507  3593
16357    3424  3593  2507  3653
16358    1809  3593  2507  3424
16359    2328  3593  2507  1809
16360    4039  3593  2507  2328
16361    2508  3593  2507  4039
16362    3695  2508  2507  3694
16363    3694  3424  2507  3695
16364    3653  2508  2507  3695
16365    3695  3424  2507  3653
16366    3107  3467  2833   429
16367    1055  3711  4017  3971
16368    3467  3593  2833  3653
16369    3593  3467  2833  3107
16370    1982  3468  3470  1980
16371    1219   430   431   429
16372    2833   429  2832  3107
16373    1807  3107  2832   429
16374    3653  3695  2832  2833
16375    3653  3424  2832  3695
16376    3653  3593  2832  3424
16377    2833  3593  2832  3653
16378    3593  3107  2832  1807
16379    2833  3107  2832  3593
16380    1219   432   431  2425
16381    3171  3851   856  2449
16382    3695  3653  3592  2732
16383    2425  3460   431   430
16384    2507   429  1219  2508
16385     429  4016  1219   430
16386    3566  3595  2082  3490
16387    1219  2507  2425  3424
16388    2507  3424  1219   429
16389    3412   646  1856  3901
16390    1981  1980  3470  4026
16391    2832   429  1219  3424
16392    2833  3467  1219   429
16393    4009  1980  1982  3123
16394    2832  2833  1219   429
16395    1855  2756  2059  1872
16396    1219  2833  2425  3467
16397    3428  3467  2425  2833
16398    1219  2832  2425  2833
16399    3428  2833  2425  2832
16400    1524  3901  1523  2905
16401    3519  3527    76  3517
16402     432  3428   431  2425
16403    4026  2096  2356  2911
16404    1980  3461  1982  3123
16405    1981  4026  3470  2356
16406    2123  3958   447  2911
16407    1981  2124  3470  3977
16408    3977  2124  3470  3468
16409    2699  4083  4009  1203
16410    2045  1107  3445  1109
16411    3468  2563  3470  3977
16412      50  1745    49    51
16413    3151  1730  3861  1732
16414    2355  2356   447  3958
16415    3151  2474  2920  3484
16416    1138  3469  1982  3461
16417    2359  3731  3406  3404
16418    3470  2563  1458  1981
16419    4026  1980  2355  4009
16420    1981  2563  1458  3770
16421    4026  1980  3470  3468
16422    3977  2563  3470  3770
16423    1982  1980  3470  1981
16424    2701  4074  1111   967
16425    1173  1202   446  2124
16426    1173  2107   446  1202
16427    1580  1173   446  2124
16428    2144  3770   446   973
16429    2107   973   446  3770
16430    2144   973   446  2107
16431    1173  1580   446  2107
16432    3566  3594  3567  1731
16433     474  2243  1459  2239
16434    3595  3491  3594  2145
16435    1980  1175  1982  3468
16436    1473  3468  1982  1175
16437    3468  3673  1982  3469
16438    3468  1473  1982  3673
16439    1980  3958  1982  2911
16440    3469  2911  1982  3958
16441    1980  2911  1982  1175
16442    1473  1175  1982  2911
16443    3673  2911  1982  3469
16444    3673  1473  1982  2911
16445    3515  1980  1981  4026
16446    1459  1787  2201  2862
16447    3515  4026  1981  2356
16448    3977  3770  1981  1580
16449    3491  2107  2145   446
16450    2123  1981   447  3515
16451    1580  3770  1981   973
16452    3977  1580  1981  2124
16453    2144   973  1981  3770
16454    1981   446  2124  1580
16455    3515  2124  1981  2144
16456    2144  2107  1981   973
16457    1580   973  1981  2107
16458     446  1580  1981  2107
16459     446  1981  2124  2144
16460     446  2107  1981  2144
16461    1840  2607  1745  2606
16462    1981  3515  3491  2040
16463    3988  4002  4003  3989
16464    3445  2045  1111  3444
16465    3490  3595  2145  3491
16466     446  2144  2145  3491
16467    2239  1458  1459  1457
16468    1459  2108  2201  1787
16469    1458  3770  3491  1981
16470    3565  2922   474  2243
16471     446  3770  3491  2107
16472    2122   446  1730  2891
16473    3770  2107  3151  3491
16474    3594  1929  1731  1732
16475    2145  2107  1929   446
16476    1731  1732  3861  1730
16477    1469  3404  3403  1471
16478    3492  1715  1110  1355
16479    2356  2230   447  2911
16480    1573  1572   798   799
16481    2356  2144   447  3515
16482    3595  2040  3594  3491
16483    2045  3520  2700  3444
16484     790  1118   540  1119
16485    1458  2040  3594  3595
16486    2356  3515   447  1981
16487    2123  3470   447  1981
16488    1748   799   800  3851
16489     800  2313  1682  1683
16490    1459  2862  2201  1759
16491    1110  1046  1112  1047
16492    1228  4012  1605  3796
16493    2044  1003  1752  1002
16494    2030  4035  2355  4009
16495    2145  1929  1731  3594
16496    3492  1355  4074   855
16497     446  2124  2123  2144
16498    3515  2144  2123  2124
16499     854  3492  4074   855
16500    1981  3515  2123  2124
16501    3079  2995  3018   533
16502    3470  1981  2123  2124
16503    3157  1107  2700  1109
16504    3470  2124  2123  3468
16505    3156   358  2700   241
16506    2701  2045  2700  1111
16507    2911  2230   447  2124
16508    3594  1458  1731  2040
16509    2200  2108  2201  2920
16510    3403  2803  3406  1469
16511     448  2124  2122  2123
16512     470   471  2122  2891
16513    3745   106  1422  4131
16514    2124   471  2122   470
16515     446  2124  2122   448
16516     446   471  2122  2124
16517     446  2107  2122   471
16518    2891  2107  2122   446
16519    2891   471  2122  2107
16520     448   446  1730  2122
16521     448  1732  1730   446
16522    2122  1732  1730   448
16523     446  2107  1730  2891
16524    1732  2107  1730   446
16525    1787  2920  2921  3566
16526    2145  1929  3861  1731
16527    3566  2922  2082  3565
16528    4009  1980  2355  1982
16529    4009  1203  2355  2030
16530     279  2030  2355  1203
16531    1982  3958  2355  3469
16532    1982  3469  2355  4009
16533    4083  1203  2355  4009
16534    4083   279  2355  1203
16535    2911   279  2355  4083
16536    2355  2911  2030   279
16537    4083  3958  2355  2911
16538    3469  4083  2355  4009
16539    3469  3958  2355  4083
16540    2356  1981   447  3470
16541    3468  2230   447  2356
16542    3468  2124   447  2230
16543    3470  3468   447  2356
16544    2123  3468   447  3470
16545    1111  4074  1112  3444
16546     489  3871    51   488
16547    2932   241  2700   358
16548     967  4099  4074   968
16549    1002  1107  1003  3520
16550    2322  1584  4088  1470
16551    1469  3390  3406  3404
16552    1002  1109  1003  1107
16553    1002  2932  1003  1109
16554    2843  3938   998  3199
16555    1718  2322  4088  1875
16556    1002  2505  1003  2932
16557    2322  1120  4088   380
16558    3156  3157  2700   358
16559    2503  2893  1754   242
16560     789  2893  1754  2503
16561    1718  1584  4088  2322
16562     789  1560  1754  1108
16563     557  1560  1754   789
16564     790   539   540  1118
16565    2503   557  1754   789
16566    2503   242  1754   557
16567    3157  2932  2700   358
16568    3851  2449  3170  4155
16569     763  1082  2156   875
16570    1857  1855  3269  4076
16571     852  3765   783  3890
16572     851  2582  1966  3220
16573    4150  3264  3265  1920
16574    2045  3520  3444  3445
16575    3445  3520  3444  1003
16576    3157  1111  2700  3444
16577    2713  2860  2712  2658
16578    1705  3353  2541  1706
16579    1566  2696  2698  2733
16580    1985  3986  4146  4019
16581    3793  1354  3444  2867
16582    3793  2383  3444  1354
16583    3520  2383  3444  3793
16584     967  3492  4074   854
16585     854  4099  4074   967
16586     854   855  4074  4099
16587    2504   243  3156   241
16588    3157  3520  2700  1107
16589    1355  1715  1110  4099
16590    1715  2127  1110  4099
16591    2698  3492  2697  2696
16592    1108  2708  3156  1002
16593      95  1662  1128  1663
16594    3157  3444  2700  3520
16595    2708  2488  3156  1002
16596    1753   789   541  1754
16597    3793   895  2701   896
16598    3156  3445  2044  1003
16599    1110  4099  2698   968
16600    2696   968  2698  4099
16601     966   968  2698  2696
16602    1110   968  2698   966
16603    1880   967  1111  3444
16604    2701   967  1111  1880
16605    1115  1082  2156  1588
16606    2701  1880  1111  3793
16607    3444  3793  1111  1880
16608    4150  1855  3269  1857
16609     241   243  3156   358
16610    3444  2867  1111  3793
16611    3793   895  1111  2701
16612    3793  2867  1111   895
16613    1111  1110  1112  2701
16614    1110   966  1112   968
16615    4074   968  1112   966
16616    1985  4029  3779  1643
16617    2045  3445  2044  3156
16618    1110   968  1112  4099
16619    4074  4099  1112   968
16620    3492  1355  1112  4074
16621    1110  1355  1112  3492
16622    1355  4099  1112  4074
16623    1110  4099  1112  1355
16624    2698  1110  2697  3492
16625    2701  1110  2697  2698
16626    3343  3083   341  2372
16627    1003  2505  3156  3445
16628     761  2771  1406  1405
16629    2045   241  2700  2932
16630    3110  3112  3111  3297
16631    1110  2701  2697  1112
16632    1112  3492  2697  1110
16633    3793   896  2697  3492
16634    2701   896  2697  3793
16635    1112  4074  2697  3492
16636    2701  4074  2697  1112
16637    1880  3793  2697  3492
16638    2701  3793  2697  1880
16639    4074   967  2697  3492
16640    2701   967  2697  4074
16641    1880   967  2697  2701
16642    1880  3492  2697   967
16643    1111   895  3157  2701
16644    3444  2867  3157  1111
16645    2867   895  3157  1111
16646    2867   358  3157   895
16647    3444  1354  3157  2867
16648     358  2867  3157  1354
16649    3520  2383  3157  3444
16650    2383  1354  3157  3444
16651    2383   358  3157  1354
16652    2383  2333  3157   358
16653    3520  2333  3157  2383
16654    1754  2893  1752   242
16655    1107  2333  3157  3520
16656    1754  1003  1752  3445
16657    2322  1177  1119  1120
16658    1107  1109  3157   556
16659    1107   556  3157  2333
16660     358  2333  3157   556
16661    2932   358  3157   556
16662    2932   556  3157  1109
16663    2708   243  3156  2488
16664    1560  2708  3156  1108
16665      12  2708  3156  1560
16666      12   243  3156  2708
16667      12   557  3156   243
16668    1560   557  3156    12
16669    2589  1177  1119  2322
16670    1584  2591  4088  1470
16671    3156  1560  2044   557
16672    1867  2803  3403  1469
16673    1822  3730   196   720
16674    3156  1003  2044  1002
16675    1471  1867  3403  1469
16676     489   662    51  3871
16677    1470  2591  4088  2803
16678    3156  1108  2044  1560
16679     489   488    51  1745
16680    3156  1002  2044  1108
16681    2045  1107  2700  3520
16682     539  2511  1753  1118
16683     789  1118  1753   791
16684     972  2563  1457  1760
16685    2044   243  1752  2893
16686    1119  4088   540  2322
16687    3565  2243   474  1751
16688    1118  1710  1753  1561
16689    2045  3445  1752  2044
16690    1118  2511  1753  1710
16691     541  2044  1752  2893
16692     791  1118  1753  2218
16693    1754  1753  1752   541
16694    1118  1561  1753  2218
16695    1718  1875  4088  3405
16696     381   380  4088  3405
16697    2322   380  4088   381
16698     381  3405  4088  1875
16699     381  1875  4088  2322
16700     382  1120  1119  2320
16701    1471  3404  3403  3730
16702    1583  1120  1119  1177
16703    1583  1177  1119  2589
16704     540   539   541  1753
16705    3344  3843  2372  2373
16706    1120  1583  1119  1709
16707    1120  1709  1119  2320
16708    2322  2892   540  2589
16709    2892   539   540  1583
16710    2320   382   540  1119
16711    2320   539   540   382
16712    1583  2589   540  2892
16713    1119  2589   540  1583
16714    1709  1583   540   539
16715    1119  1583   540  1709
16716    2320  1709   540   539
16717    1119  1709   540  2320
16718    2218   791   541  1753
16719    2218  2893   541   791
16720    1561  1710   541  2893
16721    1753  1710   541  1561
16722    2511   541   539  1753
16723    1710  2511   541  3373
16724    1753  2511   541  1710
16725    2218  1561   541  2893
16726    1753  1561   541  2218
16727     242  2893  1752   243
16728    1754   242  1752   557
16729    1108  1002  1752  1754
16730    2044  1002  1752  1108
16731     557   243  1752  2044
16732     557   242  1752   243
16733     557  1560  1752  1754
16734    2044  1560  1752   557
16735    2044  1108  1752  1560
16736    1754  1560  1752  1108
16737    3083  3843  2372  3343
16738    2393  3803  3440  2394
16739    1284  2485  1895  1282
16740    2686  2486  1895  1284
16741    3938  3377  3967  3560
16742     663    50    49  2125
16743     997  2485  2778  1895
16744    3476  2486  2686  1284
16745    3925  1867  3403  1471
16746    1471  3730  3403  3925
16747    3404  3730   196  1822
16748     720  3407  3403  3730
16749    3925  3730  3403  3407
16750    3925  3407  3403  1867
16751     720   543  3403  2662
16752    1867  3407  3403  2662
16753     720  2662  3403  3407
16754     325   346  3403  1867
16755     325  3392  3403   346
16756     543  3939  3403  2662
16757    3939  3392  3403   325
16758    1867  2662  3403  3380
16759    3939  3380  3403  2662
16760    1867  3380  3403   325
16761    3939   325  3403  3380
16762    2685  2486  1840   489
16763     489  2486  1840  1284
16764    2028  1842  3027   997
16765    1284   662  1840   489
16766    1284  1282  1840  2606
16767    1746  1868   196   195
16768    1284  2606  1840   662
16769    2606  1282  1840  1286
16770    2392  1320  2391  1319
16771    3938  1962  3199  2843
16772    2606  1286  1840  2607
16773    3403  3730  1822   720
16774    2607  1286  1840  3561
16775     488  3871    51    50
16776    1895  2485  2778  1842
16777    1284  2486  1895  2485
16778    1821  1840   194  3476
16779     488    50    51  1745
16780    2803  3405  3406  3731
16781     663  3345  1746  2661
16782    1821  3345  1746   719
16783     663   719  1746  3345
16784    3345  2660  1746  2661
16785    2155  1525  3689  1644
16786    1283  3345  1746  1821
16787    1283  2660  1746  3345
16788    1747  2984  1746  2660
16789    1821    49   347    50
16790    1747  1283  1746  1821
16791    1747  2660  1746  1283
16792    1747   347  1746  2984
16793    1821   347  1746  1747
16794     132   876  1405  2421
16795     663  2661    49    50
16796    1746  2661    49   663
16797    4034  3639  2652  3638
16798    1746  2660    49  2661
16799      50  2661    49  2660
16800    1746  2984    49  2660
16801      50  2660    49  2984
16802    1746   347    49  2984
16803      50  2984    49   347
16804    2438  2319   774  1897
16805    1897  1038  2342  1207
16806     720   543  1822  3403
16807    1469  3404  3406  3403
16808    3403  3392  1822   346
16809    1822  1867  1746  3403
16810    1867   346  1822  1868
16811    3403   346  1822  1867
16812    3403   543  1822  3939
16813    3405  2803  3406  4088
16814    3403  3939  1822  3392
16815    3403  3404  3406  1822
16816    1962  3938  3199  3967
16817     720   543   196  1822
16818     720   195   196   543
16819    1868   346   196   195
16820    1822   346   196  1868
16821    1822   543   196  3939
16822     195  3939   196   543
16823    1822  3392   196   346
16824     195   346   196  3392
16825    1822  3939   196  3392
16826     195  3392   196  3939
16827    2803  3391  3406  3390
16828    3404  3390  3406  3391
16829     542  2803  3406  2359
16830     542  2359  3406  3404
16831    2803   544  3406  3391
16832    3404  3391  3406   544
16833     542  3404  3406   544
16834     542   544  3406  2803
16835    1840  2685  3476  2486
16836    1840  2486  3476  1284
16837    1745  1842  3476  1840
16838      51  1842  3476  1745
16839    1284  1282  3476  1840
16840    1821    50   194  1840
16841    3938  1961  3967  1962
16842    3490   972  1457  1760
16843      51  1745  3476  3561
16844    1840  3561  3476  1745
16845    1286  3561  3476  1840
16846    1840  1282  3476  1286
16847    1907  1005  2541  1706
16848    3561  3871  1895  2686
16849      51  1842  2686  3476
16850      51  3871  2686  1842
16851     490  4002  2028  3871
16852    1284  1282  2686  3476
16853    3871  4002  2028    51
16854    4034  3638  3642  3532
16855    3353  1963  2541  1706
16856    3561    51  2686  3476
16857    3561  3871  2686    51
16858    1286  3561  2686  3476
16859    3476  1282  2686  1286
16860    3353  3599  2540  2541
16861    1087  4002  2028  2157
16862    3476  2685   194  2686
16863    2146  3377  3967  3938
16864    3967  3377  3200  3560
16865    4002   996  3200  3377
16866    3200   996   998  3199
16867    4125  3989  2155  2146
16868    1300  2771  2712  3223
16869      50   347   194  2685
16870    1821   347   194    50
16871    1283  3345   194  2685
16872    1821  3345   194  1283
16873    1821  1747   194   347
16874    2685   347   194  1747
16875    1747  1283   194  2685
16876    1821  1283   194  1747
16877    1286  2485  1895  3561
16878    1286  1282  1895  2485
16879    2686  1282  1895  1286
16880     997  3377  2778  3560
16881    2157  1842  1841  1087
16882     996  3542   997  2485
16883    3199  3967   998  3200
16884    3751  3799  3241  2229
16885    1285  3542   997   996
16886    4002  3377   997   996
16887    2028  3377   997  4002
16888    2828   901  1644  1525
16889     996  3560   997  1285
16890    3560   996   997  3377
16891    1665  1468   710  3208
16892     997  3067  2778  3027
16893    3151  1929  3861  2145
16894    1285  1842  2778  3542
16895    3353  1705  2541  3303
16896    3027  1842  2778   997
16897    2843  1962  3199  3276
16898    1103  2848  2389   672
16899    1705  1961  3303  2844
16900    3353  2420  3303  2844
16901    2028  4002  3027  2784
16902     997  4002  3027  2028
16903    3200   996  3027  3067
16904     996  4002  3027   997
16905    2541  1963  2540  1965
16906    1038  3304  3044  3110
16907    1927  1644  2541  2371
16908    3200  4002  3027   996
16909    3200  3067  3027  3967
16910     106  2645  2105  1364
16911    3967  3067  3027  3938
16912    3938  2146  3027  3967
16913    3938  3067  3027  2843
16914    3938  1086  3027  2146
16915    2843  3067  3027  3276
16916    1086  2784  3027  2146
16917    1086  3276  3027  2784
16918    2843  3276  3027  1086
16919    2842  3689  1705  2420
16920    1363  2860  2712  2713
16921    1084  1587  1298  1300
16922    2771   133   761  1364
16923    2155  2146  3689  4125
16924    1409  1680  1411  1410
16925    3441  3829  1320  3828
16926    3276  2843   998  3199
16927    3276  3067   998  2843
16928    3199  3067   998  3276
16929    1405  2421  1114   132
16930    1924  2319   774   772
16931    3892  1704  3370  1004
16932    3871  4002  4003   490
16933    2420  1961  1705  2844
16934    2075  3441  3828  2207
16935    2784  3027  1706  1705
16936    1611  2224  3729  3749
16937     423    31   156    32
16938    1103  1664  3370  2118
16939    1907  2829  1004  1006
16940    1468   711  1927   710
16941    1907  1706  2842  1005
16942    2541  1928  1927  2371
16943    1914  1468   710  1665
16944     672  2848  1293   670
16945     671  1468   710   866
16946     670  1468   710   671
16947     671   866   710   670
16948    1835  2176  1833  2088
16949    1914  1913   710  1468
16950     866  1913   710  1914
16951     866  1468   710  1913
16952    2182  2976   743  2066
16953    4029   876  3779  4037
16954     711  1006  2539   865
16955    1234  3865   782   850
16956    2539  2118  3370  1664
16957    2541  1006  2539  1004
16958    2604  2075  3828  3829
16959    1914   866   711   710
16960    1914   903   711   670
16961    3208  1665   711   710
16962    1665  1914   711   710
16963     423   156  1571   422
16964     711  1468  1927   865
16965     775  2429  2520  2225
16966    1706  1705  1704  2541
16967     711   865  2539  1468
16968     865  1006  2539  1964
16969    1965  2371  2540  2541
16970    1414  1103   711  2389
16971    1965  1963  2540  3207
16972     672  3890  1103  2291
16973    2224  2666  2225  3432
16974    3599  3207  2540  1963
16975    2075  1319  2391  2207
16976    1006   711  2539  2390
16977    2390   711  1927  1006
16978    2785  1706  3988  1705
16979     711  2390  1927   901
16980    1006   711  1927   865
16981    2483   885  2484  2775
16982     901  1414  2389  2828
16983    1004  1907  1704  2829
16984    1965  2371  2842  2420
16985    1706  1963  1644  2842
16986    3200  3967  4125  3377
16987    1963  3599  2842  3353
16988    2155  1086  3689  2146
16989    3892  1006  3370  2390
16990    2371  1963  2541  1965
16991    1835  1834  1833  2176
16992    2392  1320  3828  3441
16993    1006  2541  1927  1004
16994     762  1362   761  1364
16995    3578   374  2296  4105
16996     903  1408   902  2848
16997    2541  1006  1927  2540
16998    2785  1005  3988  1706
16999    2785  1907  3988  1005
17000    1408  1103  2848  2389
17001    2834  2392  2391  3803
17002    3799   554  3241  2229
17003    1642  1643  2604  3531
17004     903  2848   902   672
17005     902   903  2291  1408
17006    2828  1414  2389  2390
17007     901  1414   903   711
17008     711   901  2389  1103
17009    2848  1408   902  1293
17010    1983  2207  2391  1319
17011    2225  2429  2520  3473
17012    2834  1319  2391  1320
17013     711   901   902   903
17014    2010   941   903   672
17015    1293   670   902   672
17016    1964  3208  2539   865
17017    2291   672  1680  1408
17018    2828  2390  2539   901
17019     864  3208  2539  1468
17020     865  3208  2539   864
17021     864  1468  2539   865
17022     901  2390  2539   711
17023     711   710  2539  3208
17024    1468   710  2539   711
17025    1468  3208  2539   710
17026    3208  1665  2539   711
17027    3829  3441  1320  2834
17028     902   670   711   903
17029    1103  1414   672  2389
17030    3370   672   941  1103
17031    3370  1414   672  1103
17032     850  3866   782  1234
17033     483   588   587  3496
17034    3720  3467    82   429
17035     670  1914   903   941
17036     941  3370  1665  1914
17037    1405  1113  1406   762
17038    2555  1407  4019  1985
17039    1406  1082   763   875
17040    1103  1006  3892  2390
17041    3869  3238  1320  1319
17042    1103  2390  3892  2828
17043    2828   901  3892  1103
17044     875  1082  1084  1587
17045     901   711  3892  1103
17046    2539  2390  3370  1006
17047     711  1103  3370  3892
17048    1103  1414   711  3370
17049    1414  3370   672   903
17050    2539  1664  3370   941
17051    1103   941  3370  1664
17052    3892  2390  3370  2828
17053    2539  2828  3370  2390
17054    3892   901  3370   711
17055    2539   711  3370   901
17056    3370  1914   711  1665
17057    2539  1665  3370   711
17058    3370   903   711  1914
17059    3240  1984  2555  3780
17060    3370   672   903   941
17061    3892  2828  3370   901
17062    2539   901  3370  2828
17063    2539  1665   941  3370
17064     903  3370   711  1414
17065    1665  2539   941  3208
17066     903  3370   941  1914
17067    4019  1407  4146  1985
17068    4146  1082  1657  1588
17069    2147  1927  2842   712
17070    2652  3638  3642  4034
17071    3531  2604  3828  3829
17072    2317  4029  3779  1985
17073    3829  1320  3828  2392
17074    2028  2784  2785  4002
17075    1588  2317  3779  2799
17076    2541  2829  1644  1704
17077    3989  1962  3988  1705
17078    2667  3439  3440  1742
17079    4019  1643  2555  3986
17080    3638  4029  3639  3779
17081    1927  1928  2842  2371
17082    1983  1319  2391  2834
17083    3276  1086  2842  2147
17084    3441  3803  3828  2392
17085     105  1364   107  2645
17086    1006  2390  1644  1525
17087    3531  3532  3828  3441
17088    3531  3441  3828  2604
17089    2604  3441  3828  2075
17090    1742  3439  3442  2667
17091    2652  3639  2653  3638
17092    4146  2317  1657  1407
17093    2652  4034  1642  3639
17094    3975   133   403  3991
17095    1983  3738  3238  1984
17096    1082   875  3779   876
17097    2424   432  4150  3264
17098    1301  2767  1298  3223
17099    2421  2126  3640  1114
17100    4052  3693  1986  2026
17101    2667   553  1742    33
17102    1983  1984  3635  3634
17103     271  3487  2943  3488
17104    3828  3441  3440  3803
17105     102  2521  2520  3751
17106    4146  1588  1657  2317
17107    3532  3639  1642  4034
17108    3238  3240  1983  3237
17109    1643  4029  1115  1985
17110    2541  1704  1644  1525
17111    2771  2767   761  3223
17112    4029  3639  1115  3638
17113    1704  1004  1644  1525
17114    2540  1928  1927  2541
17115    1927  2371  2842  1644
17116     763  1588  2156  1082
17117    3640  3642  3641  3638
17118    2105  1298   877  1301
17119    1704  2829  1644  1004
17120    2555  2317  4019  1407
17121     373  3578  4041   372
17122    2317   876  3779  4029
17123    3531  3639  2604  1642
17124     876  4038  3779  4037
17125    2394  3803  1742  2392
17126     876  2317  3779  1082
17127    1644  1525  3689  2147
17128    3532  3639  3531  1642
17129    1082  1588  3779  2799
17130    1410  1680  3765  3584
17131    3532  3638  3531  3639
17132    2429   102  2520  1742
17133    2326  2360  2901  3541
17134    2555  4019  3237  3240
17135    1213  1211  1524  1522
17136    4136  2649  3724  1820
17137    3779  4038  2653  4037
17138    1642  1643  2075  2604
17139    3869  1320  2646  1321
17140    2799  1407  1657  2317
17141    2652  3638  2653  3642
17142     615  1798  2444  1803
17143    3367  2519  3318  1769
17144    3780  1984  3635  1983
17145    3738  3869  2646  2622
17146     590  2676  3176   501
17147    2461   877  3975  2106
17148    3799   553  3751  3750
17149    3751   553   102  3750
17150    2799  1985  1657  1407
17151    4037  4029  2653  3779
17152    2888  3149  3659  4105
17153    3466  2756  4012  3616
17154     648  3901  1878   646
17155    4037  2652  2653  4029
17156    4146  1657  3240  3780
17157    4029  2652  2653  3642
17158    2653  3532  3634  2604
17159    4029  3642  2653  3779
17160    3986  1643  3779  2799
17161    3986  1985  3779  1643
17162    2799  1985  3779  3986
17163    2799  1588  1657  1082
17164    1082   875  1657  2799
17165    2555  4019  3635  3634
17166    1525  1004  1644  1006
17167    1643  1642  2653  2652
17168    3779  1642  2653  1643
17169    2652  3532  1643  4034
17170    3532  2653  2652  1643
17171    1706  1907  2842  1644
17172    3639  1642  2653  3779
17173    3639  2652  2653  1642
17174    3146  2027  2296  3150
17175    2799  3986  1657  1985
17176    2799  1643  1657  3986
17177    4019  1643  3986  1657
17178    4019  1657  3986  4146
17179    1657  2555  3634  4019
17180    3779  1643  1657  2799
17181    4019  1643  1657  2555
17182    2653  1643  1657  3779
17183    1657  2653  3634  2555
17184    1657  3779  3634  2653
17185    3986  1643  1983  2207
17186    3890  1680  3765  1410
17187    1983  1985  1984  3986
17188    2834  2604  2391  2075
17189    2604  2207  1643  2075
17190    2555  2653  1643  1657
17191    3532  2653  1643  2604
17192    2555  4019  3238  3237
17193    4105  3146  2027  2296
17194    1983  2555  3634  2604
17195    1985  1407  1984  2555
17196    1983  3986  1984  1643
17197    2555  1643  1984  3986
17198    1983  2555  1643  1984
17199    2604  1983  1643  2207
17200    1129  3247  3651  2148
17201    1983  2604  1643  2555
17202    1841  2784  2785  2028
17203    2146  2784  2785  1086
17204    2540  3207  1927  1928
17205    1706  2784  2785  1005
17206    1086  2784  2785  3276
17207    1706  1705  2785  2784
17208     875  1082  1587  1405
17209    2829  1006  1644  1004
17210    1004  1704  1927   712
17211     864  1468  1927  1928
17212    3027  3276  2785  2784
17213    3199  1962  2785  3276
17214    3199  3067  2785  1705
17215    3276  3067  2785  3199
17216    3027  3067  2785  3276
17217    3027  2784  2785  1705
17218    1705  3067  2785  3027
17219    4125  3989  4003  2155
17220    2157   490  4003  4002
17221    1087  1085  4003  4125
17222    1414   672  2848   903
17223    1962  3276  3988  2785
17224    1086  2146  3988  2785
17225    3967  3200  4125  3027
17226    3989  3276  3988  1962
17227    3209  1928  1927  3207
17228    3209  3207  1927  2540
17229    1706  1907  1644  2541
17230    3989  2146  3988  1086
17231    3989  1706  3988  1005
17232    3989  1005  3988  1907
17233    3303  2420  2842  1705
17234     875   876   763  1406
17235     912  2023   911  3745
17236    1963  2420  2842  3599
17237    2147  1525  2842  1644
17238    1644  1907  2842  2829
17239    1004  1704   712  1525
17240    1525  2390   712  1006
17241    1525  2828   712  2390
17242     901  2828   712  1525
17243     901  2390   712  2828
17244    1115  2317  2156  1407
17245    1525  1006   712  1004
17246    3200  3377  4003  4002
17247     763   876  1115  2421
17248    2147  2146  3689  1086
17249    3027  2784  4125  2146
17250     134   876   132  4038
17251     762  3223   761  2767
17252     865  1468  1927   864
17253    1408  2389  2848  1414
17254     712  1006  1927  1004
17255    1928  3209  1927  1964
17256    2540  1964  1927  3209
17257    1964   865  1927  1928
17258    1964  1006  1927   865
17259     483  3046   588  3496
17260     712   711  1927   901
17261     710   711  1927   712
17262     712   901  1927  2390
17263     712  2390  1927  1006
17264    2155  3276  3689  1086
17265    1115   875  2156  1082
17266    2155  2420  3689  3276
17267    2146  2157  4125  1087
17268    4002  3377  4003  1085
17269    4125  3377  4003  3200
17270    1300  1298  2712  2713
17271    2785  4002  4003  3988
17272    3027  4002  4003  2784
17273    2421  2126   132   105
17274    2785  2146  4125  2784
17275    1362  1364  1300  2771
17276    2421  3642  3640  3638
17277    2829  1644  3689  2147
17278    4002  1087  4003  2157
17279    3989  2146  4125  3988
17280    2155  1644  3689  2829
17281    3988  3989  4003  4125
17282    2421  4038  3640  4037
17283    4125  2157  4003  1087
17284    3988  2146  4125  2785
17285     763  1407  2156  2317
17286    2146  3377  4125  3967
17287    2829  1907  2155  3989
17288     763  1985  2156  1407
17289    1405  1082  1406   875
17290    3989  1907  2155  1005
17291    1405  2317  1406  1588
17292    3989  1005  2155  1706
17293    3989  1705  2155  1962
17294    1405  1114  1406  1113
17295    3989  1706  2155  1705
17296    2420  1961  3276  2155
17297    1961  2420  3276  2844
17298    1961  1962  2155  1705
17299    1705  2420  2155  1961
17300    1962  3276  2155  3989
17301    1962  1961  2155  3276
17302    3027  3200  4003  4002
17303    4125  3200  4003  3027
17304    2842  3276  3689  2420
17305    3689  2842  1705  2147
17306    2155  2829  3689  1907
17307    2147  1907  3689  2829
17308    2155  1705  3689  2420
17309    2155  1907  3689  1005
17310    2147  1005  3689  1907
17311    2155  1706  3689  1705
17312    2147  1705  3689  1706
17313    2155  1005  3689  1706
17314    2147  1706  3689  1005
17315    2421  4029  3640  3642
17316     761   133   107  1364
17317     133  2645   107  1364
17318    2126  1364   105  2645
17319    1300  3223  2712  1298
17320    1301  3223  2105  2767
17321    1300   877   403  2461
17322    1587  2771  1300  1084
17323    1113  1364  1114  1362
17324     134  4038  3991   876
17325    1114  1113   763  1406
17326     762  2767   761  1362
17327     133   106   107  2645
17328     105  2645   107   106
17329    1925  1855  1926  3908
17330    1114  2126   762   877
17331    1114   762  1364  1113
17332    1114   877   762  1113
17333     106   133   403  2645
17334    3592  1632  3598  2039
17335    2066  2587  3516  3369
17336    3975   133  3991   107
17337     763  3986  2156  1985
17338    1364   107  2126   105
17339     761   133   877   107
17340     133   761   877  2771
17341     761   762   107   877
17342     761  1364   107   762
17343     762  2126   107   877
17344     105   877   107  2126
17345     762  2126  1364   107
17346     762  1114  1364  2126
17347    2106  2105  1422   106
17348    2421  4038   132   876
17349     105  2126   132   134
17350    1114  3640  1115  3641
17351     762   761  1406  1405
17352    2105  2645  2106  1364
17353    1228  1925  1605  1926
17354    2461  2645  2106   106
17355    2106  2461   911   912
17356    4107  2587  2066  2183
17357    2976  2182  2184  2024
17358    2421  1114   132  2126
17359    2421   105   132   107
17360     134   133   132   107
17361    3991  2461   403  3975
17362     763   875  2156   876
17363    1406  1985   763  1407
17364    1115  1407  2156  1985
17365    3975   876  3991  4038
17366     107   133  3991   134
17367    1405  2771  1300  1587
17368    2126  1114   132   134
17369     134  4037   132  4029
17370    2421  4029   132  4037
17371     134  4038   132  4037
17372    2421  1405  1114  1406
17373     763  2317  2156  1588
17374     876  2421  1406  1405
17375    1405   875  1406   876
17376    2760  3191  3982  2757
17377    3640  3638  3641  3639
17378     763  1114  2156  1113
17379    1364   133  1300  2771
17380    2126  1114  3641  3640
17381    2421   876  3640  4038
17382    1406  1113   763   762
17383     744  2024  3811  2023
17384     762   761   763  1406
17385    3640  4029  3641  3642
17386    1082  1588  1587  1405
17387    1115  1985  2156  3986
17388    3640  4037  3641  4029
17389    1115  1114  2156   763
17390    1300  2767  1298  1362
17391    3640   876  3641  4038
17392    3640  4038  3641  4037
17393    2976  2024  2184  3055
17394    1405   762  1587  1113
17395    1113  1114  1587  1405
17396    2024  2023   744  2067
17397    3640  2421  1115   876
17398    2771   761  1084  1587
17399    1643  1985  1115  3986
17400     106  2645  2106  2105
17401    3641  3639  1115  1642
17402    1643  1642  1115  3639
17403    3638  4029  3779  3642
17404     875  1082  1115   876
17405    3641  3638  1115  3639
17406    3639  4029  1115  1643
17407    1115  1985  4029  2317
17408    3641  3642  1115  3638
17409    1115  4029  3638  3642
17410    2317  1407  1115  1985
17411    3975   877   403   133
17412    2317   876  1115  1082
17413    3641  4029  1115  3642
17414    1082  1588  1084  1587
17415    2317  1082  1115  1588
17416    2317  4029  1115   876
17417    3641  4037  1115  4029
17418     876  4029  1115  4037
17419    3641   876  1115  4038
17420    4037  4038  1115   876
17421    3641  4038  1115  4037
17422    3975  1587   876  1084
17423    1587   761  1084   762
17424    3598  1361  3758  1359
17425    1587   762  1084  1113
17426    1113  1114  1084  1587
17427    4037  4038  3991   134
17428    2066  3806   743  3516
17429    2658  2860  2919  1299
17430    2587  4107  2840  2714
17431     770  3297   749   520
17432    2184   745  2840  2067
17433    1299  3224  2919  2658
17434    2658  3224  2919  2067
17435    1084   762  1083  1113
17436    2429  3432  2225  2666
17437     106  2645   403  2461
17438    1300  1362  1298  1364
17439    1301  1364  1298  1362
17440    2338   777  2960  2249
17441    1876   648  1878   647
17442     744  1299  3811  2105
17443    1298  1301  2105  1364
17444    1298  1364  2105  1300
17445     912  2106  3811  2105
17446     106  1364  2105  2767
17447    1362  1364  2105  1301
17448    1362  2767  2105  1364
17449    1301  2767  2105  1362
17450    1300  2105   877  2461
17451    2105  1364  2461  1300
17452    2461   877   403  3975
17453    2840  2067  3516  2919
17454     403   133  1422   911
17455     744  2105  3811  2106
17456    2126   877  3975   105
17457    1405  1114  3975   132
17458    1114   877  3975  2126
17459    1084   877  3975  1114
17460    3975  1587  1114  1405
17461    3975  1084   876   877
17462    1587  3975  1114  1084
17463     134   876  3991   132
17464    2126   105  3991   134
17465    3975   105  3991  2126
17466    2767   106  1422  2105
17467     132  1114  3991   134
17468    3975  1114  3991   132
17469    1114  2126  3991   134
17470    3975  2126  3991  1114
17471    3975  1405   876  1587
17472    3975   132   876  1405
17473     132  3975   876  3991
17474    1300   133   877  2771
17475     133  1300   877   403
17476    1300  1364   403   133
17477    2461  1364   403  1300
17478    1364  2645   403   133
17479    2461  2645   403  1364
17480     912  2105   911  2106
17481    1604  2424  4150  3264
17482     912  2023  3811  2024
17483    1253  2621  2113  1251
17484    3055   745  2184  2976
17485    2461  2106  3811   912
17486    2767  3223  1422  2644
17487    2644   106  1422  2767
17488     911  2105  1422  2106
17489    3224  2067  2184  2714
17490    2713  2658  2712  3224
17491    2182   745  2184  2183
17492    2976   745  2184  2182
17493    1524  1061  1060  2905
17494     744   745  3811  2184
17495     745  3516  2067   743
17496    3055  3056  2184   745
17497    2024  3056  2184  3055
17498    3806  3056  2184  2024
17499    3806   745  2184  3056
17500    3806  3224  2184  2714
17501    2024  3224  2184  3806
17502    2105  3223  1422  2767
17503    2461   403  1422   911
17504    2461   106  1422   403
17505    2106  2461  1422   911
17506    2106   106  1422  2461
17507    4107  2656  2840  2714
17508    2919  2714  2840  2067
17509     435  2019  3153  3417
17510    2184  2024   744  2067
17511    2066  2976   743  3055
17512    2713  3224  1299  2658
17513    2771   877  1083   761
17514    1301  1298  1299  2713
17515    1363  2644  2919  1299
17516    2105  1301  1299  2713
17517    1298  1300  1299  2713
17518    1298  1301  2712  2713
17519    1298  3223  2712  1301
17520    1301  2105  2712  2713
17521    1301  3223  2712  2105
17522    2644   912  2712   911
17523    2713   912  2712  2644
17524    2644   911  2712  1422
17525    1422  3223  2712  2644
17526     912  2105  2712   911
17527    2713  2105  2712   912
17528    1422  2105  2712  3223
17529     911  2105  2712  1422
17530     877   762  1083   761
17531    2798   978  1804  2741
17532     912  2105  1299  2713
17533    2658  2860  1299  2713
17534      30  2244    28  2437
17535    2644   912  1299  2713
17536     912  2024  3811  2184
17537    2713  2860  1299  1363
17538    2066  4107  3516  2587
17539    1363  2644  1299  2713
17540    2919  1299  2840  2714
17541    1300   877  1083  2771
17542    2067  2023   744  3745
17543     877  1113  1083   762
17544    4131  2067   744  3745
17545    2644  1299  3811   744
17546    2644   912  3811  1299
17547     744  2023  3811  3745
17548     912  3745  3811  2023
17549    2644  4131  3811   912
17550     744  4131  3811  2644
17551    4131  3745  3811   912
17552     744  3745  3811  4131
17553     152   976   154   450
17554    2840  2587  3516  4107
17555    2656  4107  2066  2183
17556    2183  2182   743  2066
17557    3516   745  2067  2840
17558    2182  2656  2066  2183
17559    1084  1114  1083   877
17560    2976  2656  2066  2182
17561    1113  1114  1083  1084
17562    2919  1299  3516  2840
17563    3055  2777  2066  2657
17564     461  2551   979  2957
17565    2657  2976  2066  3055
17566    2840  3369  3516  2587
17567    2919  2067  3516  2066
17568    2777  3806  2066  3605
17569    2019  3840  3417   435
17570    2184  3806  2840   745
17571    2714  3806  2840  2184
17572    2640  2957   979  1591
17573    2714  3605  2840  3806
17574    2777  3605  2840  2714
17575    2741  2066  2742   743
17576    2840  4107  3516  2656
17577    2066  2656  3516  4107
17578    2840  3605  3516  3806
17579    2066  3806  3516  3605
17580    2840  2656  3516  2657
17581    2066  2657  3516  2656
17582    2840  2777  3516  3605
17583    2066  3605  3516  2777
17584    2777  2657  3516  2066
17585    2840  2657  3516  2777
17586     978  2847  2798  1590
17587    3466  1606  1227  3465
17588    2960  3636  1333   777
17589    1298   877  1083  1300
17590     978  2588  1804   977
17591    3369  2066  1804  3516
17592     977  2588  1804  3369
17593    2027  3577  3150  3817
17594     876   877  1083   875
17595    2741  2066  1804  3369
17596    1298  1084  1083  1301
17597    3806  3056   743   745
17598    2066  3056   743  3806
17599    3055  3056   743  2066
17600    3055   745   743  3056
17601     977  1590   978  2641
17602    1589  3436  3947  2851
17603    1084   761  1083   762
17604     977  2641   978  2583
17605     977   130   978  2588
17606    2405  2588   978   130
17607     977  2186   978   130
17608    2057  2038  1808  3744
17609     977  2583   978   748
17610     977   748   978  2186
17611     978  2641  2798  2583
17612    3125  2583  2798  2641
17613     978   130  2798  2405
17614    2771  1084  1083  1300
17615     978  2583  2798   748
17616    3125   748  2798  2583
17617     978  2186  2798   130
17618    3125   130  2798  2186
17619    2404   130  2798  3125
17620    2404  2405  2798   130
17621     978   748  2798  2186
17622    3125  2186  2798   748
17623    2771   761  1083  1084
17624     461  2403   979  2551
17625    2847  2403   979   461
17626    1239  2847   979   461
17627     461  2957   979  1239
17628    1358  2957   979  2640
17629    1358  2640   979  2847
17630    1358  2847   979  1239
17631    1239  2957   979  1358
17632    2741  3453  2742   746
17633    2183   746  2742  3453
17634    2183  2587  2742   131
17635    2066  3369  2742  2587
17636    2741  3369  2742  2066
17637    2741   746  2742   747
17638    2183   747  2742   746
17639    3369   131  2742  2587
17640    2741   131  2742  3369
17641     131  2185  2742  2183
17642    2741  2185  2742   131
17643    2185   747  2742  2183
17644    2741   747  2742  2185
17645    1152  1153  1802  2347
17646    3369  2588  1804  2405
17647     978  2405  1804  2588
17648    2798  2405  1804   978
17649    3453  3125  1804  2741
17650    2798  3125  1804  2404
17651    2798  2404  1804  2405
17652    3369  2405  1804  2404
17653    3125  3453  1804  2404
17654    2741   746  1804  3453
17655    2966  2404  1804  3453
17656    3369  2404  1804  2966
17657    2741   747  1804   746
17658    3453   746  1804  2966
17659    2741  2185  1804   747
17660    3557   746  1804   747
17661    2776  2966  1804   746
17662    3369  2966  1804  2776
17663    2741   131  1804  2185
17664    3369   131  1804  2741
17665    2185  3557  1804   747
17666    2776  3557  1804  3369
17667    2776   746  1804  3557
17668    3369  1467  1804   131
17669    2185   131  1804  1467
17670    3557  1467  1804  3369
17671    3557  2185  1804  1467
17672    1819    33  1742  2394
17673    2757  2850  3982  2760
17674    3756   646  1878  3901
17675     432   431  3465  3466
17676    3636  3346  4059  3757
17677    2455  3274  1212  1213
17678    2455  2454  1212  1427
17679    2833  3467  2638  3428
17680    3675  4030   646   647
17681    2760  3795  3982  3191
17682    1663  3304  3044  2437
17683    3653  3593  3720  3467
17684    1856  3901  3346  1523
17685     429  4016    82  3720
17686    3720  4016    82  3593
17687    1460   185  1992  3645
17688    3767  1925  1926  3816
17689    1487   531   406  2856
17690      52    53   236    54
17691    3465  4016  3720  3466
17692    1226  3908  1926  1228
17693     772  4071  1924  1996
17694    4150  3264  1227  1606
17695    2756  2090  2760  3612
17696    1524  1522  2681  1523
17697    1919  1606  1227  3264
17698    3428  3467  3720  2425
17699    2425  4016  3720  3428
17700    1219  4016  3720  2425
17701    2425  3467  3720  1219
17702     429  4016  3720  1219
17703    1219  3467  3720   429
17704     853  1078  2477  2476
17705    1855   431  4150   432
17706    3616  4016  1874  3466
17707     431   432  3616  3466
17708    4059  1920  3265  3346
17709    3343  1610  3083  3843
17710    3466  3465  3796  4012
17711    2756  3612  1872  2090
17712    2476  2696  2477  4099
17713    1523  3040  2681  4076
17714    3616  3466  1874   431
17715    1775  1777  1776  3172
17716    2092  2850  2849  2760
17717    3040  4030   646  3901
17718      81  3591  3758  3107
17719     430  4016    82   429
17720    3744  1855  2059  2057
17721    3616  1872  1873  1874
17722      82  4016  3108    83
17723    1872  3612  1873  2090
17724     342  2227  1612  2427
17725    3466   432  2424  3465
17726    1226  1228  3796  4012
17727    2038  4016  3108    82
17728    2037  1874  2036    83
17729    3466  4016    83  3465
17730    1874  4016    83  3466
17731    1874  3466    83   431
17732    3465   431    83  3466
17733    1566  1361  2476  2733
17734    3695  2733  2732  3694
17735    2733  1361  2476  2732
17736    2188   330  1776  2852
17737    2733  2715  2732  3694
17738    2733  1045  2732  2715
17739    2733  2711  2732  1045
17740    2733  3489  2732  2711
17741    4113  3489  2732  2733
17742    2733  1361  2732  4113
17743    3592  2039  3598  1359
17744    1220  3593  3591  3653
17745    1220  4039  3591  3593
17746    4039  2328  3591  3593
17747    3694  3695  3592  2732
17748    3694  1359  3592  3695
17749    3694  2039  3592  1359
17750    1741  1819  1742  2394
17751    2715  1632  3592  2039
17752    3694  2715  3592  2039
17753    2732  2715  3592  3694
17754    2715  1045  3592  1632
17755    2732  1045  3592  2715
17756    1648  1632  3592  1045
17757    2188  3172  1776   330
17758    1045  2711  3592  1648
17759    2732  2711  3592  1045
17760    2046  1648  3592  3489
17761    2617  3172  1776  1777
17762    2732  3489  3592  2711
17763    1648  2711  3592  3489
17764    4113  3489  3592  2732
17765    4113  2046  3592  3489
17766    1361  2476  3598  2477
17767    2047   853  2476   968
17768     966   968  2476   853
17769    2696   968  2476   966
17770    2047   968  2476  4099
17771    2696  4099  2476   968
17772    2047   853  2477  2476
17773    2047  2127  2477   853
17774    4113  2046  3598  3592
17775    4113  1361  3598  2046
17776    1648  1632  3598  3592
17777    1648  1361  3598  1632
17778    2046  1648  3598  3592
17779    2046  1361  3598  1648
17780    2852  2956  1776  2188
17781    2393    33  2394   553
17782      82   430    81  3460
17783    3107  3460    81   430
17784    3467  3593    81  3107
17785      82  3593    81  3467
17786     429   430    81    82
17787     429  3107    81   430
17788     429  3467    81  3107
17789      82  3467    81   429
17790    1807  1809  3758  1359
17791    3591  1809  3758  1807
17792    3592  1359  3758  3695
17793    3591  2328  3758  1809
17794    1359  1809  3758  2328
17795    1359  1220  3758  3695
17796    3592  3695  3758  3653
17797    3592  3653  3758  3591
17798    3591  4039  3758  2328
17799    1359  2328  3758  4039
17800    1220  3653  3758  3695
17801    3591  3653  3758  1220
17802    3591  1220  3758  4039
17803    1359  4039  3758  1220
17804    2618  2617  1776  2852
17805    2618  3172  1776  2617
17806    3021   330  1776  3172
17807    2852   330  1776  3021
17808    2618  2852  1776  3359
17809    3359  3172  1776  2618
17810    3021  3172  1776   369
17811     369  2852  1776  3021
17812    3359  2852  1776   369
17813     369  3172  1776  3359
17814    2058  3612  3982  2850
17815    3436  1357  3947  2956
17816    1589  1357  3947  3436
17817    2957  2808  3947  1589
17818    2957  2839  3947  2808
17819    2957  2187  3947  2839
17820    2956  2187  3947  2957
17821    1356  2956  3947  1357
17822    1356  1357  3947  1589
17823    1240  1589  3947  2808
17824    1240  2808  3947  2839
17825    1240  2839  3947  2187
17826    1240  2187  3947  2956
17827    1240  1356  3947  1589
17828    2956  1356  3947  1240
17829    4150  1920  3265  1855
17830      82    81  3108  2038
17831    3675  3901   646  4030
17832    2038    81  3108  3107
17833    2091  3612  2036  2090
17834    4012  2756  3795  1226
17835    2057  2037  1808  2038
17836    1855  2424  4150  1604
17837    2058  2036  2059  2091
17838    1855  1873  2059  2091
17839    3744  1855  2057   431
17840      83  1874  2057  2037
17841      83  3744  2057  1874
17842    1970   473  3601  1574
17843    3616  3744  2057   431
17844    1874  3616  2057  2037
17845    1874  3744  2057  3616
17846    3767  1920  3265  4059
17847    3401   914   261  2856
17848      81  3107  1808  3460
17849    2038  3107  1808    81
17850    3037  2795  3853  2796
17851      81    82  1808  2038
17852      81  3460  1808    82
17853    2425  3460  1808   431
17854     431  3428  1808  2425
17855    1499  1500  3853  1498
17856      82  4016  1808  2038
17857      82  3460  1808  4016
17858    2425  4016  1808  3460
17859    3428  4016  1808  2425
17860    2057  3744  3108  2038
17861     431  3744  3108    83
17862    2038  3744  3108   431
17863    3466  3465  1227  3796
17864    2637  3796  1227  3465
17865    1919  1920  3265  3264
17866    2637  3465  1227  1606
17867    1874  3616  2036  2091
17868    2037  3616  2036  1874
17869    1873  2090  2092  1872
17870    1873  1872  2092  2760
17871    2090  2760  3982  2092
17872    1211  2905  1060   648
17873    1979  2454  1212  3273
17874    2760  2756  2092  2090
17875    1872  2756  2092  2760
17876    1872  2090  2092  2756
17877    2059  2058  3040  4076
17878    4030  3675  1876   647
17879    2682  1522  2681  2337
17880    1227  1228  1605  3796
17881    4030  2090  3040  3612
17882    2059  4030  3040  2058
17883    2036  3612  2058  2037
17884    2849  3675   646   647
17885    4030  3612  3040  2058
17886    2036  2091  2058  3612
17887    2091  1873  2058  3612
17888    2905  1211  1060  1524
17889    1877  3675  1876  4030
17890    1873  1872  2058  3612
17891    1872  2756  2058  3612
17892    1059   777  1060  1211
17893    2760  3612  2058  2756
17894    2090  2092  3675  4030
17895    2756  2760  3795  2058
17896    4030  3612  3675  2090
17897    2058  3612  3675  4030
17898    2059  2058  3675  4030
17899    2577  1187  2626  1488
17900    2059  4030  3675  1855
17901    2059  1855  3675  2850
17902    1055  3858  4017  3711
17903    3780  4146  3635  4019
17904    2905  2337  2681  1524
17905     646  3901  3412  4076
17906    2090  2092  2849  3675
17907    2090  2850  2849  2092
17908    1213  2905  1524  1211
17909    3040  4076   646   647
17910    2850  2757  2849  2760
17911    3675  3612  2849  2090
17912    2850  2090  2849  3612
17913    2058  3612  2849  3675
17914    2058  2850  2849  3612
17915    3675  2059  2849  2058
17916    2850  2059  2849  3675
17917    2850  2058  2849  2059
17918    4076  3901  1523  3040
17919    1570  1616  2978   572
17920    2905  1524  2681  1523
17921    3346  1856  4148  1857
17922    2681  2337  1856  3412
17923    2818  1978  2819   779
17924    3636  3757  4059  3767
17925     775  2225  2520  2226
17926    3993  3840  3722  2019
17927    3860  2677  1460  3014
17928     493   491  3065  2368
17929    1522  2455  2682  1427
17930     245  2625  3755   305
17931    2058  2760  3982  3612
17932    1524  2337  2248  2905
17933     778  2249  2203   777
17934    2682  2337  2248  1522
17935    2249  2680  2338  2248
17936    2059  2058  3982  2850
17937    2436  2455   296  2338
17938    1856  2337  2248  3412
17939    2905  3901   648   646
17940    1983  1984  3238  3237
17941    1060  1061  1878   648
17942    1226  3908  3982  3795
17943    3662  2160  1911  1496
17944    2416  2338  2568  2417
17945    3401   914  2856  1487
17946     209  2063  1992  2062
17947    1992  1460  1540   499
17948     778   777  2203  3900
17949    2058  2059  3412  4076
17950    2059  1855  3412  4076
17951    3052  1879  2704  2977
17952    1857  4076  3412  1855
17953    1487   405   406   531
17954     647  3756  1878  1876
17955    1523  4076  2681  3412
17956    3412  4076  2681  2337
17957     646  3901  3346  1856
17958    3264  4012  1919  2756
17959     647  4059  3756  3767
17960    1498  3018  3853  1499
17961    3346  1523  4148  1856
17962    1226  1228  1227  3796
17963    3675  1855  1925  2850
17964     296  3041  2202  2338
17965    2930   300  3859   301
17966     432  3466  2424  3616
17967    1522  1213  2682  2455
17968    3412  1523  1856  2681
17969    3412  3901  1856  1523
17970    2059  1855  1856  3412
17971    3265  1855  3269  4150
17972    4150  1855  1227  3796
17973     260  2795  1498  3018
17974    4148  1857  3269  3346
17975    1211  1213  2682  1522
17976    2680  2337  2338  2248
17977    1211  1213  2338  2680
17978     648  2905  2681  1523
17979     648  2337  2681  2905
17980     210  3974  2063  3398
17981    2905  2337  2248   648
17982    3412   647  1856   646
17983    2680  2338  2417  3041
17984    3757  1061  2960  3636
17985    2682  2455  2680  1427
17986    2680  1427  3041  2682
17987    2594  1464  1305  1307
17988    1522  2337  2248  1524
17989    2454  3517  3518  1425
17990    2682  1213  2680  2455
17991    1211  1213  2680  2682
17992    2443  1800  1799  3746
17993    3751  3750   102  3748
17994    3756  1877  1878  1876
17995     436  1015  2292  1014
17996    2680  2337  2248  2682
17997    2681  2337  2680  2682
17998    2249   777   778  2338
17999    3900  2436  2203   778
18000    2646  2622  3005  3634
18001    3866  1233  3867  1834
18002    3837  2243   475   473
18003    3264  1926  1919  1925
18004    3616  1606  1227  3466
18005    3401  2856   261  1997
18006     779  4072   296  2436
18007    1384  1249  1758  1759
18008    1856  2337  3899  2250
18009    1856  2681  3899  2337
18010    4072   777  2960  1059
18011    3264  3796  1919  4012
18012    2637  1606  2638  1604
18013    3899  1856  4148  2681
18014    1523  2681  4148  1856
18015    2454  1425  2416  2417
18016    1488  1541  2626  1098
18017    1616  1039  2704  1879
18018    1425  1426  3527  3517
18019    1855  2850  3908  1925
18020    3398  3399  2418  3527
18021     501   590  4063  2550
18022    2682  2680  2249  2248
18023    1856   647  4059   646
18024    1855  4030  1925  1920
18025    2682  1061  2249  2680
18026    1425  1426  3041  1427
18027    1099  1098  1540   499
18028    2454  1425  3041  1427
18029    3399  3517  3527  1426
18030    1612  1610  2649  2427
18031    2292  4145  2158  2159
18032    3885  3884  1221  1222
18033    3041  1426  2417  3399
18034    1425  1426  2417  3041
18035    2454  1425  2417  3041
18036    4146  1657  3635  3634
18037    1260   444   443  1259
18038    2593  1464  1305  2594
18039    3273  3399  1979  1426
18040    2062  2063  2416  2418
18041    3757   648  1878  1061
18042    1016  1015  1014  2159
18043    3526  1466  1306    75
18044    1305  1307  1306  2594
18045    1302  2295  3011  3762
18046    1798  3918  1154  3509
18047    3863   184  2739  2740
18048    2416   779  2568  2819
18049     185  3398    76  3974
18050    3398   210   185  3527
18051    3398  3974   185   210
18052    3519  3526  1306    75
18053     871  1769  3362  3361
18054    3526  1466    75    77
18055    2373  3843  2372  3083
18056    2519    46  2518  3318
18057    1186   590  4063  2907
18058    3527  3399  2418  3517
18059    3795  2760  3982  2058
18060    1425  3517  3518  1426
18061    3526  3527  3519  3517
18062    1856   646  4059  3346
18063    3239  3780  3241  3635
18064    1539  3000  1565  3001
18065    3239  3635  3241  3634
18066     246  4121   988  2162
18067    1857  1856  4059  3346
18068     185  3517    76  3527
18069    3519    75    76    77
18070    3417   884  3153   435
18071    2663   869  2664   871
18072    3417  4011  3153  3628
18073    4012  3191  3795  2756
18074    3628  3417  3483  3153
18075    3344    94    93  2373
18076    2850  2090  3982  2092
18077    3153  3159  3483  3628
18078    3634  2653  2654  2652
18079    1610  1612   340   341
18080      77   184  2739  3863
18081    3398  3527  3519  3526
18082    1425  2454  1979  3273
18083    3331  3165   930  2370
18084    3900  1061  2203  2682
18085    3526  3974  3519  3398
18086    3751  3748   102   681
18087    2454  1425  3518  3273
18088    1610  2227  3343  2427
18089    1820  2427    31    32
18090    4059  3636  1333  3346
18091     782  2119  2581   850
18092    1897  2319   774  1207
18093     850  2120   782  2119
18094     341  3343   340  1610
18095      76   185  3518  3517
18096    3273   185  3518    76
18097     102  2429  2520   775
18098    1742  2429   553  3433
18099    1426  3399  3518  3273
18100    1426  3517  3518  3399
18101    1488  1099  2740  1489
18102    3014   185  1992  1460
18103    1213   777  1059  1211
18104    1211  3274  1059  1213
18105    1332  2250  3900  3899
18106    2417  3041  1059  3274
18107    1213  3274  1059  2455
18108    2455  2436  1059  1213
18109    3041  1427  1059  3274
18110    2062   210   209  2063
18111    2455  3274  1059  1427
18112    1541  1098  3838  2627
18113      75  1307  1489  1306
18114    1099  1542  1098  1097
18115    1307  1464  1489  2594
18116     500  1098   499  1541
18117    1306  1307  1489  2594
18118    1152  2483  2519    48
18119     836   898  3397   784
18120    4145  3981  4011  3629
18121    3669   837   832  3579
18122    2739  2817  3645  3862
18123    2625   305  2071  2070
18124    3629  3417  3628  4011
18125    2663   871  3362  3361
18126    3488  2506  3234   785
18127    2292  4145  3417  3629
18128    4063   590  3483  2651
18129     937  3002  1539  3001
18130    1769  2484  3362  3361
18131    3362  3361   886  2401
18132    3487  2942  2943  3488
18133    3767  1920  4059  1925
18134    3636  4148  3757  3899
18135     773  3857  2318  3859
18136    3796  3264  1227  4150
18137    3401  3402  1500  1997
18138    3636  3899  3757  2250
18139    2424  3466  1604  3616
18140    1304   270  2341   897
18141    1825  1827  3451  2478
18142    3796  4012  3795  1226
18143     772  3113   773  3857
18144    3636  2248  3757   648
18145    2250  2248  3757  3636
18146    1259   443  2259  3714
18147    2318   773  2074     4
18148    1489  1488  1186  1187
18149     648  2905  1060  1061
18150    3767  1856  1876   647
18151    1498  1500  3853  2795
18152    1187  3838  2577  2627
18153    3767   647  4059  1856
18154     297   298  2202   296
18155    2960  1061  1333  3636
18156    3636  3899  1333  4148
18157    1332  3899  3900  4148
18158    3636  2250  1333  3899
18159     209  1097  1992  3863
18160    1524  2905  1333  1061
18161    3636  2248  1333  2250
18162    2905  1524  1333  2248
18163     298  3862   297  2817
18164     648  1061  1333  2905
18165    3636  1061  1333   648
18166    2248   648  1333  2905
18167    3636   648  1333  2248
18168     648   646  1878   647
18169    1877  2850  1876  2849
18170    1877  3767  1876  3756
18171    1857  1856  3816  3767
18172    2248   648  1878  3757
18173     647  2849  1876  2850
18174    3756   647  1878   646
18175    2960  1059  1060  1061
18176    1427  3274  1212  2455
18177    1662    94    95    93
18178    3767  3757  3756  3816
18179    2248  3757  1878  3756
18180    1213  2454  1212  2455
18181    3675  2849  1876   647
18182    1060  3756  1878  1061
18183    2853  4136   190  3724
18184    2429  1742   553   102
18185    3756  3767  1876   647
18186    4059   647  3756   646
18187    4059  3757  3756  3767
18188    3346   646  3756  3901
18189    3346  3757  3756  4059
18190    4059   646  3756  3346
18191    3346  3901  3756  1523
18192    1211  1213  1212  3274
18193    3346  4148  3756  3757
18194    3346  1523  3756  4148
18195    1523  2681  3756  4148
18196    3273  2454  1212  3518
18197    2681  2337  3756  3899
18198    4148  3899  3756  3757
18199    4148  2681  3756  3899
18200    2250  2248  3756  3757
18201    2250  2337  3756  2248
18202    3899  2250  3756  3757
18203    3899  2337  3756  2250
18204    1873  1872  3796  1855
18205    3616  1872  3796  1873
18206    1604  1606  2638  3428
18207    4012  1855  3796  2756
18208    1872  2756  3796  1855
18209    3616  2756  3796  1872
18210    4012  2756  3796  3616
18211    2756  3191  3795  2760
18212    2760  2090  3982  3612
18213    2760  2850  3982  2092
18214    3816  3767  1877  3756
18215    3428   432  2424  2425
18216    3675  2850  1877  2849
18217    1925  2850  1877  3675
18218     189  4136   190  2853
18219    3273  3274  1212  1979
18220    3816  1856  1877  3767
18221    1610  2427  1612  2227
18222    1926  1925  1877  3816
18223    3908  1925  1877  1926
18224    1926  3816  1877  3908
18225    1925  3675  1877  4030
18226    3829  3532  2654  4034
18227    1059  1211  1060  3274
18228    3816  1925  1877  1920
18229    4030  1920  1877  1925
18230    1876  1877  3982  2850
18231    1857  1856  1877  3816
18232    1857  3412  1877  1856
18233    2757  3191  3982  2850
18234    3908  2850  3982  1877
18235    1857  4076  1877  3412
18236    3401  1388  2856  1389
18237    1759  2862  1384  1249
18238    1856  3412  1876   647
18239    1877  3412  1876  1856
18240    1877  4030  1876  3040
18241     647  3040  1876  4030
18242    3412  4076  1876   647
18243    1877  4076  1876  3412
18244    4076  3040  1876   647
18245    1877  3040  1876  4076
18246    3908  1855  3982  2850
18247    2059  2850  3982  1855
18248    1226  1228  3982  3908
18249     432  1219  2424  2425
18250     555  3803  3440  2393
18251    1604  1606  4150  1855
18252    2960   777  1060  1059
18253    2960  1061  1060  2338
18254    1522  1061  1060  1524
18255    1524  1211  1060  1522
18256    2960  2338  1060   777
18257    1211   777  1060  2338
18258    2680  1211  1060  2338
18259    2338  1061  1060  2680
18260    1522  1211  1060  2682
18261    2682  1061  1060  1522
18262    2682  1211  1060  2680
18263    2680  1061  1060  2682
18264    1523  3901  1878   648
18265    3756  3901  1878  1523
18266    2248  2337  1878   648
18267    3756  2337  1878  2248
18268    1523  2681  1878  3756
18269    1523   648  1878  2681
18270    2681  2337  1878  3756
18271    2681   648  1878  2337
18272    4072  1979  1212  3274
18273     779  2436  2819   778
18274    1427  2454  1212  3041
18275    3041  3274  1212  1427
18276    2062  3862   208   210
18277    3041  2454  1212  2417
18278    2417  3274  1212  3041
18279     681   342  3729   103
18280    2347  3918  1152  1153
18281     342  1612  1611   103
18282      29  1331    28    30
18283     190   576   575    54
18284    3546  2120  3865  1411
18285    2582  4128  1966   693
18286    1330   572  1896    30
18287    1408  1414  2848   903
18288    2582   693  1966  3220
18289     609  3243   610   522
18290    1741  1819  2665  2667
18291    1742  2667  3433   553
18292     445  3747  1260  3317
18293    1503  3712   552   807
18294     776  2521   102  3751
18295    1688  3774    29  1331
18296    3774  3804  1688  2373
18297    2291  1680  1413  1410
18298    1801   836   832   837
18299    3804  3432  3431  2428
18300    2429  2666  2225  1740
18301    3005  3780  3239  3635
18302    1127  3344  1662    94
18303    2834  2207  2391  1983
18304    1413  2291  1410  1412
18305    1129  2295  1303  2148
18306     776   104  2229   102
18307    2392  3803  2646   555
18308    3828  3829  3440  3439
18309    4128  1834  1966  1233
18310    1663   572  1128   835
18311    1833  3220  1966  1834
18312    1689  2373  1688  3804
18313     785  3488  3655  2004
18314    2244    30  1896  2437
18315    2244    95  1128  1663
18316      53   572   237   571
18317     571   572  1896  1330
18318    1663   835  1128  2244
18319    2437    30  1896   572
18320    1410  1680  3584  2118
18321    3487   271   785  3488
18322    2665    33  3433   553
18323     554   555  2229   776
18324    1706  1963  2842  3353
18325    1131  1577   359  1130
18326    2429  2428  2225  3432
18327    3749   103   155   681
18328    1159  3164  4090   442
18329     650  2112  2446   651
18330    2286  1884  2083  1883
18331    1987   449   154   450
18332    3331   441   930  3165
18333     681  3748   102   104
18334    2392  2393  2394  3803
18335    1883  1503  1502  1155
18336    1984  3738  3238  2555
18337     852  3584   783  3765
18338    1188  1187  2577  2019
18339     102   553   775   104
18340    2834  1320  2391  2392
18341     342  2227  2224  1612
18342      93  3804  3774  2373
18343    3829  3803  2654  2392
18344    2291  1412  1409  1410
18345    2667    33  2665   553
18346    2667  3433  2520  1742
18347    1740  1611  2225   103
18348    3005  3240  3239  3780
18349    2341   897  1799  1800
18350    3721   850  2120  2537
18351    1612  2427  2649   342
18352      93  3774    29  3622
18353     102  3799  1742   553
18354    1740  1741  2225  2429
18355    1833  2088  1966  3220
18356    2244  1330  1896    30
18357    2428  2427  3431  3804
18358    1688  3843  1571  3344
18359    2373  3344  1688  3774
18360      28  3716  1879  1616
18361    2428  2427  2649  2648
18362     153  3657   975  1346
18363     342  2427  3729  2227
18364    3442  3634  2654  3439
18365    2427  3432  2225  2428
18366    2227  2225  3432  2224
18367    1346  2558  2003  3657
18368    3578   373   374   372
18369    2665  3439  3440  2667
18370    2225  1611  2226   103
18371    3343  2227  2372  2427
18372      94  3344  2372  2373
18373    2582   850  2120  3721
18374    2667    33  1742  1819
18375    1349  1347  2901  3541
18376     422  2978   190  1570
18377    3635  3780  2229   776
18378    3431  2648  1688  1689
18379      32  2427  3749  1820
18380    1688  3843  2373  1689
18381    3865  3866   782  3867
18382    1234  3866   782  3865
18383     850  3867   782  3866
18384    1689  1688   190  2853
18385     834   835  2854  3622
18386    2427  1610  3431  3343
18387    2372  2427  3431  3343
18388    2372  2373  3431  2427
18389    3804  2427  3431  2373
18390    3829  2604  2654  3531
18391    2429    33  3433  1819
18392    3239   554  3241  3799
18393      32   553   155    33
18394    2622   555  3005   554
18395    1819    33  2665  2667
18396    3891  1103  3890  1413
18397    3541   675  2901  3889
18398    1833  4128  1966  2088
18399    3150   374  3659  4105
18400    2176  1233  1833  3667
18401      28  3716   769   771
18402    3431  2666  2648  3432
18403    3220  2538  1966  1233
18404    3431  3432  2648  2428
18405    2428  2427  2648  3431
18406      32  3432    31  2666
18407    2854   834  2853   835
18408    3749   103  3729  1611
18409    3431  2427  2649  1610
18410    2648  2427  2649  3431
18411    1897  1330   771  2438
18412    2648  3432  2649  2428
18413    3749   681   155  3748
18414    2648  2666  2649  3432
18415    2978   572    52  1570
18416    1819    33   155  3750
18417    1820  1740    31  2666
18418     555  2622  3005  2646
18419     750   751  3052   771
18420      93  1127  2854  3622
18421    3622  3716    28    29
18422    2318  2929     6     4
18423    3220  1233  1966  1834
18424    2373  3344  3774    93
18425     103  3748   155   681
18426     423  3725  1571   156
18427     423  2649   156  1820
18428    1570  2244    52  2978
18429    3843  1688  2373  3344
18430     422  3774  1571    93
18431     342  2649   423  1820
18432    1820  2428    31  2427
18433    1819  3748   155  1741
18434    3749  1611   155   103
18435    1741  3748   155   103
18436    1616  1039  1879  1038
18437    3867  1233  3220  1834
18438     422  1688   190  1689
18439    2649  1741  1820  1740
18440    2978   834    53   572
18441      32  1740    31  1741
18442      32  2666    31  1740
18443    1740  2666  1820  2649
18444      31    32   189   156
18445    2649  2666  1820  3432
18446      93    94  1571   576
18447    3622   835  2854  3716
18448      32  1819    31    33
18449    1897  1207  2342  1330
18450    1741  1740    31  1820
18451    2649  3432  1820  2428
18452    1819  1741    31  1820
18453    2649  2427  1820   342
18454    2428  2427  1820  2649
18455      32  1741    31  1819
18456    3344  3843  1571   576
18457     681   103  3729  3749
18458     897  3043  1800  2341
18459    2775  1153  2484  1152
18460    3749  2427  3729  1820
18461    3749  3748  3729   681
18462     156  2373   189  3804
18463    2119  2120  3865  3546
18464    3774    93  2854  3622
18465    3655  3746   360  2004
18466     341  1612   340   342
18467    3774    93   190  2853
18468    1611   342  3729  2224
18469    2943  3656  3655  3354
18470    3749  2224   155  1611
18471    1740   103   155  1611
18472    1741  1740   155    32
18473    1741   103   155  1740
18474    3749  2227   155  2224
18475    1611  2224   155  2666
18476      32  1740   155  2666
18477    1611  2666   155  1740
18478    3749  2427   155  2227
18479      32  2427   155  3749
18480    3432  2224   155  2227
18481    2666  3432   155    32
18482    2666  2224   155  3432
18483    3432  2227   155  2427
18484      32  2428   155  2427
18485    3432  2428   155    32
18486    3432  2427   155  2428
18487     781  3891   783  3890
18488     693   692  3867  3866
18489     672  1408  1103  2848
18490     555  1320  2646  2392
18491    3866  3220  1233  2538
18492    2119  2582   851  2120
18493     850  2537  1234  3865
18494    3634  3635  2229   776
18495    3891  3890   781  3120
18496    3867   693  3220   692
18497       5  2929  1996  4071
18498     102  3751  3241  2229
18499    3867   692  3220  3866
18500    2538  3866  3220   692
18501    3220  3866  1233  3867
18502    3799   554  2229   776
18503    1411  1234  3865  3546
18504    1103   941  3584   672
18505    1411  2537  3865  1234
18506    2537  1411  2120  3081
18507    1411  2537  2120  3865
18508     850  3865  2120  2537
18509     694  2088  1833  1143
18510    2604  3441  2834  3531
18511    1983  1319  1321  2207
18512    1408   672  1103  2291
18513    2075  2207  2391  2834
18514     781  3546   783  3865
18515    3865   850  2120   782
18516    3867  3220   851   850
18517    3867  2582   851  3220
18518    1206    30  2342  1330
18519    3867  3866   851  2582
18520     850  3866   851  3867
18521    1234  3866   851   850
18522    1234  2582   851  3866
18523     850  2582   851  1234
18524     103   681   102   104
18525    3441  2604  2834  2075
18526    2394  3439  3440  2393
18527    3433  2667  2520  2665
18528    2484    48  4154  3581
18529    2429  1819  3433  1741
18530    2667  3473  3442  1742
18531    2075  2207  2834  3441
18532    3441  2207  2834  1983
18533    1181    96   673  3817
18534    1984  2555  3238  3237
18535     270   271  2341   897
18536    2555  4019  3240  3780
18537    3238  3780  1320  3635
18538      33  2393  2394  1819
18539    3005   555  3239   554
18540    4019  4146  3635  3634
18541    3239  3799  3241  3751
18542    3890   672  1103  3584
18543    1657  4019  3634  4146
18544    2392  2646  3634  1320
18545    3829  2392  3828  3803
18546    4034  3532  3634  2652
18547    3829  2207  3828  3441
18548    3780  1657  3635  4146
18549    2799  3779  3635  3634
18550    1657  2799  3635  3634
18551    3829  3532  3828  3531
18552    2604  3532  3634  3531
18553    3634  2555  2653  2604
18554    3750   553   102   104
18555     852  3865  2581   782
18556    3751   776  2229   102
18557    1983  2555  1984  3634
18558    3780  2799  3635  1657
18559    2604  2207  3634  1983
18560    3634  2392  2654  3803
18561    4034  3532  3828  3829
18562    2075  2207  3634  2604
18563    3889  4043  2901  3541
18564    3577   373  4041  1181
18565     372  1585  4041  1181
18566    3780  4019  3635  2555
18567    1984  2555  3635  3634
18568    3780  2555  3635  1984
18569     501  2550  4063  3838
18570    1344  1345   495   674
18571    3799  2521   776  3751
18572    3240  1984  3237  2555
18573    3240  1983  3237  1984
18574    3240  3238  1983  3780
18575    2027  3150  3659  4105
18576    2665  1740  3433  1741
18577    2834  3238  1983  1319
18578    2392  1320  2394  2393
18579    3635  3238  1983  2834
18580    3780  3238  1983  3635
18581    2834  1320  3238  1319
18582    3238  3869  1320  3738
18583    3869  1319  1983  3238
18584    1319  3869  1983  1321
18585    3120  1411   781  3546
18586    3013   919   918  3836
18587      46    48    47  2519
18588    3238  3237  3239  3005
18589     554  2521   776  3799
18590    3005  3237  3239  3240
18591    3239  3237  3241  3240
18592    1742   555   553  3799
18593    3433  2429  3442  3473
18594    2665  2666  3433  1740
18595    3146  3578  2296  4041
18596     555  2521   776   554
18597    2652  4034  2654  3634
18598    2429  1741  3433  1740
18599    3829  4034  2654  2652
18600    4034  3532  2654  3634
18601    2224  1611  2225  2666
18602    3120  1413   781  3891
18603     850   851  2581   852
18604     776  2521   775   104
18605    3799   555   553   554
18606    3432  2428  3433  2429
18607     555  2393  2394   553
18608    4017   231  1054  1089
18609    3005   554  3239  3799
18610    3577  3578  4041   373
18611    2622  3780  3005  3635
18612    3238  3738  2646  2622
18613    3238  1320  2646  3738
18614    3634  3635  2646  2622
18615    3634  1320  2646  3635
18616    2622  3237  2646  3238
18617    3635  3780  2646  2622
18618    3635  1320  2646  3780
18619    3887  1400  3103  4028
18620    3240  3237  2646  2622
18621    3237  3240  2646  3238
18622    3780  3240  2646  2622
18623    3238  3780  2646  1320
18624    3780  3238  2646  3240
18625    2666  1740  2665  2667
18626     775  2521  2520   104
18627    2646   555  3239  3005
18628    2646  3803  3239   555
18629    3803  3442  3634   776
18630    2646  3634  3239  3803
18631    3005  3634  3239  2646
18632     554   555  3241  2229
18633    3239   555  3241   554
18634    3239  3634  3241   776
18635    2229   776  3241  3634
18636     555   776  3241  2229
18637    3370  1103  3584  3892
18638    3239   776   555  3803
18639     776  3239   555  3241
18640    3442  3473  2654  3634
18641    2539  2118  3584  3370
18642    2665  1819  3433    33
18643    2429   553  3433    33
18644    2665   553  3433  2667
18645    3829  1320  2654  3634
18646    3531  2604  2654  3634
18647    1740  1741  2665  2667
18648    3890  3892  3765  1103
18649    3439  3829  2654  3442
18650     782   850  2581   852
18651    2665  3432  3433  2666
18652    2834  3803  3440  3441
18653     104   103   775  1611
18654    3317  3582  3318  3367
18655     836  3397   832   837
18656    1571   576   575   190
18657     775   103  2226  1611
18658    2429  2427  2225  2428
18659    2225  2224  2226  1611
18660    1664   941  3584  1103
18661    3750  3748   775   104
18662    2665  3473  3442  2667
18663     104   553   775  3750
18664     103   104   775   681
18665    3748   681   775   104
18666    2225  2227  2226  2224
18667    3829  3531  2654  3532
18668     781  3865   783   782
18669    2667  1741  1742  1740
18670     850   782   783   852
18671      85  1835  1833  2088
18672    2394    33  1742   553
18673    2667  1819  1742  1741
18674    2176  1834  1833  1233
18675    2118  3120  1409   781
18676    1741  1819  2225  2429
18677    1741  3748  2225  1819
18678    3828  3439  3440  3441
18679    3750    33  2225  1819
18680    2429   775   553  2225
18681    2429  1819  2225    33
18682    2429    33  2225   553
18683    2429  2666  3433  3432
18684    2429  1740  3433  2666
18685    3890  3765   781  3120
18686     782  3865  2581  2119
18687    2225   103  2226   681
18688     775   681  2226   103
18689    2225   681  2226  3748
18690     775  3748  2226   681
18691    3750  3748  2226   775
18692    2225  3748  2226  3750
18693    2225  3750  2226   553
18694     775   553  2226  3750
18695     775  2429   553   102
18696    2225   775   553  2226
18697    1742  3803  3440  2667
18698    3433  3473  3442  2665
18699    2667  3439  3442  2665
18700    2394  3803  3440  1742
18701    2665  3439  3442  3433
18702    1983  2207  3829  3441
18703    3634  2207  3829  1983
18704    3635  2834  3829  1320
18705    3635  3829  1983  3634
18706    3635  1320  3829  3634
18707    2834  1983  3829  3441
18708    3829  3635  1983  2834
18709    2394  3439  3442  1742
18710    1742  3473  3442  2394
18711     781  3890   783  3765
18712     776  2520  3634  2521
18713    2394  2393  3442  3439
18714    3473  2393  3442  2394
18715    3442  3803  3634  3439
18716     776  3634  3803  3239
18717    2654  3473  2520  3634
18718     555  2393  3442  3473
18719    3439  2393  3442   555
18720    2604  2075  2654  3634
18721    3829  2075  2654  2604
18722    3829  3634  2654  2207
18723    2075  2207  2654  3634
18724    3829  2207  2654  2075
18725    3803  3829  3440  3828
18726    3803  3439   555  3440
18727    3439  3803   555  3442
18728    3829  3803  3440  2654
18729    2654  3439  3440  3829
18730     852   782   783  3865
18731    3442  2520   555  3473
18732    2654  3634  3440  3439
18733    3803  3634  3440  2654
18734    3803  3439  3440  3634
18735    3370  2118  3584  1103
18736     102   104  2520  2521
18737     775   104  2520   102
18738     102  3799  2520  1742
18739    3751  3799  2520   102
18740    3751  2521  2520  3799
18741    2520  1742  3433  2429
18742    3799   555  2520  1742
18743    3799  2521  2520   554
18744    3433  2665  2520  3473
18745    3433  3473  2520  2429
18746    1742  3473  2520  2667
18747    2665  2667  2520  3473
18748    2394  3473  2520  1742
18749    1742   555  2520  2394
18750    3799   554  2520   555
18751     554  2521  2520   555
18752    2394  2393  2520  3473
18753     555  2393  2520  2394
18754     555  3473  2520  2393
18755     776   555  2520  2521
18756    2520  3442  3634  3473
18757    2520   776  3634  3442
18758     776  3442   555  3803
18759    3442   776   555  2520
18760    2291  3890  1103  1413
18761     852  3865   783  3546
18762    3851  1572  2448  1385
18763    1498  2795  3853  3018
18764    2389  1103  3891  1413
18765    3891  1413  3890  1410
18766    1410  1413  3890  1680
18767    2119  2118  2581  3584
18768     672   941  1680  2010
18769    1680  3890  2291  1413
18770    3496  3103  3349   483
18771     672  2291  1680  3890
18772    4128  2088  1833   878
18773    1664  3584  1680  2118
18774    3584   672  1680  3890
18775    3584  3890  1680  3765
18776     781  3765   783  3584
18777     781  3584   783  2118
18778     781  3120  1409  1411
18779     851  2119  2581  2582
18780     852  1411   781  2119
18781    3120  3546   781  3865
18782    3120  3546  1409  1411
18783     852  3584  2581  2118
18784    1387  1749  1389  1388
18785    3622   835    29   834
18786     852   781  2118  2119
18787     852  2118   783  3584
18788     852  1411   783   781
18789     878  1834  1833  4128
18790    2119  1805  1411   781
18791     850  2119  2581   851
18792     852  3765  2581  3584
18793     781  1805  1411  1680
18794    2010   903   902   672
18795    2010   902   670   672
18796     781   852  2118   783
18797    3584  2118  1409  1410
18798    3120  2118  1409  3584
18799    1680  1409  1411   781
18800    2118  1680  1409  1410
18801    3120  1413  1409  1412
18802    1410  1412  1409  1413
18803    3765  3584  1409  1410
18804    3120  3584  1409  3765
18805    1680   781  2118  1409
18806    3891  1413  1409  3120
18807    3891  1410  1409  1413
18808    3765  3890  1409  3120
18809    3765  1410  1409  3890
18810     781  1680  2118  1805
18811    1805  2119  2118   781
18812    3890  3891  1409  3120
18813    3890  1410  1409  3891
18814    3865  3546  2581  2119
18815     852  3546  2581  3865
18816     852  2119  2581  1411
18817    3546  1411  2581  2119
18818     852  1411  2581  3546
18819    1143  3667  1833  1233
18820    1143  1233  1833  1834
18821    4000  2176  1833  3667
18822    2088  2176  1833  4000
18823    1833  4000  1143  2088
18824    4017  1055  1054  3858
18825    4017  1089  1054  3971
18826    1897  1330  2438  1896
18827      30  1331  2244  1330
18828    4136  3431   189  3804
18829    3231  1038   771  2438
18830      54  3083   236  3843
18831     609  3919  3175   610
18832    1663  1662  1128  1127
18833    3216  1233  1966  2538
18834    2879  1233  1966  3216
18835     692  2538  1966  3220
18836     692  3216  1966  2538
18837    2879  3216  1966   692
18838    2879  2215  1966  1233
18839    1966  2215   692  4128
18840    4128  1233  1966  2215
18841    3111  2319   774  1924
18842    3622  1127    29    93
18843    1896  3304  3044  1330
18844    2775  2484  4154  3581
18845    3079   533  1487   914
18846    1571  3083   341   576
18847       5  2930  3711  2929
18848      95    93    29  1662
18849      28   771   769    30
18850    4154  2775   434  3840
18851     184    77  1488  1489
18852    3231  2437  2438  1896
18853    1487   405   531  1684
18854    4109  1088  1090  1279
18855      53  1127   237  1662
18856      93  1127    29  1662
18857    2239  1458  2630  2040
18858     532   531  1387  1388
18859    1684   405   404  1682
18860    2998  3170  2999  3171
18861     474  1751  1750   940
18862     230   229  3175  1450
18863    3919  1089  2262   231
18864    3971  1843  4017  1770
18865    1206  1207  2342  1038
18866    1206  1038  2342  1039
18867    3775  3079   259  3018
18868    3443  1996   610     5
18869     609  1055  2262  1054
18870     806   799   798  1572
18871    3971  4017  1544   299
18872    1206   749  2342   770
18873     609     5   610  1996
18874    3217   230  3174  1449
18875    3616  3466  1227  3796
18876     914  1487  1387   532
18877     231  3919  3175   229
18878    1604  2424  2638  2637
18879    1090  4109  2262  1054
18880    3079  1997   261   259
18881    3428  2832  2638  2833
18882    1090  4109  1544  4101
18883    3077  3079   259  3776
18884     609   522  1449  3857
18885    3077  3079  3776   533
18886    1387   532  3775  3018
18887    2158  4145  3176  4011
18888    3549   858  2448  1385
18889     806  2313   800  1683
18890     531  1684  1388  2313
18891    1574   473  3549   858
18892    3732  1492  2797  2995
18893    3566  3595  3567  3594
18894    3265  4076  3269  1855
18895    1543  1055  2262  3919
18896    3674  2586  4094  3813
18897    1968   405  1969   406
18898    1388   531  1387  1749
18899    1760  2563  1457  2200
18900    2263  3018  3775  3019
18901     406  1969  1491  1490
18902    1487   533   532   914
18903    1487   531  1387   532
18904    1487  1749  1387   531
18905    3567  1731  2920  3861
18906    1730  2107  3151  2891
18907     856   857  2448   858
18908    1389  2313   800  1388
18909     405  1684  1388   531
18910    3044  1330  2977  1879
18911    3037  2796  3853  1499
18912     300  3711   301  2930
18913    4109  2263  1279  3019
18914    2921  2862  1828  1759
18915    1389   799   800  1748
18916    3851  2449   800  1748
18917    1388  1684  1389  2313
18918    2449  3171  2998   856
18919     405  1684  1389  1388
18920    1731  1025  2920  2474
18921    3776  3775   259   260
18922    3776  3079  3775   533
18923    3018   532  3775   533
18924    3018   533  3775  3079
18925    3776   533  3775   532
18926    1055  3711   301   300
18927    1389  1684  1748  2313
18928    1748  2449  2998  4157
18929    2796  2996  1090  1089
18930    3037  2796  1499  1843
18931    2682  1061  2203  2249
18932     770  3297   608     4
18933    1748  1749  4157  1389
18934    1760  1759  1758  2200
18935    2478  1749  3451  1825
18936    3170  3851  3171  2449
18937     858   473  3549  3837
18938    3401  1748  2856  3400
18939    1487   914   406   405
18940    1604  3264  4150  1606
18941     857   858  1250  1385
18942    1751  1573  3565  1574
18943    1828  3565  2082  2922
18944    1787  2862  1248  1249
18945    3151  1731  2920  2474
18946    1574  1250  1573  1572
18947    2862  1759  1248  1249
18948     798   806   800   799
18949    1385  1572   798  1573
18950     798   473   475   806
18951    1025  2563  1457   972
18952     806  1683   475  1750
18953    1731  1458  3861  2040
18954    1385  1572  1573  1250
18955    1787  1248  2921  2108
18956    1025   972  2108  1787
18957    2122  2891   472   470
18958     474   473   475  2243
18959    1730  2891   472  2122
18960    2630  2200  1457  2239
18961     470  2891   472   471
18962    1787  1760  2108  2200
18963    3151  1730   472  3861
18964     972  1760  2108  1787
18965    3151  2891   472  1730
18966    1731  2040  3861  3491
18967    3151  2145  3861  3491
18968    1731  3491  3861  2145
18969    1249  1250  1574  1248
18970    1385   806   798  1572
18971    1731  1929  3861  1732
18972    1490  4157  1491  1748
18973    3264  3796  1227  1919
18974     857   858  1574  1250
18975    2630  1458  1457  3490
18976    1751   798  3565  1573
18977    2921  3567  2920  2922
18978    2108  3484  2920  2474
18979    2082  1828  1459  2239
18980    2108  1025  2920   972
18981    2922  1574  3565  1573
18982    2921  3566  2920  3567
18983    1457  2563  2201  2200
18984    2082  1787  1459  2862
18985    2122   470   472  1730
18986     940   474   475  1750
18987    1751  3565  2082  1828
18988    3490  1760  1457  2200
18989    3861  3151  2920  3567
18990    1750  2243   475  3837
18991    1730  1732  3151  2107
18992    2764  2107  3151  3484
18993    2764  2891  3151  2107
18994    3484  2891  3151  2764
18995    2239  1458  1457  2630
18996    1574  1248  2921  2922
18997    1490  3171  2999  3170
18998    2922  3566  2921  3567
18999    3548  2243  3837  1459
19000    1732  1929  3151  2107
19001    2920  1787  2921  2108
19002    1929  2145  3151  2107
19003    1459  2920  2201  2108
19004    2145  3491  3151  2107
19005    3861  1731  2920  3151
19006    3491  2040  3151  1458
19007    3770  2563  3151  3484
19008    1458  2563  3151  3770
19009    2107  3770  3151   973
19010    3484  2107  3151   973
19011    1458  3770  3151  3491
19012    3484   973  3151   974
19013    3770   974  3151   973
19014    3484   974  3151  3770
19015    1573  1574  2921  2922
19016    1787  2862  2921  1248
19017    2862  1759  2921  1248
19018     474  2243   475  1750
19019     806   473   475  1683
19020    2239  2243  2630   474
19021    1459  2243  3837  2239
19022    1750  1573   475   798
19023    3594  1731  2920  3567
19024    3594  1025  2920  1731
19025    3594   972  2920  1025
19026    2108   972  2920  1760
19027    3490  2200  2920  1760
19028    3468  2563  1457  3470
19029    3594  3595  2920   972
19030    3567  3595  2920  3594
19031    3490  1760  2920   972
19032    3490  3595  2920  3567
19033    3490   972  2920  3595
19034    2921  2243   474  2922
19035    2922  2921  2082  1828
19036    2922  3566  2082  2921
19037    1828  2921  2082  2862
19038    2921  1787  2082  2862
19039    3566  1787  2082  2921
19040    3264  3908  1919  1926
19041     940  3490  2630  1828
19042     474  2243  3548  1459
19043    2998  4157  2999  1748
19044    3837  2243  1970  4153
19045    1389  1748  2856  3401
19046    1249  1385  1384  1250
19047    1056  3970  1770  1843
19048    2921  2243  3548   474
19049    4109  2996  1090  2796
19050    3565  1751   940  1828
19051     474  1751   940  3565
19052    2921  2922   940  1828
19053     474  2922   940  2921
19054     474  3565   940  2922
19055    1828  2922   940  3565
19056    1828  2082  2630  2239
19057    1828  3490  2630  2082
19058    3491  2040  2630  3490
19059    2920  2200  2630  2239
19060    2920  3490  2630  2200
19061    2239  2082  2630  3566
19062    3490  3566  2630  2082
19063    3567  2920  2630  2239
19064    3567  3490  2630  2920
19065    3566  3567  2630  2239
19066    3566  3490  2630  3567
19067    3490  3595  1457   972
19068    1458  3595  1457  3490
19069    3594  1025  1457   972
19070    2474  2563  1457  1025
19071    3594   972  1457  3595
19072    3594  3595  1457  1458
19073    1731  3594  1457  1458
19074    1025  3594  1457  1731
19075    1731  2474  1457  1025
19076    1458  2563  1457  3151
19077    2474  1731  1457  3151
19078    3484  2474  1457  3151
19079    3484  2563  1457  2474
19080    3151  2563  1457  3484
19081    3861  1731  1457  1458
19082    3151  1731  1457  3861
19083    3861  1458  1457  3151
19084    2082  3566  1459  1787
19085    2239  3566  1459  2082
19086    2920  2108  1459  1787
19087    1683  2313  1682  1684
19088    2920  1787  1459  3566
19089    2239  2920  1459  3567
19090    3566  3567  1459  2920
19091    2239  3567  1459  3566
19092    3720  3467  2638  2637
19093    1250  1385  1384   857
19094    1682  2313   404  1684
19095    1487   531  2856  3401
19096     858   857  3837  3548
19097    1748  4157  1491  3400
19098    3170  3601  3549  3171
19099    1249  1248  3837  3548
19100    1751  2243  3837  3565
19101    3565  1249  3837  1751
19102    3548  2921  3837  2243
19103    1248  2921  3837  3548
19104    1248  1249  3837  2922
19105    2922  1249  3837  3565
19106    3565  2243  3837  2922
19107    2921  2922  3837  2243
19108    1248  2922  3837  2921
19109    3018  1387  3451  1749
19110    3548   857  2199   858
19111    3548  1459  2199   474
19112     940   474  2199  1459
19113    1499  1279  3853  1088
19114    2921  1248  2199  3548
19115    1490  4155  2999  1969
19116    3548   474  2199  2921
19117     940  2921  2199   474
19118    1248  1249  2199  3548
19119    1248  1759  1758  1249
19120    2199   857  1758   858
19121    2199   858  3549  3548
19122    1250  1385  4153  1573
19123    2856  1748   406  3400
19124    2478  4157  3451  1749
19125    1574  1250  4153  1573
19126    1573  1385  4153   798
19127    3018  2995  2797  3019
19128    3170  4155  3601  4153
19129    1683   799  1682   800
19130     799  1683  1682  1572
19131    4148  3346  3269  3265
19132     798   806  1750  1751
19133    2424  3465  2637  1604
19134    1683  4153  1970  1682
19135    1682   473  1970  1683
19136    3264  1925  4150  1926
19137     474  2243  1750  1751
19138    1250  1385  3601  4153
19139    1683   806  1970  4153
19140    1683   473  1970   806
19141     798   806  1970   473
19142    4153   806  1970   798
19143     798  1573  1970  4153
19144     798   473  1970  1573
19145    1573  1574  1970  4153
19146    1573   473  1970  1574
19147     800  2313   404  1682
19148    1490  1969  1491  4155
19149    1682   799   404   800
19150    1572   799   404  1682
19151    1968   405   406   404
19152    1751  1573  1750   798
19153    1968  4153  1969  4155
19154    1751  2243  1750  3837
19155    3720  3465  2637  4016
19156    1751  1574  1750  1573
19157     858   857  1750  3837
19158     432  3465  2637  2424
19159     857   858  1750  1574
19160    3837   858   475  1750
19161    3837   473   475   858
19162    1573  1574   475   473
19163    1750  1574   475  1573
19164    1574   858   475   473
19165    1750   858   475  1574
19166    3796  1919  1605  1227
19167    3616  3466  1604  1606
19168    1920  1925  4150  3264
19169    2637  3467  2638  2833
19170    1926  1925  4150  1855
19171    3264  1925  1919  1920
19172    2424   432  1604  1855
19173     259   914   261  3079
19174    3465  3466  1604  2424
19175    3465  1606  1604  3466
19176    1919  3908  1605  1926
19177    1919  3264  1604  1606
19178    3465  1606  2637  1604
19179    2424  3264  1604  1919
19180    1919  3796  1605  4012
19181    1604  3428  2638  2424
19182    2856  1968  1969   406
19183    1968  1970  1969  4153
19184    2424  2425  1604  3428
19185    1970  4153  1968   404
19186    1843  3971  4017  3078
19187    3548   857  1384  2199
19188    2036  1855  1604  2037
19189    2037  1855  1604  2057
19190    1604  1227  3616  1606
19191    2037  3616  1604  2036
19192    2057  3616  1604  2037
19193    2424  3616  1604   432
19194     431  1855  1604   432
19195    2057  1855  1604   431
19196     431  3616  1604  2057
19197     431   432  1604  3616
19198    1926  3908  4150  3264
19199    1926  1855  4150  3908
19200    3796  4012  4150  1855
19201    3264  4012  4150  3796
19202    3982  3908  4150  1855
19203    3264  3908  4150  3982
19204    4012  2756  4150  1855
19205    3264  2756  4150  4012
19206    3982  1855  4150  2059
19207    2059  1855  4150  2756
19208    3982  2059  4150  2058
19209    2059  2756  4150  2058
19210    3982  2058  4150  3795
19211    3795  2058  4150  2756
19212    1919  3264  4150  3982
19213    2756  3264  4150  1919
19214     432   431  2637  3465
19215    1919  1606  1605  1227
19216    1604  1606  1605  1919
19217    1227  1606  1605  1228
19218      83  4016  2637  3465
19219    3108  4016  2637    83
19220    1919  1925  1605  1920
19221    1843  3970  1770  3971
19222      83   431  2637  3108
19223      83  3465  2637   431
19224    3616  1873  1227  2091
19225    3796  1873  1227  3616
19226    3616  2091  1227  2036
19227    3796  1855  1227  1873
19228    2091  1873  1227  1855
19229    2036  2091  1227  1855
19230    1604  1855  1227  1606
19231    2036  1855  1227  1604
19232    1227  1604  3616  2036
19233    3720  3428  2638  3467
19234    2424   432  2638  2637
19235    2424  3428  2638   432
19236    3720  4016  2638  3428
19237    2637  4016  2638  3720
19238     432   431  2638  2637
19239     432  3428  2638   431
19240    2637  3108  2638  4016
19241    2038  4016  2638  3108
19242    1808  3428  2638  4016
19243    1808  4016  2638  2038
19244    1808  2038  2638   431
19245    1808   431  2638  3428
19246    3108   431  2638  2038
19247    2637   431  2638  3108
19248    1228  3908  1605  3982
19249    1919  4012  1605  2756
19250    1228  2756  1605  4012
19251    3982  1226  1605  1228
19252    2756  1228  1605  1226
19253    3795  1226  1605  3982
19254    1605  4150  2756  3795
19255    2756  1226  1605  3795
19256    4150  3795  1605  3982
19257    4150  1605  2756  1919
19258    4150  3982  1605  1919
19259    3711  2930  4017  3971
19260    1920  4030  3265  1855
19261    3040  1855  3265  4030
19262    4076  1855  3265  3040
19263    1249  1250  1384  1574
19264    3816  1920  3265  3767
19265    1877  3040  3265  4030
19266    1877  4030  3265  1920
19267     914  1492  3732  1749
19268    3711  3858  4017  2930
19269    1920  3816  3265  1877
19270    3346  4059  3269  3265
19271    3346  1857  3269  4059
19272    1857  4076  3269  1877
19273    4059  3767  3269  3265
19274    4059  1857  3269  3767
19275    3265  4076  1877  3269
19276    4076  3265  1877  3040
19277    1877  3816  3269  1857
19278    3265  3816  3269  1877
19279    3767  3816  3269  3265
19280    3767  1857  3269  3816
19281     260  3018  1498  3775
19282    3400  4155  1491  1969
19283    1490  4155  1491  3170
19284    1384   857  1758  2199
19285    2856   914   406  1487
19286     406  3400  1491  1969
19287    1248  1249  1758  2199
19288     404  4153  1968  4155
19289    1825  1388  2478  1749
19290    1449  3443  3174   522
19291    3401  1492  3732   914
19292    3400  4157  3401  1748
19293    1389  1748  3401  4157
19294     609  3919  2262  1055
19295    2998  1748  2999  1684
19296     404  2313  1968  1684
19297     800  2313  1968   404
19298    3919  2930  1543  3711
19299     404   799  1968   800
19300    1572   799  1968   404
19301     404  4155  1968  1572
19302    1499  3775  1498  3018
19303    1389  1748   406  2856
19304    1389   405   406  1748
19305    1388   531   406   405
19306    2856   531   406  1388
19307    1389  1388   406   405
19308    2856  1388   406  1389
19309    1684   405  1969  1968
19310    1968  2313  1969  1684
19311     800  2313  1969  1968
19312    1968   799  1969   800
19313    3851  2449  1969   800
19314    3851  4155  1969  2449
19315    1572   799  1969  1968
19316    1968  4155  1969  1572
19317     799  3851  1969   800
19318    3851  1572  1969  4155
19319     799  1572  1969  3851
19320    1384  1759  1758   857
19321    2199  2200  1758  2201
19322    3851  4155  3170  1572
19323    4153  1682  3170   404
19324     404  4155  3170  4153
19325     404  1572  3170  4155
19326    1682  1572  3170   404
19327    2199  1249  1384  3548
19328    1249  1574  1384  1751
19329    3548  1249  1384  3837
19330    3837   857  1384  3548
19331    1750  1751  1384  1574
19332    1750  1574  1384   857
19333    1249  1751  1384  3837
19334    1750  3837  1384  1751
19335     857  3837  1384  1750
19336    3548  3837  3549  3601
19337    3601  4153  3171  3170
19338    3170  1572  3171  3851
19339    3170  4153  3171  1682
19340    1682  1572  3171  3170
19341    1459   940  1758  2199
19342    2921  1248  1758  2199
19343    2921  1759  1758  1248
19344     940  2921  1758  2199
19345    1459  1759  1758  1828
19346    1459  1828  1758   940
19347    1828  2921  1758   940
19348    1828  1759  1758  2921
19349    1748  1749  3451  4157
19350    3171  1572   856  3851
19351    3601  4153   856  3171
19352    1749  3019  3451  3018
19353    1572  1683   856   806
19354    1682  1572   856  3171
19355    1682  1683   856  1572
19356    1682  4153   856  1683
19357    3171  4153   856  1682
19358    4153   806   856  1683
19359    3077  3776  1088  2263
19360    2999  1490  2478  1825
19361    3019  4109  1090  1279
19362    2999  4157  2478  1490
19363     405  1684  1490  1748
19364     406   405  1490  1748
19365    1969   405  1490   406
19366    1969  1684  1490   405
19367     406  1748  1491  3400
19368    1490  1748  1491   406
19369    3078  1843  1498   260
19370     260  3776  1498  3077
19371     301  1544  1543  1995
19372    1996  3297  3111   520
19373     778  2436  2203  2249
19374    2998  4155  2999  3170
19375    1997  3079  1500   259
19376    2998  4157  2478  2999
19377    1491  1492  3534  1490
19378    1491  3400  3534  1492
19379    2998  2449  2478  4157
19380    1492  3400  3534  3401
19381     531  1749  3534  1487
19382    2998  2999  2478  1825
19383     531  1487  3534  3401
19384    1749   914  3534  1487
19385    1749  1492  3534   914
19386    3401   914  3534  1492
19387    1487   914  3534  3401
19388    4109  2796  1090  3037
19389    3534  1492  1827  1826
19390    4017  1089  1544   231
19391    1826  3018  1827  3019
19392     299  1770  1498  1499
19393    4109  1088  1279  2263
19394    1825  1749  3451  3534
19395     299  4017  1544  3858
19396     271   270   269   897
19397    3019  1826  1279  1827
19398    3749  1820   423    32
19399    1450  1544  1995  4101
19400    3971  1089  1544  4017
19401     231   229  1544  4017
19402    4101  2996  1450   229
19403    1499  3776  1498  3775
19404    2796  2797  3037  2795
19405     520  3243   522   521
19406     260  3775  1498  3776
19407     259  2795  1500   260
19408    1088  2263  3037  3077
19409    3776  3079   259  3775
19410     856   858  2448  3549
19411    3534  1492  1826  2995
19412    3018  3019  1826  2995
19413    3037  1088  1090  4109
19414    3732  2995  1826  1492
19415    1825  3401  2478  1388
19416    3732  3402  1826  2995
19417    3018  2995  1826   533
19418    3018   533  1826   532
19419     298  2819   296  2436
19420    2793   817   501  1016
19421     532  3018  1827  1826
19422    1826  1492  1827  3732
19423    1826  3732  1827  3402
19424       6  3297   608   520
19425      93  1331    29  3774
19426    3170  2449  2998  4155
19427    1748  1684  2998  2313
19428    1969  4155  2998  2449
19429    1827  1826  1825  3534
19430    1969  2313  2998  1684
19431    1748  2313  2998   800
19432     800  2449  2998  1748
19433    1969   800  2998  2313
19434    2449   800  2998  1969
19435    1490  3534  1825  2999
19436    1385  2449  2448  3851
19437    1490  1491  1825  3534
19438    3534   531  1825  1749
19439    1388  1749  1825   531
19440    3534  1491  1825  3400
19441     856  2449  2448  2998
19442    3401   531  1825  3534
19443    3401  1388  1825   531
19444    1385   857  2448  1384
19445    3534  3400  1825  3401
19446    1389  1749  2478  1388
19447    4157  1749  2478  1389
19448    1490  1491  2478  1825
19449    1490  4157  2478  1491
19450    3401  3400  2478  4157
19451    1825  3400  2478  3401
19452    3401  1389  2478  1388
19453    4157  1389  2478  3401
19454    1825  1491  2478  3400
19455    4157  3400  2478  1491
19456     856   806  2448  1572
19457    3601   856  2448  3549
19458    3549  1385  2448  3601
19459    4153   806  2448   856
19460    3601  4153  2448   856
19461    3601  1385  2448  4153
19462    1385   806  4153   798
19463     806  1385  4153  2448
19464     532  3018  3451  1827
19465     532  1387  3451  3018
19466    3534  1492  3451  1827
19467    3534  1749  3451  1492
19468    1827  3732  3451  3402
19469    1749  3402  3451  3732
19470    1499  2996  4101   299
19471    3732  1492  3451  1749
19472    1827  1492  3451  3732
19473    1089  3970  1544  1090
19474    3037  1088  4109  2263
19475    2775  3840  4154  2484
19476     770   521   608   520
19477    2263  2796  4109  3037
19478    2796  2263  4109  2996
19479    1843  3971  3078  3970
19480    1499  3077  1498  3776
19481    1826  3019  1279  2995
19482    1826  2995  1279  1088
19483    1088  3776  1279  2263
19484    2797  2995  1279  3019
19485    1088  2995  1279  2797
19486    2263  3776  1279  3775
19487    3775  3019  1279  2263
19488    1088  2797  1279  2795
19489    3019  2795  1279  2797
19490     299  3970  1544  3971
19491    1097   210   209  1542
19492    1089  3971  1544  3970
19493    3077  3776   259   260
19494    2797  2795  1500   259
19495    1770  3858   299   300
19496    1499  3078  1498  3077
19497    1770  2996  1499   299
19498    3732  3402  1997  1749
19499    2797  3402  1500  2795
19500    1843   260  3078   259
19501     209  1542  1992  1097
19502    1097  1542  1992  1460
19503    4101  2996  1995  1450
19504     259  3077  3078  3079
19505    1896  3304  3231  2437
19506    2796  2263  1843  3037
19507    1997  3732   261  3401
19508    1500   260  1498  1997
19509     406  2856   261   914
19510    3077  3970  3078  3971
19511     259   260  3078  3077
19512    3711  2930   300  3858
19513    1843  2796  1770  2263
19514    2996  2263  1770  2796
19515    1843  2263  1770  1056
19516    4101   229  1544   231
19517    3018  2995   259  2797
19518    3018  3079   259  2995
19519    2795  3018   259  2797
19520     260  3018   259  2795
19521    1055  3919  1543  3711
19522    4101   231  1544  1089
19523    1770  2796  1499  2996
19524     914  3401   261  3732
19525    1997  3079   261   533
19526     914   533   261  3079
19527    1749  3732   261  1997
19528    1749   914   261  3732
19529     532   533   261   914
19530    1997   533   261   532
19531    1387  1749   261  1997
19532    1387   914   261  1749
19533    1387   532   261   914
19534    1997   532   261  1387
19535    1056  3970  3078  3077
19536    1843  3970  3078  1056
19537    1500  2795  1498   260
19538    1499  1770  1498  1843
19539    2263  1056  3078  3077
19540    1843  1056  3078  2263
19541     260  1843  1498  1770
19542    3037  2263  3078  3077
19543    1843  2263  3078  3037
19544    1449   522  3217  3218
19545       6  1206   608     4
19546    1039  3297  3110  1038
19547     749   521   750  3218
19548    1014  3582  3367  2663
19549    3711  3858   300  1055
19550    2249  2338  2202  2568
19551    1088  2795  3853  3037
19552    1088  3037  3853  1499
19553     869   870  1769   871
19554    4017  3858   299  1770
19555    1332  2436  3900   778
19556    3900  2682  2203  2248
19557    1770  3971   299  4017
19558     299  3858  1544   300
19559    2338  2455   296  1427
19560    1770  3970   299  3971
19561    2248  2682  2203  2249
19562    2338  1427   296  3041
19563    1056  3970   299  1770
19564     301   299  1544   300
19565    1770  2263   299  1056
19566    2996  2263   299  1770
19567    4101  1499  1544  3853
19568    4101   299  1544  1499
19569    3079  2995  1500   259
19570    1997   533  1500  3079
19571    2797  2995  1500  3402
19572     259  2995  1500  2797
19573    3079   533  1500  2995
19574     532   533  1500  1997
19575    1826  2995  1500   533
19576    3402  2995  1500  1826
19577    1826   533  1500   532
19578    1997  1387  1500   532
19579    1826   532  1500  1827
19580    1827  3402  1500  1826
19581    1997  3402  1500  1749
19582    1997  1749  1500  1387
19583     532  1387  1500  3451
19584    1827   532  1500  3451
19585    3451  3402  1500  1827
19586    3451  1749  1500  3402
19587    1387  1749  1500  3451
19588    3037  1843  1499  3078
19589    1499  2796  3853  2996
19590    3078  3077  1499  3037
19591    3037  3077  1499  1088
19592    4101  2263  1544   299
19593    1088  3077  1499  3776
19594    2795  2996  3853  2796
19595    3863  1097  1992  1460
19596    1279  3776  1499  3775
19597    1279  1088  1499  3776
19598    3018  3019  1499  3775
19599    1279  3775  1499  3019
19600    1499  3018  3853  3019
19601    2795  3019  3853  3018
19602    1279  3019  3853  2795
19603    1499  3019  3853  1279
19604    3853  2996  4101  1499
19605    2484  3840  4154    48
19606    1055  3711  1543   301
19607     231  2996  4101   229
19608    3304  3112  3231  1923
19609     301  3711  1543  2930
19610     231  1089  4101  2996
19611    3582    48  3367  2484
19612    1090  2996  4101  1089
19613    1090  4109  4101  2996
19614    3857   301  3859   300
19615    1450   229  3175  3919
19616     299  2996  4101  2263
19617    4109  2263  4101  2996
19618    3011  1129   683  3302
19619    3859  3857  2318  2929
19620     769   770   608  2342
19621    1090  3970  1544  4109
19622    4101  4109  1544  2263
19623    1056  2263  1544  4109
19624    4071  1543  3113   301
19625     520   521  1996  3243
19626    2929  2930  2318  3859
19627    1541  2549  3838  2550
19628    1544  4101  1450   229
19629     156  2649   189  1820
19630    2203  2436   296  2249
19631     770     4   608  1206
19632    1543  1995  1996  3243
19633    3443  2929     6  2318
19634    1544   229  1450  3858
19635    1544  3858  1450   300
19636    1544  4101  1543  1995
19637     610  3443   608   770
19638     522  3243   610  3443
19639    1579  1578   439  2358
19640      46  3918    47  1154
19641    1924  4071  3111  1996
19642    3627  2625  1967  3755
19643    3243  3297  1996   520
19644    4040  2346   615  3509
19645    4017  3858  3859  2930
19646    4071  1543  1996  3243
19647    1099  1098   499   500
19648    3243  1450   522  1995
19649    3443  1449  3174   230
19650    2342   749   769   770
19651    1995  1543   522  3243
19652     610  3443  1449   522
19653    1923  3112  1897  1207
19654    3993  2550  3839  2793
19655    2338  2436   778  2249
19656    3113  4071  1924   772
19657    2437   571  3044  1663
19658    3044  1616  1879  1038
19659    1186  1187   436  1188
19660       5  2929  3443  1996
19661    2443  1800  3746  3043
19662    1543  3243  3113   522
19663     520   521  1924  1996
19664    1996   520  3111  1924
19665     609  1996   610  3243
19666     610     5     6  3443
19667     749   521  3218   770
19668    1038   520  1039  3297
19669     522  1450  1449  1995
19670    3052  3297  2704   520
19671    1801  1803  2444   444
19672    2438  1038   771  1897
19673    1616   572    28  3716
19674    2244  1331    28  3716
19675       6   608  3174  3217
19676    1039   521  2704   520
19677     749  3218   750  3217
19678    2977  1039  2704   751
19679    1039  1038  1616   572
19680    3716   835    29  3622
19681      30   572  1616  1330
19682    3218  3217  3052   750
19683    3052   521  2704  3218
19684    1128  1663  3231  3304
19685    1038   571  1616   572
19686     571  1330  1616   572
19687    3113   301  3857   300
19688    2929     5  3857  3113
19689    3113  1543  3857   301
19690     773   772  2074     4
19691    3971  3970  1054  1055
19692     773  2319  2074   772
19693     834  1616  1879   835
19694     522  1543  3857  3113
19695    3112  3297  1923  3111
19696     522  1543  1449  3857
19697    3857  3113  2318  2929
19698    3857  1543  3859   301
19699    2930   301  3859  1543
19700    2929     5  3859  3857
19701    2929  2930  3859     5
19702    2977   751  2704  3052
19703    3919  3443  3175   610
19704    4017  3971  1054  1055
19705     772  4071   773  3113
19706    2437  3304  3231  1663
19707    1663   571  3044  1128
19708    1879  3716  2977   835
19709    2319   773  2074  2318
19710    2318     4  2074  2929
19711    1996  4071   773   772
19712    1924   772   774  1923
19713    3113  4071  2318  2929
19714     773  4071  2318  3113
19715    1995  1543   230  1449
19716     231   229  3175   230
19717     773  1996  2318  4071
19718    2929  4071  2318  1996
19719    1924   772  2074  2319
19720       4   772  2074  1924
19721    1924  2319  2074  3111
19722    3111     4  2074  1924
19723    3297     4  2074  3111
19724    3111  2319  2074  3297
19725    1897  1923   774  2438
19726    2437   571  1663   572
19727    1896  2437  2438  1897
19728      95  1662  1663  2437
19729    4136  3804   189  2373
19730    2244    30    28  1331
19731    2244    95  1663  2437
19732    2074  2319  1897  1207
19733    1054  1055  2262  1543
19734    3110  1207  1897  3112
19735    1128  3304  3044  1663
19736    3110  1038  1897  1207
19737    3231  1663  2438  2437
19738    3112  3304  3231  3110
19739    1896  1330  3231  3304
19740    2438  1923   774  3231
19741    3304  1038  3231  3110
19742     773   772   774  2319
19743    3231  1038  2438  3110
19744    1897  3110  2438  1038
19745      28    30   769  2342
19746     834   835    29  1331
19747    1616   572  3716   835
19748    1897  1207   774  1923
19749    3111  3297   774  2319
19750    1923  3297   774  3111
19751     230   610  3175  3443
19752    1896  1330  3044   571
19753    1896  2437  3044  3304
19754     571  2437  3044  1896
19755     750   521  3052  3218
19756     609   610   230  1449
19757    2444   444  1259  1801
19758       4  1207  1206  2074
19759    3724  1689   190  2853
19760    3716  1331    28    29
19761    2244  1331  3716   835
19762     156  2648   189  2649
19763    1616    30    28   572
19764      77   185  3645   184
19765       6  3443  3174   608
19766    1098  1489  1488  1541
19767    1663  2244  3716   835
19768     771  1039   769  1038
19769     770   520   749   521
19770    1616   835   834   572
19771    1206  1330  2342  1207
19772    1128   572   834   835
19773    3297     4   770  2074
19774     834  1331  2978  2244
19775    2342   749   750   769
19776    3622  1688    29  1689
19777     770   749   769   771
19778    2074  2319  1206   749
19779     835   572  3716  1663
19780    3231  3304  2977  1038
19781    3443   770  3174   608
19782     774  3297   749  2319
19783    3052   751  2704   771
19784     833  2346  2253   898
19785    1089  1090  2262  1054
19786    2074  3297   749   770
19787    2074  2319   749  3297
19788     609     5     6   610
19789    3044  3304  2977  1330
19790     610   522  1449   609
19791    1995  1543  1449   522
19792    1188  2019  2577  3839
19793     834  1616  2978  1879
19794       4  2074  1206   770
19795     770  2074  1206   749
19796    3344   576  1571    94
19797    2977   834  2978  1879
19798    1128   835   834  2244
19799    1570  1879  2978  1616
19800    2244   835   834  1331
19801     269  3656  3655   785
19802    1346   152   975   153
19803    1089  3919  2262  1090
19804    3716  1331    29   835
19805     774  2319  1206  1207
19806     749  2319  1206   774
19807    1038  1039  1206  3110
19808    3110  1207  1206  1038
19809    1923  1207  1206  3112
19810    3052  3112  2704  3297
19811     774  1207  1206  1923
19812    3112  1207  1206  3110
19813    4040  3509  1154  2346
19814    2437   572    28    30
19815    1663  2244    28  3716
19816    1663  2437    28  2244
19817    1663   572    28  2437
19818    3716   572    28  1663
19819    1897  1330   769   771
19820    2342  1330   769  1897
19821    2342  1897   769  1038
19822     771  1038   769  1897
19823    3711  1055   609     5
19824    3919  1055   609  3711
19825    3443     5     6  2929
19826    4109  3970  1054  1090
19827    3711     5   609  2930
19828    3711  2930   609  3919
19829    1056  1055  1054  3970
19830       6   520   608   521
19831    3113  3243   609   522
19832       5  3857   609  3859
19833     609  2930  3175  3919
19834    3859  2930   609     5
19835    2263  1056  1054  4109
19836    1996  3243   609  4071
19837    1996  4071   609     5
19838    4071  3243   609  3113
19839    3113     5   609  4071
19840    3113   522   609  3857
19841    3857     5   609  3113
19842    1090  3970  1054  1089
19843     610   609  2262  1054
19844    3218   608  3217   770
19845    2318     4     6   773
19846       4   772     6   773
19847    1054  4109  2262  2263
19848    1090  3919  2262  4109
19849    1924   520     6   521
19850    1924   772     6     4
19851    3111     4     6  3297
19852    3111  3297     6   520
19853    3111  1924     6     4
19854     520  1924     6  3111
19855     229  3858  1054  1450
19856    1450   300  1054  1995
19857     300  3858  1054  1055
19858    1450  3858  1054   300
19859    1543  1995  1054   301
19860    1543   301  1054  1055
19861     301   300  1054  1055
19862    1995   300  1054   301
19863     229  3919  2262   231
19864    1543  1995  2262  1054
19865    1543  3919  2262  1995
19866    1450   229  2262  1054
19867    1450  3919  2262   229
19868    1995  1450  2262  1054
19869    1995  3919  2262  1450
19870    1449   229   230  1450
19871    3243   521  3218   522
19872     608   770  3218   521
19873    1879    28  2977  3716
19874     751  3716  2977    28
19875    1879  1039  2977  1038
19876    3716   835  1879  1616
19877     770   749  3174  3217
19878    1996   521  3218  3243
19879     608   521  3218     6
19880    1449   610   230  3443
19881     609   610  3175   230
19882     751  1038  2977  1039
19883     231  1089  3175  3919
19884    1996   772  3218  1924
19885    1924   521  3218  1996
19886    1924   772  3218     6
19887       6   521  3218  1924
19888     770  3443  3174   749
19889    3175  3443  3174   230
19890    3859  2930   230   609
19891    1543  2930   230  3859
19892     609  3857   230  3859
19893    1449  3857   230   609
19894    1449  1543   230  3857
19895    3859  3857   230  1543
19896    3218   522  3217  3243
19897    1879   835  2977   834
19898    3044  1038  2977  3304
19899    3218  3243  3217  1996
19900     751   835  2977  3716
19901     834   835  2977   751
19902       6   772  3217   773
19903    3218   772  3217     6
19904    3218  1996  3217   772
19905     773   772  3217  1996
19906     230  2930  3175   609
19907    1995  1450  3175  3919
19908     230  1450  3175  1995
19909    1543  2930  3175   230
19910    1543  3919  3175  2930
19911    1995  1543  3175   230
19912    1995  3919  3175  1543
19913    3243   522  3174  3443
19914    3217   522  3174  3243
19915    2318  3443  3174     6
19916    1996  3243  3174  3443
19917    3217  3243  3174  1996
19918       6   773  3174  2318
19919    3217   773  3174     6
19920    3443  2318  3174  1996
19921     773  1996  3174  2318
19922    3217  1996  3174   773
19923    3716   771   751   835
19924     771  1038   751  1039
19925     774   749   750  1206
19926    3052   520  2704   521
19927     771  3716   751    28
19928      28    30   751   771
19929    3231  1038   751   771
19930    1154  3918    47  1153
19931     749  3297   750   520
19932     771    30   751  1330
19933     771  1330   751  3231
19934     156  3804   189  3431
19935    3044  1330  1879  1616
19936      28  1616  1879    30
19937    1063  2133   469  1890
19938    1570  2244  2978  1331
19939    1689  1688  2854  3622
19940    1616  1330  1879    30
19941    3622  1570  2854  2978
19942    3397   836   443  1803
19943     834   572  2978  1616
19944    3231  1330  2977  3304
19945     751  1330  2977  3231
19946    1879  1330  2977    30
19947     751    30  2977  1330
19948      28    30  2977   751
19949    1879    30  2977    28
19950     869  1769  3318  2664
19951     750   771  3052   769
19952     750  3297  3052   520
19953     769  2342  3052   750
19954    4136  2648   189  3431
19955    2342  1206  3052   750
19956    3749    32   423   155
19957    1923  3112  3052  3297
19958     774  3297  3052   750
19959     774  1923  3052  3297
19960    3112  1923  3052  1206
19961    1206   774  3052   750
19962    1206  1923  3052   774
19963    1039   771  2704   751
19964    2948  2283  2533  3650
19965    1577  2443   443  3746
19966     438  2948   469  2283
19967    1206  3112  2704  3052
19968    3110  1039  2704  3297
19969    3110  3297  2704  3112
19970     769   771  2704  1039
19971    3052   771  2704   769
19972    3110  3112  2704  1206
19973    1206  1039  2704  3110
19974    2342  1206  2704  3052
19975    2342  1039  2704  1206
19976     769  2342  2704  3052
19977     769  1039  2704  2342
19978      94    93   236    54
19979    4136  2649   189  2648
19980    2417  1426  2416  3399
19981     677  4031  3929   528
19982     422  3724   190  4136
19983     422    93   190  3774
19984     422  1689   190  3724
19985    1309  3649  3752  3114
19986    3044   571   237  1128
19987     832  3579  3583   831
19988     615  2346  2444  3509
19989    3044  1128   237  3304
19990     785  3488  2288  3234
19991    1801  4040   615  1803
19992     207  1156  2400  1062
19993    3083  3843  3724  2373
19994      32  1820   423    31
19995      29  1331  2978   834
19996    1570  1331  2978    29
19997      29  3622  2978  1570
19998      29   834  2978  3622
19999    1689  3804  3724  2373
20000    2978   834   190  2853
20001    3749  3725   423  3729
20002    3729  1820   423  3749
20003    2649   342   423  1612
20004     342  1820   423  3729
20005    3729  3725   423   342
20006    1612  1610   423  2649
20007    1612  3725   423  1610
20008    1612   342   423  3725
20009    3431  2648   423  2649
20010    2649  1610   423  3431
20011    1689  2373  3724  3843
20012    1610  3343   423  3431
20013    1610  3725   423  3343
20014    2373  3804   423  3431
20015    3083   576  1571  3843
20016    2649  2648  3724  1689
20017    2372  3343   423  3725
20018    3431  3343   423  2372
20019    2372  2373   423  3431
20020    2372  3725   423  2373
20021     443  2290  3714  1259
20022      54   576   340   341
20023    3344    94  1571    93
20024     422    93  1571   190
20025    1799  2346  1130   685
20026     190    93  1571   576
20027     423  2373   156  3804
20028    2559  3651  3011  1346
20029      32   155   156   423
20030     423  2648   156  2649
20031    2506  1800  3746  3234
20032     423  3804   156  3431
20033     423  3431   156  2648
20034    4136  3431  3724  2648
20035    1689  2648  3724  3431
20036    4136  3804  3724  3431
20037    1689  3431  3724  3804
20038    2854  4136  2853  3724
20039    3724  1689  2853  2854
20040     189  4136  1571   422
20041    2854  1570  2853  2978
20042    1689  1688  2853  2854
20043     422  4136   190   189
20044    2854  1688  2853  3774
20045     189   156   190   422
20046    3774    93  2853  2854
20047    2853  1570   190  2978
20048    3725   342   340  1612
20049    3083  3343   341  1610
20050      53  1662    52  1127
20051    4136   340  1571   341
20052     444  2444  1259  1260
20053      54   576   341  3083
20054      53  2978    52  2244
20055     236  3083   235  3843
20056    1570   572   575  1616
20057    2292  3981  2663  4145
20058     422  1688  1571  3774
20059    3344  3774  1571  1688
20060    3724  1689  1571   422
20061    3724  3843  1571  1689
20062    4136  3724  1571   422
20063    1689  1688  1571   422
20064    1689  3843  1571  1688
20065      54  3344   236    94
20066    1313  1737  3215  3990
20067    2244   834    53  2978
20068      53   571    52   572
20069      53   834   237   572
20070    1128   572   237   834
20071      95  1662   237  1128
20072      53  1662   237    95
20073    2244   834   237    53
20074    2244  1128   237   834
20075    2244    95   237  1128
20076      53    95   237  2244
20077      53    95    52  1662
20078    1154  4040    47    46
20079      53  2244    52    95
20080     340   156  1571  3725
20081    2373  3725   340  2372
20082    1610  3725   340  1612
20083    2373  2372   340   341
20084    3083  3843    54   576
20085     236  3843   235  3344
20086    1127  3344   235  3843
20087    3839  3993   436  1188
20088     576  3843    54  3344
20089      94   576    54  3344
20090      52   572   575  1570
20091     237    53   235  1127
20092      93   576    54    94
20093     190   576    54    93
20094     236    54   341  3083
20095    4063  2651  3483  2593
20096    2775  3840  2484  2019
20097    1798  3509  1154  4040
20098      93  2854   236  2853
20099     190    93   236  2853
20100      54    93   236   190
20101    2372  3083   341  2373
20102    1571  3724   341  3083
20103    4136  3724   341  1571
20104    4040  1803  1154  1798
20105    3724  2373   341  3083
20106    4136  2373   341  3724
20107     341  4136   340  2373
20108     340  4136  1571   189
20109     189  2373   340  4136
20110     156  2373   340   189
20111     156  3725   340  2373
20112     156   340  1571   189
20113    2372  3343   340   341
20114    2372  3725   340  3343
20115     236    53   235   237
20116      94  3344   235  1127
20117     236  3344   235    94
20118      52    53   235   236
20119      52  1127   235    53
20120      94    93   235   236
20121      94  1127   235    93
20122    2483  2775  2484  1152
20123      93  2854   235   236
20124      93  1127   235  2854
20125    1577  2443   685  1131
20126     501  2793  3176   590
20127      54   576   575    52
20128    3993  2019  1188  3839
20129    4154  3581   435   434
20130    2347  1803  1798  3918
20131    1724   206  1482  1886
20132    1798  1803  1800  3043
20133      48   885  3362  2484
20134    1308  3813  1429  3215
20135     871   869  2664  1769
20136    3579   831  3686  3583
20137     833  2506  2253  3234
20138     443  2346  2253   833
20139    3693  3872  3651  3149
20140    3416  2402  1802   838
20141    1186  2907   436  1187
20142    2506   784  2253  2290
20143    2292  1014   871  2663
20144     236    54   575    52
20145    1571   422   575  1570
20146     190   422   575  1571
20147     190  1570   575   422
20148     236   190   575    54
20149     235   236   575    52
20150    2853   190   575   236
20151    2853  1570   575   190
20152    2854   236   575   235
20153     235    52   575  1127
20154    2854  2853   575   236
20155    2854  1570   575  2853
20156     235  1127   575  2854
20157      52  1662   575  1127
20158    3622  1570   575  2854
20159    2854  1127   575  3622
20160      52    95   575  1662
20161      29  1127   575  1662
20162    3622    29   575  1570
20163    3622  1127   575    29
20164      52  2244   575    95
20165    1570  2244   575    52
20166      29  1662   575    95
20167    2244  1331   575    95
20168    1570  1331   575  2244
20169      29  1331   575  1570
20170      29    95   575  1331
20171    3629  3981  3362  3361
20172    2484  1153    48  1152
20173    2650   708  2098  2099
20174     297  2568  2202   298
20175    2483   885  2519    48
20176     501  3838  4063  2627
20177    2483   885    48  2484
20178    4140  1252  1058  1251
20179      76   185  3645    77
20180    1152  2483    48  2484
20181      48  1153  2519  1152
20182    1154  1153    47  4040
20183    2519    48    47  1153
20184     615  2346  1130  2444
20185    4040  1798   615  1803
20186    1539   937  1565   560
20187     501  2627  4063  2593
20188    2593  1305   589   591
20189    3538  2823  3539  2815
20190    2347  3918    47    46
20191    2347  1153    47  3918
20192    4094  2720  2632  4112
20193    2158  2793  3176   501
20194    2651  2907  4063   590
20195    3714  2289  2259  2004
20196    3514  3114  1579  3649
20197    2444  1260  3685  1259
20198    2358  2357   439  3514
20199    3277   809  1063  1890
20200    2627  2549  3838  1541
20201    1489  1464  1098  2594
20202    3844  1521  1495  2765
20203    3993  4154  3722  3840
20204    1488  1489  2740   184
20205    3842  1016  1015  2793
20206    3839  3993  3838  2550
20207    2444   444  2518   445
20208    2519    48  3582  3581
20209    1769  2775  3367  2484
20210    3581    48  3582  2484
20211     307  3194  3570   939
20212    3581  2484  3582  2775
20213    1014  2663  3367   871
20214     434  2775  1188  2019
20215    2677    77   499   500
20216    2418  2417  2416  3399
20217    2285  1446  1382   437
20218    3838  2550  2577  3839
20219    1187  2793  2577  2550
20220     885  2483   435   434
20221     436  1187  2577  1188
20222    3993  2550  2793  3722
20223    3722  1016  2793  3993
20224     184  1542  2740  1097
20225    1014  3159  2292   436
20226    1305  1307   589   591
20227    3538  2813  3539  3366
20228    4145   436  2292  3159
20229    1014  3581  2663  3981
20230    3581  3842  1015  3582
20231    1542  1541  1540  1098
20232    1496  2160  2975  3611
20233    4154  3842  1015  3581
20234    3362  3981  2664  2663
20235    4154  3840  1015  3842
20236    3842  3840  1015  2019
20237    3900  2248  2203  2250
20238     306   307  1539   937
20239    2162   305  2071   245
20240    3860  3974  3014  1465
20241    3152   884  3153  3417
20242    2019  3840  3839  3993
20243    1152  2775   434  2483
20244    1099  1489  1488  1098
20245    1488  1099  2626  2740
20246    1099  1098  2626  2627
20247    1015  1014  3367  1769
20248     434  3840   435  4154
20249     500  1464   589  2677
20250    2549  1489  1488   817
20251    1489  2549  1488  1541
20252    1489  1307  1186  1488
20253    2818  2817  3645  2739
20254    1188  3839  2577   436
20255     499  1541  1540  2549
20256    1978  1979   779  4072
20257     185  3527  3862  3517
20258     210  3527  3862   185
20259    3273  1979  2418  2063
20260    2594  1464  1465  1466
20261     500  1541   499  2549
20262     210  3862  2063  2062
20263    1489    75   184    77
20264    1213  2436   778  2338
20265    2338   777   778  1213
20266    1059  1213   778   777
20267    2436  1213   778  1059
20268    2818   185  2817  3517
20269    2775  2019   434  3840
20270    1186  1187  2626  2627
20271     778   777   779  4072
20272    4154  3581   434  2775
20273    2740  1099  3863  1097
20274    3518   185  2818  3517
20275    2063  3517  2418  3518
20276    3518  3273  2818   185
20277    1978   185  2818  3273
20278     779  1212  2416  4072
20279    3518  3273  2418  2063
20280    1306    75   184  1489
20281    1488  1187  2626  1186
20282    1212  4072   779  1979
20283    1212   779  2416  2819
20284    2676  2549   500   817
20285    1978  1979  2819   779
20286    1425  1426  2416  2417
20287     297  2568   208  2202
20288     297  2416   208  2568
20289    1979  1425  2819  2454
20290    2817  2818   298  2819
20291    1212  1979  2819  2454
20292     779  1979  2819  1212
20293    1059  3041   296  1427
20294    2627  1187  2626  2577
20295    4148  3346  1332  1333
20296    1542  1097   184    77
20297    1488  1098  2626  1099
20298    3863  2817  2739  3862
20299    1098  1541  2626  2627
20300    2740  1097  3863   184
20301    3862   210  2739  3863
20302     185  3862  3645  2817
20303    1188  2019   435   434
20304    1496  2160  1495   244
20305    3152  2401   886  3361
20306     434   884   435   885
20307    3839  2550  2577  2793
20308    3582  2775   434  3581
20309     435   434   436  1188
20310     435  1188   436  3159
20311    3842  2019  1188  3722
20312    2019  3842  1188  1015
20313    1305  2907  1186  2593
20314    1307  1305  1186  1488
20315    1305  2593  1186  2627
20316     559  2099  2098   560
20317    2627  3838  1186  1187
20318    1187  3838  1186  2550
20319    3176   590   591  2676
20320    1187  2550  1186  2793
20321    2793  2550  1186   590
20322    2793  1016  1186  1187
20323    3627   306  1967   584
20324    3317    46  3747    47
20325    3581  3582   435   434
20326    3993  3722   436  1188
20327      47  1153  3747  3317
20328    3722  3842   436  1188
20329    2691  1390  2692  3754
20330    1188  3842   436  1015
20331    1014  2292  3417  3629
20332    2793  1016  2577  3839
20333    1187  1016  2577  2793
20334    2651  1187   436  2907
20335    1187  2651   436  2577
20336     893  2813  1314   894
20337     184  1489  2740  1306
20338     817  2676   501   500
20339    2418  2063  3014  3974
20340    2594  1489  2740  1099
20341    2594  1306  2740  1489
20342    1186  2627  2626  1305
20343    1186  1305  2626  1488
20344    1488  2549  2626  1541
20345    2627  1541  2626  2549
20346    2549   817  2626  2627
20347    1488   817  2626  2549
20348      76    77  3645  2739
20349     184  1097  3863    77
20350      77   184  3645  2739
20351    3862   210  3863  1097
20352    2818   185  3645  2817
20353      77  3526  3863  3519
20354      77  1097  3863  1466
20355      77  1466  3863  3526
20356    3974   185  1992  3014
20357    2063  3974  1992  3014
20358     209  3645  1992   185
20359     778   777  1332  1333
20360      76    77  2739  3519
20361    2549   817  2676  1489
20362    2692  3486  1911  3662
20363    3862   210  3645  2739
20364    3862   185  3645   210
20365    3645  2739  1992  1460
20366    3863   210   209  1097
20367    3518  3517  2418  3399
20368    2594  1466  1465  1306
20369    3318    46  2518  3317
20370    4072  1059   296  2436
20371    3273  3399  2418  1979
20372    3518  3399  2418  3273
20373    3527  3517  2063  3862
20374    3527   210  2063  3398
20375    1306    75  3860  2677
20376     298  2416   297  2568
20377     208   210   209  2062
20378    3398  3974  2418  3399
20379    2063  3974  2418  3398
20380    4145  2159  2292  3842
20381    4040    46   615    47
20382     586   583   656   561
20383    1607   658   656  1608
20384     296  2249  2202  2203
20385    3213   561   867   585
20386    1212  2454  2416  2417
20387    2793  2550   501   817
20388    3582  3581  1014  1015
20389     244  4121  1496  2160
20390     590  2550   501  2793
20391     210  3527  2063  3862
20392    2818  3517  2063  3518
20393    3862  2817  2063  2062
20394    3862  3517  2063  2817
20395    3860  1464  1465  2594
20396    3398  3974  1465  1466
20397    3518  3273  2063  2818
20398    2817  2818  2063  2062
20399    2817  3517  2063  2818
20400    1979  1978  2063  3273
20401    2062  1978  2063  1979
20402    2062  2818  2063  1978
20403    3273  1978  2063  2818
20404    2677  3860   589   591
20405     591   590   589  4063
20406    3135  1521  3844  3995
20407     500  2677   589   591
20408     209  2739  1992  3645
20409    1306    75  1465  3860
20410    1306  1466  1465    75
20411      75    77  1465  3860
20412      75  1466  1465    77
20413      77  1097  1465  1542
20414      77  1466  1465  1097
20415    1465  3974  3014  1466
20416    2250  2248  2203  2249
20417    2680  2338  2416  2417
20418    1466  3974  3014  3526
20419    3526  3974  3014  3519
20420    3900  2250  2203  3899
20421    2739  3863  1992  1460
20422    1333  2250  1332  3899
20423      76  3519  3014  3974
20424      76  3974  3014   185
20425    1465  3860  1460  3014
20426     501   817  2159  1016
20427    2677  1464   589  3860
20428    1465  1097  1460  1542
20429    1466  1465  1460  3014
20430    1466  1097  1460  1465
20431    3863  1097  1460  1466
20432    1769    48  3367  2519
20433    1466  3526  1460  3863
20434    3014  3526  1460  1466
20435    3863  3519  1460  2739
20436    3526  3519  1460  3863
20437    3014  3519  1460  3526
20438    3014    76  1460  3519
20439    2739  3519  1460    76
20440    2739    76  1460  3645
20441     499  1098  1540  1541
20442     209  3863  1992  2739
20443      76   185  1460  3645
20444    3014   185  1460    76
20445    2819  1425  2416  2454
20446    1212  2417  2416  3274
20447    1212  3274  2416  4072
20448    2739   210   209  3863
20449    2416  4072  2568   779
20450    2416  1059  2568  4072
20451    1059  2417  2568  3041
20452    2416  2417  2568  1059
20453    1333   777  1332  2960
20454    2960  1061  1332  1333
20455     297   210   208  3862
20456    1333  1524  1332  2248
20457    2568  2416   208  2062
20458    1333  1061  1332  1524
20459     778   777  3900  1332
20460    1332  2248  3900  2250
20461    1332   777  3900  2960
20462    2960  1061  3900  1332
20463    2248  1522  3900  2682
20464    2248  1524  3900  1522
20465    1332  1524  3900  2248
20466    1524  1061  3900  1522
20467    1332  1061  3900  1524
20468    2249  2436   296  2338
20469    2682  1522  3900  1061
20470    2960  1061  2203  3900
20471    2960  2249  2203  1061
20472    2960   777  2203  2249
20473    3900   777  2203  2960
20474    2819   779   296  2436
20475    2819  2416   298  2568
20476    2818  1978   298  2819
20477    1978  1979   298  2819
20478    2203  3900   296  2436
20479    2819  1425   298  2416
20480    1979  1425   298  2819
20481    1460  2677   499   500
20482    2416  1425   297  1426
20483     298  1425   297  2416
20484     298  2817   297  2818
20485     296  2338  2202  2249
20486    1979  1425   297   298
20487    1979  1426   297  1425
20488     298  1978   297  1979
20489     298  2818   297  1978
20490    1059  2455   296  2436
20491    1427  2455   296  1059
20492     296  1059  2202  3041
20493    2568  3041  2202  1059
20494    2568  3041  2338  2202
20495    3041  2568  2338  2417
20496     296   298  2202  2819
20497    2568  2819  2202   298
20498     296  4072  2202  1059
20499    2568  1059  2202  4072
20500     296  2819  2202   779
20501    2568   779  2202  2819
20502     296   779  2202  4072
20503    2568  4072  2202   779
20504     297  3862   208  2817
20505    2062  2817   208  3862
20506     297  2817   208  2818
20507    2062  2818   208  2817
20508    2418  2062   208  2416
20509    2416  3399   208  2418
20510    2416  1426   208  3399
20511     297  1426   208  2416
20512     297  2818   208  1978
20513    2062  1978   208  2818
20514    1979  1426   208   297
20515    1979  3399   208  1426
20516     297  1978   208  1979
20517    2062  1979   208  1978
20518    2418  3399   208  1979
20519    2418  1979   208  2062
20520    3645   210   209  2739
20521     500  2549   499   817
20522    3974   210   209   185
20523    3645   185   209   210
20524    3000   307  1539   306
20525    3860  1464   589  1465
20526    1015  3842  2292  2159
20527     500   499   501   817
20528    2677  2594   500  1464
20529    1098  1464   500  2594
20530    1098  2594   500  1099
20531    1099  2594   500  2740
20532    2677  1306   500  2594
20533    2740  2594   500  1306
20534    2740  1306   500   184
20535    1916  2815  3539  2823
20536    2677    75   500  1306
20537     184  1306   500    75
20538    2677    77   500    75
20539     184    75   500    77
20540     500    77   499   184
20541    2740  1099   499   500
20542    2158   501  3176  2676
20543     184  2740   499   500
20544    1305  2593   501  2676
20545    3838   817   501  2550
20546    3838  2627   501   817
20547    2593  1305   501  2627
20548    1307  1305   501  2676
20549    2627  1305   501  2626
20550    2626   817   501  2627
20551    1305  1307   501  1488
20552    1489  1307   501  2676
20553    2676   817   501  1489
20554    1488   817   501  2626
20555    2626  1305   501  1488
20556    1489   817   501  1488
20557    1488  1307   501  1489
20558    1099  1542  1540  1098
20559    2740  1099  1540   499
20560    2740  1542  1540  1099
20561     499  1460  1540  2677
20562    3860  2677  1540  1460
20563    1465  3860  1540  1460
20564    1460  1542  1540  1465
20565     184  2740  1540   499
20566     184  1542  1540  2740
20567     184    77  1540  1542
20568     499    77  1540   184
20569     499  2677  1540    77
20570    3860    77  1540  2677
20571    1465  1542  1540    77
20572    1465    77  1540  3860
20573    3438  3384  2287  2078
20574    3722  1016  2159  3842
20575    2651  2907  2159  1187
20576    1187  2907  2159  1186
20577    1186  1016  2159  1187
20578    3993  1016  2159  3722
20579     892  1430  2301  1428
20580    1187  1016  2159  2577
20581    2577  2651  2159  1187
20582    2593  1464   589  1305
20583    3839  1016  2159  3993
20584    2577  1016  2159  3839
20585    4154  3840  1014  1015
20586    3629   884  3417   435
20587    1015  2159  2292  1014
20588    1014  3981  2663  2292
20589     436  1188  1014  3159
20590    1015  1188  1014   436
20591    1015  3840  1014  2019
20592    1188  2019  1014  3159
20593    1015  2019  1014  1188
20594    3842  2292   436  1015
20595    2159  2651  2158  2907
20596    1539  3001  1565   937
20597    3000   586   559   583
20598    1016   501  2158  2159
20599    1016  2793  2158   501
20600    2098  2204   656   586
20601    2159  2907  2158  1186
20602    1186  1016  2158  2159
20603    1186  2793  2158  1016
20604    3807  3611  3189  2690
20605     869   870  2402  2401
20606    2158  1186  3176  2793
20607     807   808  1885  3277
20608    3581  3582  2663   435
20609     435  3981  2663  3581
20610    1259   443  2253   833
20611    1769   871  3367   435
20612    2302  3752  2721  1309
20613     989  3995  3844  1068
20614    3995  1521  3844  2765
20615    1769  3317  3367  3747
20616    2663   435   871   884
20617    1309  3752  2721  3512
20618    1015  3842  3367  3582
20619     870  3317  3747   885
20620    1152  3317  3747  1153
20621    1152  2483  3747  3317
20622     885  3317  3747  2483
20623    3361  3981  3362  2663
20624    2677  2676   591   500
20625    2593  2907  4063  2651
20626    2633  4093  1917  1916
20627    1931  3425  1932  3427
20628     435   884  1769   871
20629     435   434  1769   884
20630    3582  2484  3367  2775
20631     871  2663  3367   435
20632    3582   435  3367  2663
20633    1769   435  3367   434
20634    3582   434  3367   435
20635    1769   434  3367  2775
20636    3582  2775  3367   434
20637    2444  1577  1130   615
20638    4145  3981  3629  2292
20639    3662  2161  1911  2160
20640    2132  3332  2131  2130
20641    1918  2814  1932  4115
20642    2402   869  2664  3416
20643    3397   784   833  2506
20644    2779  1496  2975  1494
20645    3570  3884  3213  1223
20646     833   784  2253  2506
20647    3981   884  3629   435
20648    3396  1390  3754  1221
20649    3396  1221  3754  3755
20650    1221  1222  3754  3755
20651    3570  3396  3754  3755
20652    2347  3918  1801  1803
20653    1496  2780  1494  2779
20654     919   893  1737  1736
20655    3538  1931  3539  1932
20656    3990  1737  1738  1736
20657    1737  1736  3990   919
20658    2217  3990  3886  1738
20659    2070   305  3755  2625
20660    1736  2780  1738   917
20661     586  2204   656  1607
20662     590  2907  3176  2651
20663    1186  2550  4063   590
20664    1769    48  3362  2484
20665    2692  2625  2071  3486
20666    3990  1736  2217   919
20667    1738  1736  2217  3990
20668    1933  3807  1520  2690
20669    1738  2780  3886   917
20670    2779  2780  3886  1738
20671    2779  2780  3610  3886
20672    3416  3362  2664  2402
20673    3361  2484  3362   885
20674     307   306   165   937
20675     435  3840  3629  4154
20676    2292  3981  3629  1014
20677    2401   870  2402  3747
20678     501  2676  4063   590
20679     590  2793  3176  1186
20680    1186  2907  3176   590
20681    4154  3840  3629  1014
20682     435  3581  3629  3981
20683    4154  3581  3629   435
20684    3656   684  2002  3354
20685    2158  2651  3176  2907
20686    3755  2625  1967  2070
20687    1014  3981  3629  3581
20688    1014  3581  3629  4154
20689    4011  3417  3153  4145
20690     435  3840  3417  3629
20691    1014  3840  3417  2019
20692     833   898  2253   784
20693     435  3159  3153  2019
20694    3361  3362  2402  2401
20695    4011  4145  3153  3159
20696    3628  4011  3153  3159
20697     586  1607   656   559
20698    3362  2401  2664  2402
20699     871  1769  2664  3362
20700    3416  3747  2402   870
20701    3247  2148  2294  2149
20702    3417  4145  4011  3629
20703    3416   870  2402   869
20704    1186  3838  4063  2550
20705    3747  1153  2401  1152
20706    3762  3149  3659  2295
20707    1260   445  3669  3747
20708    3747  1153  2402  2401
20709    3747    47  2402  1153
20710    3416    47  2402  3747
20711     784   898  2253  2290
20712    1769    48  2664  3362
20713    1769  2519  2664    48
20714    1579  3514   703   701
20715     885    48  2664  2519
20716    3362    48  2664   885
20717    1186  2907  4063  2593
20718    4145  3159  4011   436
20719    4063  1464   589  2593
20720    4145  2159  4011  2158
20721    4011  3842   436  3722
20722    3993  3722  4011   436
20723     586  1607   559  2204
20724    3302  3656   975   361
20725    3722  3993  4011  2159
20726    3842  2159  4011  4145
20727    3842  3722  4011  2159
20728    3842  4011   436  4145
20729    1495  1496  1911  2160
20730    3176   590  3628  4011
20731    1801  2347   837  3918
20732    4011  2158  3628  3176
20733    3176  2651  3483   590
20734     436  2651  3483  2577
20735    4011  2159  3628  2158
20736    1181  1182    98    97
20737    4011  3159  3628   436
20738    3993  2159  3628  4011
20739     436  3993  3628  4011
20740    2627  3838  4063  1186
20741    1186  2593  4063  2627
20742    4063  2593   591  2676
20743    2676  2549   591   500
20744    3132   989   245   305
20745    2593  1305   591  2676
20746     560  2204   559  1607
20747    1489  2549   591  2676
20748    1305  1307   591  2676
20749    1565   560  3064  1185
20750    3995  2765  3844  3662
20751    1307  1489   591  2676
20752    1305  1464   589  1307
20753    1307  1489   589   591
20754    1307  1464   589  1489
20755     500  2549   589  1541
20756     591  2549   589   500
20757    1098  1464   589   500
20758     500  1541   589  1098
20759    2549  1489   589  1541
20760     591  1489   589  2549
20761    1098  1489   589  1464
20762    1541  1489   589  1098
20763    3946  3115  1382  1445
20764    1931  3189  1932  3425
20765    3134  1519  2765  1521
20766    3844   988  1911  1495
20767    3419  1521  2765  3420
20768    3133  4121  3844  3135
20769     939   305   307   245
20770     437  1445  1382  3115
20771    2692  3486  2071  2162
20772    3396  3194  3570  3885
20773     436  3993  3483  3628
20774     656    89  1607  1608
20775    3486  2161  2071  2162
20776     165   939   938   989
20777    2625   245  3755   246
20778    3884  3194  3570   306
20779    3194  3193  3195  4070
20780     244  4121   246   245
20781    1495  1494  1911  1496
20782    3419  1496  3662  3134
20783    3135  3419  3133  3420
20784    1967  2625  2071  2070
20785    3132  1390  3131  1222
20786     307   305  2070   306
20787    3132   989  2070  1222
20788    3132   305  2070   989
20789     939   305  2070   307
20790    1931  3427  1932  4115
20791     937   939   938   165
20792    1521  1519  2765  1520
20793     307   939  1539   937
20794    1565   560  2098  2099
20795    3134  1521  2765  3419
20796      88   708  2098  2204
20797     245   305   938   939
20798    3133  3135  3844  3995
20799    2281    89  1607   560
20800      89  2281  1607  3652
20801     584   583  3000   306
20802     560   583   559   561
20803    1185  3001  1565  1901
20804     561   583   559   586
20805    1154  4040  1801  1803
20806     584   306  1539   937
20807    3000   306  1539   584
20808     658  1069  1539   937
20809     658  3569  1539  1069
20810    3627   584   867  3570
20811    3570   307  3627   306
20812    3396  3570  3627  3755
20813    2204  1607  1565  3001
20814     560  1607  1565  2204
20815    2281  1607  1565   560
20816    3001  2281  1607  1565
20817    2281  3001  1607   814
20818     583   585   658   561
20819    3000   658   656   583
20820    3000   583   656   586
20821     937   586   656   559
20822    3000   560   559  1539
20823    1539   586   559  3000
20824    1539   937   559   586
20825     560   937   559  1539
20826    1607    89   559   560
20827     658  3214   657   656
20828    3569   585   658  1539
20829    1183  3482  3064  1185
20830     559   560  3064  2099
20831    1565  1185  3064  3001
20832    1565  3001  3064  2099
20833    3482  2655  3064  1185
20834    3482  2099  3064  2655
20835    3002  2099  3064  3001
20836    3002  3001  3064  1185
20837    2655  2650  3064  1185
20838    2655  2099  3064  2650
20839    3002  1185  3064   163
20840     163  2099  3064  3002
20841    1185  2650  3064   708
20842    2099   708  3064  2650
20843     163  3098  3064  2099
20844    1185  3098  3064   163
20845    3098   708  3064  2099
20846    1185   708  3064  3098
20847    2099   708  2098    88
20848    3011  2295  1303  1129
20849    1565  2099  2098  3001
20850    1565  3001  2098  2204
20851      88  2204  2098   163
20852     163  2099  2098    88
20853    3002  3001  2098  2099
20854    2204  3001  2098  3002
20855    3002  2099  2098   163
20856     163  2204  2098  3002
20857    3189  2780  3610  2779
20858    3189  2779  3610  2975
20859    2446  3063  2445  1988
20860    3132   305  3755  2070
20861    1222  3132  3755  2070
20862    3571  3214   585  3213
20863    3425  3189  2466  1931
20864    3133  2162  3844  4121
20865    3396  3885  3570  3884
20866    3396   989  3627  3570
20867    1221  3396  1967  3755
20868    3569  1069  3571  1539
20869    3488  2289  2943  2004
20870    3571  3246  3570  1223
20871    1539  1069  3571   937
20872    1069  2282  3571  1067
20873    1069  1067  3571  3246
20874    3627   584  1967   867
20875     656   561   585   586
20876    2282  3246  3571  1067
20877    3609  3246  3571  2282
20878    3609  3569  3571  3914
20879    3246  3914  3571  3569
20880    3609  3221  3571  3246
20881    3914  3221  3571  3609
20882    3914  3246  3571  3221
20883    3570   939  3627   307
20884    1222  3194  1221  3885
20885    1222   989  1221  1068
20886    3193  3194  1221  1222
20887    1222  1068  1221  3193
20888    3747  2483   886   885
20889    1221  3884  3396  1223
20890    3571  3000  3213   583
20891    3215  3813  2584  2585
20892    1539  3000  3213  3571
20893     678  1382   676  3946
20894    2690  3611  2161  2160
20895    3427  3425  4048  3620
20896    1222  3132  3754  3755
20897    1221  1390  3754  1222
20898    3844  2162   988  4121
20899    1221  3885  3396  3884
20900    3755  1222  1967  1221
20901    1221  3194  3396  3885
20902     271  1304  3651   270
20903    1918  4115  1932  3427
20904     937  1539  3213  3571
20905    1221   989  3396  1068
20906    3193  3194  3396  1221
20907    1221  1068  3396  3193
20908    3194  3884  3570  3885
20909     939  3194  3570   989
20910    3755  2070  1967  1222
20911     584   306  1967  2070
20912    3627  3755  1967  3396
20913    3213   561   585  3571
20914    1068   989  3570  3194
20915    3396   989  3570  1068
20916    3193  3194  3570  3396
20917    3193  1068  3570  3194
20918    3396  1068  3570  3193
20919     245   305  3755  3132
20920    3361  3629  3152  3417
20921     245  4121  2162   305
20922    3937  2970  1255  3394
20923    2559  1302  3011  3651
20924    3807  2975  3189  3611
20925    1769   870  3318  3317
20926    3487  2942  3354  2943
20927     584  3884   867  3570
20928     586  3214   585   656
20929    3213  3570   867  3884
20930    3817   674  1345  2360
20931    3427  3425  2466  1931
20932    3425  3189  3620  2465
20933    3189   917  3610  2780
20934    2162  2070  2071   305
20935    2161  4121  2162  3486
20936    2692   244  3486  4121
20937    2559  1346   975  2558
20938     586   561   585   559
20939     657  3214   585  3571
20940     656   658   585   561
20941    3214   658   585   656
20942     657   658   585  3214
20943    3000  1539   585  3571
20944    3571   561   585   583
20945     585   583   658  3000
20946    3571   583   585  3000
20947    3000   658   585  1539
20948     585  3569   658   657
20949    3571  3569   585   657
20950    3571  1539   585  3569
20951      98  2933  3658  2027
20952    3213  3000   867   583
20953     584   583   867  3000
20954    1539  3000   867  3213
20955    1539   584   867  3000
20956    3995  3131  3844  3133
20957    3884  3213   165   867
20958     937  1539   867  3213
20959     937   584   867  1539
20960    3627   939  1967   307
20961    3396   989  1967  3627
20962    3396  1221  1967   989
20963    1221  1222  1967   989
20964    2070   989  1967  1222
20965    2690  1933  1912  1493
20966    3807  2690  3420  3419
20967    2690  2691  3486  2692
20968    2975  2779  3610  3886
20969    2975  2160  2161  3611
20970    3189  2975  3620  2779
20971    1494  3611  2690  1496
20972    3419  1521  3420  3135
20973    1346  3657  2003   153
20974    3486  4121  2162  2692
20975    2690  1494  1493  3611
20976    1496  3611  2690  2160
20977    3755  2691  2692  3754
20978    3754  1390  2692  2625
20979    3754  2625  2692  3755
20980    3189  2780  2466   917
20981    2302  1310  2721  3115
20982    3886  2780  3610   917
20983    1302  2295  3762  1304
20984    3486   244  2161  4121
20985    2160  4121  2161   244
20986     245   305  2071  2625
20987    2690  2691  2161  3486
20988    2465  4115  3620  3427
20989    2975  3611  1493  1494
20990    3662  1519  1493  1520
20991    1520  3807  4048  1519
20992    3628  2159  3483  2158
20993    2158  2159  3483  2651
20994     246  4121  2162   245
20995     436  3839  3483  3993
20996    2692  1390  2071  2625
20997    2162  1390  2071  2692
20998     245   246  2071  2162
20999     245  2625  2071   246
21000    4070  3193  3195  1068
21001    1918  1736  3013   919
21002    3629  3981  3152   884
21003    3361  3981  3152  3629
21004    3669  1260   832   837
21005    2577  3839  3483   436
21006    3628  2158  3483  3176
21007     436  3159  3483  2651
21008    3153  2651  3483  3159
21009     434   885  3152   884
21010    2775   885  3152   434
21011    2484   885  3152  2775
21012    3361   885  3152  2484
21013    2663  3981  3152  3361
21014    2663   884  3152  3981
21015    3176  2158  3483  2651
21016    1769   871  3152  3361
21017    1769   884  3152   871
21018     434   884  3152  1769
21019    1769  2775  3152   434
21020    1769  2484  3152  2775
21021    3361  2484  3152  1769
21022     871  2663  3152  3361
21023     871   884  3152  2663
21024    2292  3159  3153  4145
21025    2019  1014  3153  3417
21026    2019  3159  3153  1014
21027    1014  2292  3153  3417
21028    1014  3159  3153  2292
21029    3993  2159  3483  3628
21030    3993  3839  3483  2159
21031    2159  2577  3483  2651
21032    3839  2577  3483  2159
21033    3302  1129   683  2148
21034    2519    46  3318    47
21035     785   271   269   897
21036     785  2506  3234   269
21037      47  2347  1802  1153
21038    1800   897  1799   269
21039    3656  2002   683  3302
21040    1800   269  1799  3234
21041     836   898  1801  1803
21042     898  1803  3043  1801
21043     837   836   838  1801
21044    1313  1314  1308  3813
21045    3747   870   886  2401
21046    1154  1803  1801  3918
21047    1304   684  3012   270
21048    3656  2002  2003  3655
21049     652  3063  1479  1988
21050    2940  2945  2939  3316
21051    2822  1446  2821  1445
21052    2483  2347  1802   885
21053    1801  2347   838   837
21054    2483   885  1802   886
21055    1152  2483  1802   886
21056    3747  1152   886  2483
21057    2401  1152   886  3747
21058    1577   444   443  2443
21059    2942  3872  2559  3693
21060     836  1803  3397   898
21061    1798   898  3397  1803
21062    1259  1801   443   836
21063      47    46  3318  3317
21064     975  3302  2003  3656
21065    1801  1803  1802  2347
21066     271  3487  3354  2943
21067     886   838  1802  2401
21068    1344  2025   495  4044
21069    2002  2558  2003  1346
21070    2347   837  1260   838
21071    3817  3841  1345  4044
21072    3362  2401   886  2664
21073    2664   885   886  3362
21074    1259  2290  2253   443
21075     869   870   886   885
21076    2401   870   886   869
21077    2664   869   886   885
21078    2401   869   886  2664
21079     449   495  2027  3658
21080    1803   898  3043  1798
21081    1798   898  3043  3509
21082    3656   684  3354  2943
21083    1304   271  3651  2942
21084    3656   897  2341   785
21085     785  2506   269   784
21086     897   898   269  3043
21087    1987  2025   449  4044
21088    1182    98  3819  2149
21089     904  3841   495  4044
21090     449    98  2027  1987
21091    1800  3509  1799  1798
21092    3659  2295  1303  4105
21093    2346  3509  1800  3043
21094    3872  2558  3651  2559
21095    4044  2360  2025  3817
21096    2002  3656  2003  3302
21097    1344  2025   449  2027
21098     373  3577   374  3150
21099    1344  4044   449  2025
21100     271   270  3651  3762
21101     904   673   495   674
21102    2446  3383  2445   651
21103    3488  2004   785  2289
21104    2357  3114   469   438
21105    3354  2289  2002  2004
21106     445   444   443  1260
21107     438  2283   469  2284
21108    1302   684  3012  1304
21109     359  2443   360  1577
21110     785  2004   269  2289
21111    3354   684  2002   271
21112    3746  2443   360   359
21113     897  3656   269   785
21114     785  3488  2341  3656
21115    3509  1798  1800  3043
21116     785   271  2341  3488
21117     897   271  2341   785
21118     270   271  3012  2341
21119     270   684  3012   271
21120      97  2933    98  1181
21121    2444  2346  1130   444
21122    3043   897  1800   269
21123     869   870  3318  1769
21124    3752  3650   703  1578
21125    2346  3509  1799  1800
21126    3714   443  2259  3746
21127    3762   976  3651  2295
21128    3367  3582  3318  2519
21129    2506  3043   269   784
21130    3043  2506   269  1800
21131    3551  1739   649  3496
21132     271  3487  2002  3354
21133    2370   992  3331  3104
21134    3746  3656   360  2443
21135     832   836   831  3397
21136    3012  3656  2943   684
21137    3012   684  2943   271
21138    3012  2341  2943  3656
21139    3488  3656  2943  2341
21140    2341   271  2943  3488
21141    3012   271  2943  2341
21142    2401  1153  1802  1152
21143    3416    47  1802  2402
21144     838  2402  1802  2401
21145    3762  2295  3651  3149
21146    2943   684  3354   271
21147    2253  1259  3685  2290
21148    3487  2942  2002  3354
21149    1445  3115  2586  1444
21150    3438   206  2078  1482
21151    3354  2942  2559  2943
21152    2223  2222  1972  1971
21153    2130   650  2132  3332
21154    3354  2558  2559  2002
21155    2002  2942  2559  3354
21156    1737  2813  1314   893
21157    1738  1736  1315  2217
21158    1735   890  3105  1010
21159    3360  3215  2584  4112
21160    3674  2721  1382  3946
21161    3649  1309  1310  3114
21162    1327   177  1328   175
21163    3620  1519  3134  2465
21164    1503  3712   807   808
21165    1738  2217  1315  3886
21166    2286  2986  2287  2078
21167     372  3578  4041  1585
21168    2217  3189  1315  3610
21169    3610  3886  1315  2217
21170    4112  3215  2584  2585
21171    3165   442  3164  2370
21172    4112  4093  2584  3360
21173    1315  2217  3426  1314
21174    3360  3813  2584  3215
21175    3114  3115  1310  3649
21176    1308  3813  1310  3115
21177    3889  4043  1345   674
21178    2765  1519  3662  1520
21179     270   271   975   361
21180    1344  4044   495  3841
21181    1987    98  2027  3146
21182    4094  2632  2821  2822
21183    3150  2027  2296  4105
21184     449  3658  2027    98
21185    1304  2295  3762   270
21186    3610  3886  3425  1315
21187    1315  3189  3425  3610
21188     652  3384  2287  1479
21189    2027  2025  4052  2026
21190    1302  1304  3651  2942
21191    3762  1304  3651  1302
21192     904  1345   495  3841
21193    1344  2027   495  2025
21194    3889  4043   673  2901
21195    1347   675   673  2901
21196    3817  3577   374  3578
21197    2027  3149  3659  3150
21198    4041  3578   374  2933
21199     674  3889   673   675
21200    3146  3149  2027  1987
21201    3046  1739   482  1370
21202    2027  2025  1987  4052
21203    2943  2004  3655  3488
21204    1799  2346   685  3509
21205    3578  1182  3146   374
21206    3150  3577   374  3817
21207    1370  3496  3103   649
21208    1349  1322    96  1323
21209    1181  3577    97  3817
21210    1181   373    97  3577
21211    3523  3522   440  1158
21212    1345  4044  2025  3817
21213      97  1322    96   969
21214     971  1585    97  1181
21215    1585    96   971    97
21216    1349   675    96   971
21217    1347   675    96  1349
21218     372   373    97  1181
21219     372  1585    97   373
21220    1181  1585    97   372
21221    3541   675    96  1347
21222    1370  2087   482   484
21223    1314  3990  1313  2217
21224    3889  4043  3541  2326
21225     484  4028  3497  3887
21226    2445  2985  2113  2446
21227    2621  2940  1679  2939
21228    3643   440  3352  3523
21229    2326  2360  3541  3817
21230    3150  3817  2025  2027
21231    3817  2360   673   674
21232    2901  2360   673  3817
21233    2326  4043   673   674
21234    2901  4043   673  2326
21235    2326  2360   673  2901
21236    2326   674   673  2360
21237    3541  3817    96  2326
21238    2326  3577    96   675
21239    3541  2326    96  3889
21240     675  3889    96  2326
21241    3541  3889    96   675
21242     971   675    96  3577
21243    3817  3541    96   673
21244      96  1181  3658    97
21245      97  3577    96  3817
21246    1585  3577    96   373
21247      97   373    96  3577
21248     373  3578   374  3577
21249    3149  3146  2027  4105
21250    3762  2295  3659  4105
21251    3146  3150  2296   374
21252     374   673  3817  1181
21253    2888  1182    98  3146
21254    3651  3149  3659  3762
21255    2368   580  2370   493
21256     450   449   451  1987
21257     673  1345  3658  2025
21258    3150  1182  3146  2027
21259    3693  3149  2026  3872
21260    4041  3817   374  3578
21261    1181  3817   374  4041
21262    2025   374  3817  3150
21263    2025  3150  3658   374
21264     673   374  3817  2025
21265     673  2025  3658   374
21266    1345   673  3658   674
21267    3713  1504  4031  3712
21268    2078  2986  2287  3438
21269    3149  2027  4052  2026
21270    4105  3149  3659  2027
21271    4041  1181  3146  1182
21272    1989  2987  1479  3383
21273    1988  2987  1479  1989
21274     374  1182  3146  3150
21275      96  2933    98    97
21276    1989  3383  1479   652
21277     495  2888   449  1344
21278      98  2888  3658  2933
21279    1181  2933    98  4041
21280    4041  1182    98  1181
21281    3146  1182    98  2027
21282    3578  1182    98  4041
21283    4041  2933    98  3578
21284    2027  1182    98  3150
21285    3150  2933    98  2027
21286    3578  2933    98   374
21287     374  1182    98  3578
21288    3150  1182    98   374
21289     374  2933    98  3150
21290     904  2025   495  2027
21291    3093  3660  3887  2087
21292    1987  2027   449  2025
21293    1344  3841   449  4044
21294    3495  3349  3874  3103
21295     904  2888  3658   495
21296    3165   992   441  1158
21297    1345  3841   449  1344
21298    3234  3488  2288  2943
21299    2368   491  3874   492
21300    2370  2368  3065  2369
21301     904   673  3658  2901
21302     588  1370   482   587
21303     495   449  2027  1344
21304     495  2027  3658   904
21305    2027  2025  3658   904
21306     674   673  3658   904
21307      96   673  3658  1181
21308    1181  2933  3658    97
21309    2025  4044  3658   904
21310    1345   674  3658   904
21311     673   374  3658  1181
21312      96    97  3658  2933
21313      96  2933  3658  3541
21314    4044  3841  3658   904
21315    1345  4044  3658  2025
21316     904  3841  3658  1345
21317    4041  1181  3658   374
21318    4041  2933  3658  1181
21319     374  2933  3658  4041
21320    1345  3841  3658  4044
21321    3150  2933  3658   374
21322    3150  2027  3658  2933
21323    3150  2025  3658  2027
21324     449    98  2888  3658
21325      98  1987  2888  3146
21326    2888  3149  1987  4052
21327    1400  3887   587  4028
21328     930  2368  3103  2865
21329     483   588   482   587
21330    3643   440  1400   441
21331    1158   992  3523   994
21332    1129  3011   361  3302
21333    3349   649  3103  3551
21334    1988  3537  3063  3536
21335    3103  1370   482   483
21336    3349  1558  3103  1559
21337    1408  1103  2389  2291
21338     128  3537  3383  2252
21339    1057   128  2221  2252
21340     493   580  3336  2869
21341    3495  1558  3874  3349
21342    2017  3065  2370   493
21343    3497  3496   483   587
21344    1000  1558  3874  1148
21345    2548  3537  2131  3536
21346    2149  2933  2294    98
21347    3166  2912  2369  2869
21348    3103   440  3874  2368
21349     993  3103  4028  3887
21350     483  1370  1739  3496
21351     587  3887  3497  4028
21352    3693   976   451  3651
21353    3643  3351  3352  3350
21354    2130  1158  1159   992
21355     426  4073   424  3706
21356    2130  2251  1159  3166
21357    2985  2940  2113  2939
21358    2130  3522  1159  1158
21359    3166  2251  3066  2369
21360    3495  1558  3349  1559
21361    1159  3166  4090  3164
21362    3551  3496  3349  4021
21363    2369  2251  3066  3065
21364    1502  1157  2083  1155
21365    3352   994  3874   993
21366    3495  1559  3349   649
21367    3495  3551  3349  4021
21368    3495  4021  3349  3496
21369    2866  3551  3349  3495
21370    2866   649  3349  3551
21371    3495   649  3349  2866
21372    2370   493  3065  2368
21373    3103  3349  3874  1558
21374    3065  2017  2370   992
21375    2017   491  2368  2016
21376     582   491  2368  2017
21377    3352  3523  3874   994
21378     492  2865  3874  2368
21379    3165  1158   441  3522
21380    2865  1558  3874  2018
21381    1159  3383  4090   651
21382     580   493  2368   491
21383    3165  3522   441   442
21384     580   491  2368   582
21385    3065   992  2370  3164
21386    3523   992   440  3104
21387    3352  2370  3874  3165
21388    1400  3497  4028   587
21389     493  2912  3065  2251
21390     493  2869  3065  2912
21391    1400   221  4028  3093
21392     582   493  2370   580
21393     582   580  2370  2368
21394    3166  3065  2370  3164
21395    3065  2251  3066   493
21396    3165  1158  2370   992
21397    3522  1158  2370  3165
21398    3522   992  2370  1158
21399     582  2017  2370   493
21400    2368  2017  2370   582
21401    2016  2017  2370  2368
21402    1990  3164  4090  3166
21403    3165   992  2370  3104
21404    1314  2217  1313  1315
21405    3185  1817   844  4046
21406    2865  2018  3874  3495
21407    3887   994  4028   993
21408    1400  1000  3352  1148
21409    3887  1400   587  1370
21410    3165  2368  3874   441
21411    3352  1148  3874  3351
21412    1400   993  4028   994
21413    3643  3103  1400   993
21414    3523   440  4028  1400
21415    3712  1480   528   552
21416    3165   441  3352  3643
21417    1400  1558  3352  1739
21418    1400   994  4028  3523
21419    3351  1739  1400  1000
21420    3643   993  1400   994
21421    3643   994  1400  3523
21422     484  1400  3497  4028
21423    2865   581  3874  1558
21424    1400  3103  4028   993
21425     587  3887  1370  3497
21426    2710   127  2717  3537
21427    3887  3523  4028   994
21428    1400  3093  4028  2087
21429    2369  2251  3065  2912
21430    3887  2087  4028  3093
21431    1000  1148  1400  3351
21432    3352   993  3874  3103
21433     587  1739  1400  3351
21434    1400  1148  3352  3351
21435    1408  1414   903  2291
21436    3352  3165  3874   441
21437    1558   649  3103  1559
21438    1370  1739  1400   587
21439    1370  1558  1400  1739
21440     492  1558  3874   581
21441    3103  3352  1558  3874
21442     492   491  3874  1558
21443    2368  1558  3874   491
21444    1400  3352  3103  3643
21445    3643  3523  3352   994
21446    3166  2251  2369  2912
21447    1400  1370  3103  1558
21448    1400  1558  3103  3352
21449     993  3103  3352  3643
21450    3643   994  3352   993
21451     551  2944  4046  1817
21452    1370  1400  3103  3887
21453    2370  3165  3166  3164
21454    3164  3537  3166  3536
21455     929  3104  3331   992
21456    3332  3336  2548  2130
21457    1480  2400  1915  3547
21458     492   581   930  2016
21459    1503  1884   526  1883
21460    2369  3065  3066  2716
21461    3332  3522   928   442
21462    3065  3166  2370  2369
21463     483  3046   482   588
21464    1989  3536  3383  3537
21465     444  3509  2444  2346
21466    2132  2446  2445   650
21467     551   527  4046  2944
21468    1252  2945  1350  1724
21469    2709  3063  1679  2987
21470    1988  3536  1990  1989
21471    2130   651  1159   650
21472     451  3693  1986   976
21473     651  2252  3383  3537
21474    2944   551  1678  2945
21475    1314  1737  1313  3990
21476    2222  2716  2252  2717
21477    3746  2289   685  1131
21478     807   808   205   207
21479    3693  3149  1986  2026
21480    2398  3547   526   527
21481    3104   929  3331   928
21482    1678  3316  1251  2986
21483    2710   127   126  2709
21484    2939  2945  1678  3316
21485    1503   527   526  2944
21486    1480  3547   526   552
21487    2940  3063  2939  1988
21488    1678  2945   844  3185
21489    1479  3384  2287  2987
21490    2939  2986  1678   842
21491    1884   807  1502  1503
21492    2940  2987  3316  2986
21493    1482  1503  1502  2944
21494    2940  2987  2287  3384
21495    1057   127  2221   128
21496    2717  3537  2252  2222
21497    3739  1182  3819  3146
21498    2223  2716  2222  2717
21499     128  2717  2252  2716
21500     128  3537  2252  2717
21501    2223  2912  2222  2251
21502    1502  1155  2083  1883
21503    3063  1988  2446  2112
21504    2717  3537  2222  2223
21505    2621  2987  1679  2940
21506     128  2716  2252  3066
21507    3397   833   831   832
21508    3332   992   928  1158
21509    3383  2112  2446  1989
21510    2446  2621  2113  2445
21511    2445   652  2113  2985
21512    3166  3536  1990  3164
21513     615  4040  2518    46
21514    3063  3537  1989   127
21515    1988  3537  1989  3063
21516    1989  3063  1971  1988
21517     929  3332  2548   928
21518    4140  1816  1058  1350
21519     929  3164   928   442
21520    2368  3165   930   441
21521    1253  2939  2113  2621
21522    3383  1989  2445   652
21523     651  3537  3383  3536
21524     843   842  3185  1816
21525    1057   127   983  2710
21526    2900  2985  1058  1251
21527    1479   652   983  3063
21528    3185   842   844  1678
21529    2709   842   843  1679
21530    2446  1988  2445  1989
21531    3166  2869  3336  2912
21532    3166  2912  3336  2251
21533    2865  3495   930  2018
21534    1989  1988  2445   652
21535    2369  2869  3336  3166
21536    3065  2869  3336  2369
21537    1989  3537  3383   127
21538     128   127  3383  3537
21539    1346  3657   975  2558
21540    2130   992  3332  1158
21541    3332  3164   928  3166
21542    3103  3495   930  2865
21543    2130  1158  3332  3522
21544    2130  3522  3332   442
21545    2130   442  3332  3164
21546    3166  3336  3332  2130
21547    3685  1260  3686  3669
21548    2130  3164  3332  3166
21549    2017  2016   929  3336
21550     492  2016   930   491
21551    2368   491   930  2016
21552    1884  2399   205   807
21553    2017   493   929  3065
21554    3383  3536  1990   651
21555    3164  3522   929   992
21556    3164  3536  1990   442
21557    3336   580   929   582
21558     582   493   929  2017
21559    3336   582   929  2017
21560    3065   992   929  2017
21561     152   976   494   154
21562     992  3065   929  3164
21563     650   651  1990  3536
21564    3336   493   929   580
21565    3065   493   929  3336
21566    3332  3104  3331   928
21567    3166  3164   929  3065
21568    1989  3536  1990  3383
21569    3331   992   930   929
21570    2369  3065   929  3336
21571    2369  3166   929  3065
21572    3336  3166   929  2369
21573     450   153   154   152
21574    2717  3166  1990  3066
21575     929  3336  2548  3332
21576    1987  4052  1986   451
21577    3166  3537  1990  3536
21578    2717  3537  1990  3166
21579    3104  3165  3331  2370
21580    2149  3146  3819  1182
21581    4052  2026  1986   451
21582    3165  3104  3331   441
21583    3523   994  3331   993
21584    3104   994  3331  3523
21585    3104   993  3331   994
21586     440  3104  3331  3523
21587     441  3104  3331   440
21588    1346  3651   152   153
21589    2148  1129   361  3302
21590    2559  3657   975  2942
21591    3247  2148  3819  3739
21592    3247  2148   361  3302
21593    3331   440   930   441
21594     440  2368   930   441
21595    2865  2016   930   581
21596     440  3103   930  2368
21597    2865   581   930   492
21598    3523   440   930  3331
21599    3523   993   930   440
21600    3331   993   930  3523
21601    3103   993   930  3331
21602    3331  3349   930  3103
21603    2558  3693  1986  2559
21604     154   976   494  2888
21605     449  1344   154   450
21606    3043   784  3746   898
21607     809  3649  2533  3650
21608    2940  2986  2287  2987
21609    1986  2558  1346  3693
21610    2559  2942   975  1302
21611    3011  3651  1129  1346
21612    2987  1988  1479  3063
21613    3651  2558  1346  2559
21614    3651  3872  1346  2558
21615    1890  2133  3929  2533
21616    2558  3872  1346  3693
21617    1129  3011  3819  3739
21618    1346  1986   153   451
21619    3762  2295  3247   976
21620    1129  3011   975   361
21621    1346  3693   153  1986
21622    3762   976  3247  3651
21623    2621  2709  1479   126
21624     271  2942   975  3487
21625    3656  3488  3655   785
21626    1988  1989  1479   652
21627    1302  2942   975  1304
21628    1304  2942   975   271
21629    1346  3872   153  3693
21630    3651  3872   153  1346
21631    2443  3746   685  1131
21632    3651  3872   152   153
21633    3651   976   152  3872
21634     153   451   152   450
21635     976   450   152   451
21636    3693  3872   152   976
21637     153  3872   152  3693
21638     153  1986   152   451
21639     976   451   152  1986
21640    1986  3693   152   976
21641     153  3693   152  1986
21642    2888   450   976  2149
21643    3011  3762  1129  3651
21644     361  3302   360   359
21645    3011  2295  1129  3762
21646    3247   976  1303  3739
21647    3739  4105  1303  2296
21648    1129  2148  1303  3739
21649    2148  3247  1303  3739
21650    1129  2295  2148  3762
21651    3247  3762  2148  2295
21652    3651  3762  2148  3247
21653    1129  3762  2148  3651
21654    3247   152  3651   976
21655     152  1129   975  3247
21656     152  3247  3651  1129
21657    3659  3149  1303  2295
21658    3739  3149  1303  3659
21659    3658  2888  2294  2933
21660    3659  4105  1303  3739
21661    2149  2888  2294   976
21662      98  2888  2294  1182
21663      98  2933  2294  2888
21664    2296  3146  1303  3739
21665     976  3247  2294  2149
21666     976  2888  2294  3247
21667    3011  1302  1303  2295
21668    3739  1302  1303  3011
21669    1304  2295  1303  1302
21670    2149   451  3149   450
21671     450  3149  2149  2888
21672    2559  2558   975  3657
21673    3146  2296  3819  3739
21674    3247  2295  1303   976
21675    1303  3819   976   451
21676    1303  3651   976  2295
21677     451  3651  3149  3693
21678    3651  2295  1303  3149
21679     484  1400  4028  2087
21680    1130  2290  3714   443
21681    1131  2341   685  3012
21682    1062   205  2400   207
21683    3651   451  3149  1303
21684    3651  1303   976   451
21685    3146  1182  2294  2888
21686    2149  1182  2294  3146
21687    3146  2296  2294  2149
21688    3146  2888  2294  2296
21689    2149  2296  2294  4105
21690    2888  4105  2294  2296
21691    4105  3659  2294  2149
21692    4105  2888  2294  3659
21693    2149  3659  2294  3149
21694    2888  3149  2294  3659
21695    2149  3149  2294  2888
21696    4052  1987   154   450
21697    3739  2148  3819  1129
21698    2026  4052   154   450
21699    2149  1129  3819  2148
21700     450  2888   154  3149
21701     450  3149   154  2026
21702     449  1344   494   154
21703     449  2888   494  1344
21704    1987   449   494   154
21705    1987  2888   494   449
21706    4052  1987   494   154
21707    4052  2888   494  1987
21708    2026  4052   494   154
21709    2026  2888   494  4052
21710     154  2888   494  3149
21711    2026  3149   494  2888
21712     154  3149   494  2026
21713    2149  2296  3819  3146
21714     976  3247  3819  3739
21715    2149  3247  3819   976
21716    2149  4105  3819  2296
21717    3739  2296  3819  4105
21718    4105  3659  3819  3739
21719    2149  3659  3819  4105
21720    3819  1303   976  3739
21721    2149   451   976  3819
21722    2149   450   976   451
21723    2149  3149  3819  3659
21724    3739  3659  3819  3149
21725    1303  3149  3819   451
21726     451  2149  3149  3819
21727    1303  3739  3819  3149
21728     361  3656   360  3302
21729    3487  2942   975  3657
21730    1129   152   975  1346
21731    1129  1346   975  3011
21732     361  2148   975  1129
21733    1130  1577  3714   898
21734     361   271   975  3302
21735    3354  2004  3655  2943
21736    3656   361   360   975
21737    1302  1304   975   361
21738     361   976   975  3247
21739    2004  3746   360   359
21740     361  1304   975   270
21741     152  3657   975   153
21742     270  1304   975   271
21743    3487  3657   975   271
21744    3247   976   975   152
21745    3011  1302   361  3302
21746    1057  1253  2221  2621
21747    1302  1304   361  3302
21748    1304   270   361  3302
21749     270   271   361  3302
21750    2002  2004  3655  3354
21751    2709  2621  1253   126
21752    2548  3332  2131   928
21753    2446   650  2132  2112
21754    3247  2148   975   361
21755    3247  1129   975  2148
21756    2548  2130  2131  3332
21757    2709  3063  1479   126
21758    2709  2987  1479  3063
21759    2132   928  2131  3332
21760     651  3383  2445   652
21761    1971  2112  1972  2621
21762    2912  2869  1973  2223
21763    2112  2446  2131  2132
21764    2912  2223  1973  2251
21765     928   929  2131  2548
21766    2940  2985  2113  2987
21767    2548  1973  2131  3537
21768    2251  2223  1973  3066
21769    2446   651  2445   650
21770    2717  2223  1973  3537
21771    3066  2223  1973  2716
21772    2717  2716  1973  2223
21773    2223  2131  3537  2132
21774    2132  1990  2131  3536
21775    4090   650  2132  1159
21776    2548  3536  2131  1990
21777    2132  3536  2131  3537
21778    2222  3537  2132  2223
21779     650  3537  2132  2222
21780     650  3536  2132  3537
21781    2131  2223  3537  1973
21782    1990   650  2132  4090
21783    1990  3536  2132   650
21784    1973  2869  2548  3336
21785    2130  2251  2548  1159
21786    1973  2912  2548  2869
21787    2912  3336  2548  2869
21788    1159  2251  2548  4090
21789    2251  3336  2548  2912
21790    1973  2251  2548  2912
21791    4090  2251  2548  1990
21792    2251  3066  2548  1990
21793    1973  3066  2548  2251
21794    1990  3537  2548  3536
21795    3043   898  2443  1577
21796    3066  2717  2548  1990
21797    2717  3537  2548  1990
21798    1973  3537  2548  2717
21799    1973  2717  2548  2716
21800    3066  2716  2548  2717
21801    1973  2716  2548  3066
21802    2548  1159  2131  2130
21803    2132  2130  2131  1159
21804    2548  1990  2131  4090
21805    2132  4090  2131  1990
21806    2548  4090  2131  1159
21807    2132  1159  2131  4090
21808    1302  3011   683  3302
21809    1313   894  3215   893
21810     615    46  2518  2444
21811    1131  1577  1130   685
21812    2443  1577   359  1131
21813    1799  2341   685   897
21814     444  1577  1130  2444
21815    3012  2341  1799  1800
21816    3655  2004  2259  3746
21817    3714  2290  2288  2289
21818    3655   269   360  3656
21819    4040  2346  1130   615
21820    1799  3234   685  3746
21821    3234  2290  3714  2506
21822    1579  3650   703  3514
21823    3685  2253  3686   833
21824    2401  1152  1802   886
21825    3579   870  3669  3747
21826    1885  1884  1883   702
21827    3582  3581  3318  2519
21828    2506  3043  3746  1800
21829    3043  2506  3746   784
21830     444  1803  2444  1798
21831     615  3509  2444  1798
21832     444  1798  2444  3509
21833    2945  3316  3438  1724
21834    1259   836   443  3397
21835    1724  3316  3438  2986
21836     444  2444  1260   445
21837     885   870  3318   869
21838     885  3317  3318   870
21839     885   869  3318  2664
21840    2664  2519  3318   885
21841    2483   885  3318  2519
21842    2483  3317  3318   885
21843      47  3317  3318  1153
21844      47  1153  3318  2519
21845     445   615  1260  4040
21846    2444   615  1260   445
21847    1152  2483  3318  2519
21848    1152  3317  3318  2483
21849    1152  1153  3318  3317
21850    2519  1153  3318  1152
21851     206  2399   205  1157
21852    1062  2133   469  1063
21853    3318  3317  2518   445
21854     615  2444  2518   445
21855    1259  1260  3685  3669
21856    3752  3649  1578  3114
21857     445  1154  1260  3918
21858     837  3918  1260  1154
21859     445  3918  1260  2347
21860     445  4040  1260  1154
21861     445  4040  2518   615
21862    3317  3747  2518   445
21863    3317    46  2518  3747
21864    3384   652  2447  1479
21865    4040  1154  2518    46
21866     445  1154  2518  4040
21867     445  3918  2518  1154
21868      46  1154  2518  3918
21869    3685  3397  3686   836
21870    3234  2506  2259  3746
21871    1883  1884  1156   702
21872    2398   207  2400   205
21873     445  2347  2518  3918
21874      46  3918  2518  2347
21875    3579  3747  3669   445
21876     685  1577  1130  1799
21877     443  2290  2253  1130
21878     444  2346   443  3509
21879    1801  1803   443   836
21880     444  1803   443  1801
21881     444  1798   443  1803
21882    3397  1803   443  1798
21883     444  3509   443  1798
21884    1801  2347  1802   838
21885    3579   838  3669   837
21886    1260   837  3669   838
21887     837  2402   832  3416
21888    3397   898   833   784
21889     443  3397   833  1259
21890    1800  3234  1799  3746
21891    1302   684   683  3011
21892    3509  2346   833   898
21893    1577  1800  1799  2443
21894     443  2346   833  3509
21895    3011   684   683  1129
21896    3397  1798   833   898
21897    3509   898   833  1798
21898     443  3509   833  1798
21899     443  1798   833  3397
21900      47    46  1802  2347
21901    2721  2302  2720  2301
21902     894   893  1313  1314
21903    3579   838  1802  3669
21904    1578  3649  1579  3114
21905    2518  2347  1802    46
21906     445  3579  1802  3669
21907     445  2518  1802  3579
21908     445  2347  1802  2518
21909    1260   838  1802  2347
21910    1260  2347  1802   445
21911    3669  1260  1802   445
21912     838  1260  1802  3669
21913    2288  3234  2253  2290
21914    1260  1154   832   837
21915    1304  1302   683  3302
21916    1304   684   683  1302
21917     271   270   683  3302
21918     271   684   683   270
21919     270  1304   683  3302
21920     270   684   683  1304
21921     831   833  3686  2253
21922    1799  3012   685  2341
21923     832  3579   831  3669
21924    1799  2443   685  1577
21925    1799  3746   685  2443
21926    1131  3012   685   684
21927    1503  1155  4046  1817
21928    2131  2112  1971  2548
21929     869   870  3583  3416
21930    2943  3488  2288  2289
21931     443  1577  3714  1130
21932    1131   897   685  2341
21933    2002  2004  2003  3655
21934    1799   269   685  3234
21935    1799   897   685   269
21936    1131   269   685   897
21937     443   444  1130  2346
21938    1577   444  1130   443
21939    1799  1800  1130  2346
21940    1577  1800  1130  1799
21941    2664   869  3583  3416
21942     893  1737  1313  1314
21943    3043  1800  1130  1577
21944    3043  2346  1130  1800
21945    3043   898  1130  2346
21946    1577   898  1130  3043
21947    3746  1577   898  3714
21948    3746  2443   359  1131
21949    2290   898  3714   784
21950     683   684   359  1131
21951    3714  2289  2288  2259
21952    3234  2290  2288  3714
21953    1130   898  3714  2290
21954    3655  3656   360  3746
21955    1816  2945  2078  3438
21956    1131   684   359  3012
21957    3746  2289   359  2004
21958    1131  2289   359  3746
21959    3012  2341   359  1131
21960    3685   833  3686  3397
21961     269  2289   359  1131
21962     269  2004   359  2289
21963    3746  1577  3714   443
21964    1131   897   359   269
21965    2341   897   359  1131
21966     683  3302   360  3656
21967     359  3302   360   683
21968    3655  2004   360   269
21969     359   269   360  2004
21970     269   897   360  3656
21971     359   897   360   269
21972     683   684   360   359
21973     683  3656   360   684
21974    2341   897   360   359
21975    2341  3656   360   897
21976    3012   684   360  3656
21977     359   684   360  3012
21978    3012  2341   360   359
21979    3012  3656   360  2341
21980    3354  2943  2288  2289
21981    2290   784  3714  2506
21982    3714  2506  2259  3234
21983    3714   784  2259  2506
21984    3746  2506  2259   784
21985    3714   898  2259   784
21986    3746   898  2259  3714
21987    3746   784  2259   898
21988    2259  3234  2288  3714
21989    3416   870  3583  3747
21990     831  3416  3583   832
21991     269   785  2288  3234
21992     269  2289  2288   785
21993    3746  3234  2288  2259
21994    2259  2289  2288  3746
21995     831  3579  3686  3669
21996    3579  3747  3583   870
21997    3579   870  3583   869
21998    3685  2290  3686  2253
21999     685  2289  2288   269
22000     685   269  2288  3234
22001    3746  2289  2288   685
22002     685  3234  2288  3746
22003     271  2002  2003  3302
22004     975  3657  2003   271
22005     975   271  2003  3302
22006    2558  2002  2003  2559
22007    2559  3657  2003  2558
22008     271  3487  2003  2002
22009     271  3657  2003  3487
22010    2559  2942  2003  3657
22011    2002  2942  2003  2559
22012    3487  2942  2003  2002
22013    3487  3657  2003  2942
22014     832  3669   831  1260
22015     832  1801   831   836
22016    2948  3650   469  2283
22017    1260  1154   831   832
22018    1260  4040   831  1154
22019    1801  1154   831  4040
22020     832  1154   831  1801
22021    1130  2346  2253   443
22022    1130   898  2253  2346
22023    2290   898  2253  1130
22024    3685  3669  3686  3579
22025     831  3669  3686  1260
22026     832  3416  3583   837
22027     832   837  3583  3579
22028     838   837  3583  3416
22029    3579   837  3583   838
22030    3416  3747  3583    47
22031      46    47  3583  3747
22032    2518  3747  3583  3579
22033    2518    46  3583  3747
22034    1802   838  3583  3416
22035    3579   838  3583  1802
22036    2518  3579  3583  1802
22037    1802    46  3583  2518
22038    1802    47  3583    46
22039    3416    47  3583  1802
22040    3397  1259  3685   833
22041    1259  1801  3685  2444
22042     437  3512  1382  3674
22043    1259  3397  3685   836
22044    1259   836  3685  1801
22045     831   836  3686  3397
22046    2444  1260  3686  3685
22047    2444   615  3686  1260
22048    1260  4040  3686   831
22049    1260   615  3686  4040
22050    3685   836  3686  1801
22051     831  1801  3686   836
22052    2444  1801  3686   615
22053    3685  1801  3686  2444
22054     831  4040  3686  1801
22055     615  1801  3686  4040
22056    3512  3115  2721  1310
22057    1735  1010  3105  3106
22058    2631  3813  2632  2586
22059     551  2944  2083  2945
22060    1313   893  3215  1737
22061    1309  1445  3114  1446
22062     701  1890  1885   702
22063    3649   809  2533  3114
22064    1816  3438  2078  1482
22065    1309  3650   703  3752
22066     807   808  2083  1502
22067    2945  3316  2083  2286
22068    3114  1445  1310  3115
22069     809  3650  3277  3649
22070    1062  2399  2400   205
22071     807   808  3277   809
22072    2286   206  2078  1157
22073    1479  2987  2287  2986
22074     807   808  1156   702
22075    1446  1445  3114  2948
22076    2985  1724  2447  1886
22077    2948  2285  3114  1446
22078    1309  1430  2302  3752
22079    1309  1446  3114  2285
22080    3329  1074   176  4129
22081    3649  3650  1310  1309
22082    2447  3438  2078  3384
22083    2284  2283   469   703
22084    1884   807  1156   702
22085    2631  4112  2632  2720
22086    1314  3813  1313  2585
22087    2586  3813  1308  3115
22088    2586  3115  1308  1444
22089    1884   807  1885  3277
22090     207  3547  2400  1156
22091    1308  3813  3215  1313
22092     437  3674  1382  4094
22093    1313  3813  3215  2585
22094    1310  1308  1428  1309
22095    3215   894  1429   893
22096    1429   894   892   893
22097    1309  3650  3752  3649
22098    1310  3115  1428  1308
22099    3215   893  1429  1737
22100    1308  3115  1428  1444
22101    1428  1309  1430  1310
22102     701  2357   469  1890
22103     701  1890   469   677
22104     438  3114   469  2948
22105    1310  3115  1430  1428
22106    1216  1215  2730  3225
22107    1429  1430   892  1428
22108    1074  1066   176  1254
22109    1429  1428   892  1308
22110    1429  1308   892  3813
22111    3114  2285  3752  1309
22112    1251   842  1252  1678
22113    2721  3752  1578  3512
22114     677   703   469   701
22115    3650   809   703  2533
22116    3514  1890   701  1579
22117    3752  3650  1578  3649
22118    2533  2283   703  3650
22119    3277  1890   701   809
22120    1578  3650  1579  3649
22121    2357  1890   701  3514
22122     701   702  1885   703
22123    1254  1066   176  1064
22124    3360  3366  2820  2633
22125     469   438   439  2357
22126     438  2133   469  1915
22127    1062  2400   469  1915
22128     678  2284   676  2283
22129    2358  3514   439  1579
22130     892  1308  2301  3813
22131     437  1446  1382  1445
22132    2533   809   701  1890
22133     703  3277  1885   701
22134    1161  4129  3329  2969
22135    1252  1724  1350  1482
22136    2285  3946   676  1382
22137     702   807  1885  1884
22138    1578  1579   703   701
22139    1157  1155   205   207
22140     206  1157   205   207
22141    3514  1890  1579  1063
22142    1578  3650   703  1579
22143    3438  3316  2078  2986
22144     848  2336  1328  1011
22145    1890   809  1063  2533
22146    2533  2133  1063  1890
22147     438  1381   439  3514
22148     678   677   676  2284
22149    2940  2987  2447  2985
22150    2910  2779  1912  2780
22151    1063  1890  2357  3514
22152    1817  1351  1350  1816
22153    3514  3649  2357  3114
22154    3514  3650  2357  3649
22155     843  1816  3185  4140
22156     702   808  1885   807
22157     205  2399  2400  2398
22158    2446  2985  2447  2445
22159     207  2398  2400  3547
22160    1155  1817  2399  4046
22161    3514  2357   703   701
22162    3514  3650   703  2357
22163    4094  2586  2632  3813
22164    1063  1890  1885  3277
22165     702  1890  1885  1063
22166    3438  3384  2447  1724
22167    1063  2357   469  1062
22168    3712   552   528  4031
22169    2398  2399  4046   527
22170    2286  2986  2078  3316
22171    1883   527   526  1503
22172    2945  1503  1502  3316
22173    3438  2986  2287  1724
22174    1155   527  1883  1503
22175     526  1480   528   527
22176    2286  1482  2078   206
22177    2286  3316  2078  2945
22178    1157  1155  2078  2286
22179    1157  1155   207  1156
22180     437  1446   439  2285
22181     702  1890  1156   701
22182    1504  1503  1502   808
22183    1724  1886  1482  1252
22184    1973  2223  1971  2131
22185    3438  1157  2078   206
22186    1724  3438  1482   206
22187    1252  1886  1482  1251
22188    1503   206  1351  1482
22189    2398  3547  4046  1817
22190     807  2399   205   808
22191    1155  3438  2078  1883
22192    4046   527   844  3185
22193    1816  1482  1350  1724
22194    3514  1063  1062  2357
22195    1883  1884  2078  2286
22196    1884   807   205   207
22197    1157  2399   205  1155
22198    3438  1155  1157  1724
22199    1817  2398  1351  2399
22200    1971  2710  1972  3063
22201    1251  1252  1058  2900
22202    1817  1503  1351  2944
22203    1503   527  4046  1155
22204    1724  3438   206  1157
22205    4046  1817   844   551
22206    1816  1724  1350  2945
22207    1156  1155   207  1883
22208    1883  1884   207  1156
22209     807   808  1502  1503
22210     807   808   207  1156
22211    1884   807   207  1156
22212    1883  1155   205  2399
22213     207  1155   205  1883
22214    1883  1884   205   207
22215    1883  2399   205  1884
22216    1156  1063  1062   207
22217    4140  3384   843  1251
22218     702  1063  1062  1156
22219    1155   527  4046  2399
22220    1971   128  1972   127
22221    2533  2133  1062  1063
22222    1350  1816   843  4140
22223    1885  1063  1062   702
22224     809  2533  1062  1063
22225    3277  1063  1062  1885
22226    3277   809  1062  1063
22227     206  1157  1886  1724
22228    1254  1064   176  4067
22229     702  1885  2400  1062
22230    1156   702  2400  1062
22231     809  2533  2400  1062
22232     809  3802  2400  2533
22233    3929  2133   469   438
22234    1885  3277  2400  1062
22235    3713  3802  3929  2133
22236    3277   809  2400  1062
22237    3277  3802  2400   809
22238     983  2900  1058  1057
22239    1817  2944  1351   551
22240     551  2944  1351  1482
22241    2621   652  2113  2445
22242    3316  2945  1886  1724
22243    1817  2399  4046  2398
22244    1724  2986  1886  3316
22245    1350   842   843  1816
22246    1503  2944  4046   527
22247    2939  2940  2113  2621
22248    2944  3712   552  1503
22249    1817  2399  1351   206
22250    1251  1886  1482   206
22251    1678  2986  1251   842
22252    1408  2389  1414  2291
22253    3316  2945  1251  1886
22254    3316  1678  1251  2945
22255    1886  2986  1251  3316
22256    1886  2945  1252  1724
22257    1251  2945  1252  1886
22258    1157  2399  1817   206
22259    1816  1351  1350  1482
22260    2990  2989  1216  1215
22261    1503  1157  1817   206
22262    1503  1155  1817  1157
22263    2813  2585  2815  1314
22264    2133  3802  3929  2533
22265    4046   527  1480  3547
22266    1480   527   526  3547
22267    1155  1883  2078  2286
22268     552   807   526  1503
22269    1482  1724  1816  3438
22270    1724  2945  1816  3438
22271     677  2533  3929  3802
22272    1678  2945  1350  1252
22273    1816  2945  1350  1678
22274    1251  1252  2900  1253
22275    1816  1678  1350   842
22276    1252   842  1350  1678
22277    2533  3802  2284  2283
22278    1214  1421  1216  1215
22279    4046   551   844   527
22280    3929  1890   469  2133
22281    2400  3547  1480  1156
22282    2083  2986  2287  2286
22283    3384  2940  2447  2939
22284     126  2709  2900  1253
22285    3063  2445   983  1057
22286    3329   177  1291   175
22287    3277   808  1504   809
22288     808  3277  1504  1885
22289    1883  1155  2083  2286
22290    1057  2252  2221  2222
22291    2286   807  2083  1884
22292    1502  1884  2083   807
22293    1502  3316  2083  2945
22294    1502  1883  2083  1884
22295    1502  2986  2083  3316
22296    2548  1973  1971  2131
22297    2286  3316  2083  2986
22298    1252  1350  1058  2900
22299     843   842   844  3185
22300     526   527   844   551
22301    2132  2112  1971  2131
22302    2131  2223  1971  2132
22303    1679  2939  2900  1253
22304    1972  2252  2221   128
22305    2132  2223  1971  2222
22306    2132   650  1971  2112
22307    2222   650  1971  2132
22308    1480  3712  1504  3547
22309    2222  2252  1971   650
22310     809  3802  1504  3277
22311     651  2112  1971   650
22312     650  2252  1971   651
22313    2252   128  1971  3383
22314     651  2252  1971  3383
22315    3383  2112  1971   651
22316     128   127  1971  3383
22317    3063   127  1971  2710
22318    1989  2112  1971  3383
22319    3383   127  1971  1989
22320    3063  1989  1971   127
22321    3063  2112  1971  1988
22322    1988  2112  1971  1989
22323     152  1129  3651  1346
22324    1971  2621  2113  2112
22325    1679  2621  1253  2709
22326    1886  1724  2113  2985
22327    1251  2985  2113  1253
22328    2939  2621  1253  1679
22329    2446  2112  2113  2621
22330    1886  2985  2113  1251
22331    1971  2222  1972  2252
22332    4140  1350  1058  1252
22333    2939  3384   843  4140
22334     126  2709   843  4140
22335    1253  2985  2900  1251
22336    1253  2939  2900  2985
22337    2940  2987  2113  2621
22338    1479   652  2113  2621
22339    2985   652  2113  1479
22340    1479  2621  2113  2987
22341    1479  2987  2113  2985
22342    1971  3063  1972  2112
22343    2446  2112  1972  3063
22344    1971   127  1972  2710
22345    3712  1503  1504   808
22346    2286  1155  2083  1157
22347     809   808  1504  2533
22348    2445  2221  2621  1057
22349    1057  2252   983   128
22350    4140   126  1058   983
22351    3063  2710   983   126
22352    1251  2985  1058  2447
22353    1057  2710   983  3063
22354    1479  3063   983   126
22355    2709  1679  1058  2900
22356    2447  3384  1058  1251
22357    4140  2709  1058   126
22358    2445   652   983  2621
22359    1253  2621   983   126
22360    1057  1253   983  2900
22361    1057  2900  2221  1253
22362    1972  2621  2221  1253
22363    2223  2222  2221  1972
22364    2939   842   843  2986
22365    1252  1350   843  4140
22366    1252   842   843  1350
22367    1251  1252   843  4140
22368    1251   842   843  1252
22369    1251  2986   843   842
22370     437  1381   439   438
22371    3114  1381   438  3514
22372    4140  1679  1058  2709
22373    1679  2939  1058  2900
22374    4140  2939  1058  1679
22375    2985  2939  1058  2447
22376    2900  2939  1058  2985
22377    2939  3384  1058  2447
22378    4140  3384  1058  2939
22379    1972   128  2221   127
22380    1057  2445  2221  3063
22381    2221  2445  2621  2446
22382    2446  3063  2221  2445
22383    1057  3063  2221  2710
22384    1972  2710  2221  3063
22385    1057  2710  2221   127
22386    1972   127  2221  2710
22387    1816  1817  3185  4046
22388     702   808  1504  1885
22389    3547  1156  1504  1480
22390    2398  3547  1504  3712
22391    1156   808  1504   702
22392    1156  3547  1504   207
22393     207   808  1504  1156
22394     207  3547  1504  2398
22395    2398  3712  1504  2399
22396     808  2399  1504  3712
22397     205   207  1504  2398
22398     808   207  1504   205
22399     205  2398  1504  2399
22400     205  2399  1504   808
22401    1482   206  1502  1503
22402    2078  3384  2287  2286
22403    1157  1155  1502  1503
22404     206  1157  1502  1503
22405    1502   206  2083  1157
22406    2286  1157  2083   206
22407    1502  1482  2083   206
22408    2286   206  2083  1482
22409    1482  2944  2083   551
22410    1502  2944  2083  1482
22411    1502  2944  2945  2083
22412    2944  1502  2945  1503
22413    1886  1724  2287  2986
22414    3384  1724  2287  1886
22415    2939  2940  2287  3384
22416    2986  2940  2287  2939
22417    1251  1886  2287  2986
22418    3384  1886  2287  1251
22419     843  2939  2287  3384
22420    2986  2939  2287   843
22421     843  1251  2287  2986
22422    3384  1251  2287   843
22423    2284  2533   677  3802
22424    3547  3712   552  1480
22425    2944   551   526   552
22426    3713  4031   677  2284
22427    3712  2399   552   807
22428    4031   552   528   526
22429    1351  1817  3185  1816
22430     676  2285  2822  3946
22431    3712   552  4031  3713
22432    2398  3712   552  3547
22433     526   552   528  1480
22434    1816   842  3185  1678
22435    1894  2197   889  1764
22436    2398  2399   552  3712
22437    2400  3277  3713  3802
22438    3512  3514  2358  1579
22439    1504  3802  3713  3277
22440    3713  2283  2284  3802
22441     702  1885  4031  2400
22442    1504  1885  4031   702
22443    3713  2400  4031  3277
22444    1885  3277  4031  2400
22445    1504  3277  4031  1885
22446    3713  3277  4031  1504
22447    2398   527   526  2399
22448     807  2399   526  1884
22449     552  2399   526   807
22450    1883  2399   526   527
22451    1884  2399   526  1883
22452    1890  2533   677   701
22453    4031  1504   528  3712
22454    1480  3712   528  1504
22455    3329  1066   176  1074
22456     438  2284   469   677
22457     702  1504   528  4031
22458    4031  2400   528   702
22459    1156  1480   528  1504
22460    1504   702   528  1156
22461    1156  2400   528  1480
22462    1156   702   528  2400
22463    2283  2948   676   678
22464     703  2533  2284  2283
22465     176  2970  1255  3329
22466    2631  2720  2632  3813
22467    1816  1482  3185  1351
22468    1678  2945  3185  1816
22469    1482  1816  3185  2078
22470    1816  2945  3185  2078
22471    2285  2283   676  2284
22472    1678   551   844  2945
22473    1351  1817   844  3185
22474    1351   551   844  1817
22475    1351  1482   844   551
22476    3185  1482   844  1351
22477    2083  2286   844  2945
22478    2083  2945   844   551
22479    2078  2945   844  2286
22480    3185  2945   844  2078
22481    3185  2078   844  1482
22482    2286  1482   844  2078
22483    1482  2286   844  2083
22484    2083   551   844  1482
22485    2284   703   677  2533
22486     701  2533   677   703
22487     677  3802  3929  3713
22488    3713  4031  3929   677
22489    3713  2133  3929  4031
22490    1480  3547  1915  2133
22491    1381  2284   438   677
22492    2533  3802  1915  2133
22493    2400  3802  1915  2533
22494     528  1480  1915  2133
22495    2400  1480  1915   528
22496    3713  2133  1915  3802
22497    3713  3802  1915  2400
22498    4031  2400  1915   528
22499     528  2133  1915  4031
22500    3713  2400  1915  4031
22501    4031  2133  1915  3713
22502    3514  3512  2358  2357
22503    3512  2721  3511  2720
22504    2358   437  3674  3512
22505    4048  1519  3134  3620
22506    1255  3329  1291   175
22507    2632  2631  2633  4093
22508    3937   890  3105  1290
22509    1327  3394  1255  2970
22510    4094  3674  1382  3946
22511    1932  1918  3013  2910
22512    1734  1733  3868  2316
22513    2316  2014  3868  2179
22514    2358  3512  3674  3511
22515    3620  3189  4048  2975
22516    3360  2813  2820  3366
22517    1578  3512  2358  1579
22518    3512  2721  3674  3511
22519    4093  4112  2632  2631
22520    3752  3512  2358  1578
22521    3512  3752  2358  1309
22522    3512  1309  2358  1310
22523     437  3512  2358  3115
22524    1310  3115  2358  3512
22525    2633  3510  1917  4093
22526     703  2283   469  3650
22527     703  3650   469  2357
22528    3114  3649   469  2948
22529    2357  3649   469  3114
22530    3649  3650   469  2948
22531    2357  3650   469  3649
22532    2285  1446   439  1309
22533     437  1445   439  1446
22534    1578  3752   439  2358
22535    1578  2285   439  3752
22536    1309  1446   439  1445
22537    2358  3752   439  1309
22538    2285  1309   439  3752
22539     437  3115   439  1445
22540    2358  3115   439   437
22541    1310  1309   439  1445
22542    2358  1309   439  1310
22543    1310  3115   439  2358
22544    1310  1445   439  3115
22545    2301  1430  2720  1428
22546     437  2358  3674   439
22547    2585  3813  2584  2586
22548    2585  2823  2584  2815
22549    2301  1428  2720  1308
22550    2301  1308  2720  3813
22551    3512  3115  1382  2721
22552    2721  2302  3511  2720
22553    1382  1381   678   437
22554    2720  1430  3511  1428
22555    2302  1430  3511  2720
22556    2813   894  3366  1314
22557    3360  2813  2584  2815
22558    2632  3946  2822  4094
22559    3105   890  1328  1011
22560    2720  1428  3511  1308
22561    2720  1308  3511  3813
22562    3674  1444  4094  2586
22563    3512  2721  1382  3674
22564    3329   175   176   177
22565    3511  1430  3674  1428
22566    2302  1430  3674  3511
22567    1254  2969   176  4129
22568    2285  3946  1382  1446
22569     437  3115  1382  3512
22570    3946  1445  1382  1446
22571    1308  1444  3674  2586
22572    3511  1428  3674  1308
22573    1444  1308  3674  1428
22574    1366  1327  1328  1329
22575    1735   890  1010   848
22576    1011   177  1328  3106
22577    3511  1308  3674  3813
22578    2586  3813  3674  1308
22579    1733  1215  1734  1216
22580    3868  2989  4022  2990
22581    2690  2691  3420  2161
22582    1933  1931  1520  2466
22583    3674  3511  4112  3510
22584    4094  3511  4112  3674
22585    1520  2690  1493  1933
22586    2720  3511  4112  4094
22587    2720  3510  4112  3511
22588    4093  4094  2632  4112
22589    2720  2301  4112  3510
22590    3845  3225  1734  2730
22591     892  3510  4112  2301
22592    1382  3946  2632  4094
22593    1429  3510  4112   892
22594    1918  3538  3539  1932
22595    1429  3215  4112  3510
22596    3360  1444  2584  2586
22597    3215  1313  4112  3510
22598    2585  1313  4112  3215
22599    1314  2585  4112  4093
22600    4093  3510  4112  1314
22601    1313  1314  4112  3510
22602    2585  1314  4112  1313
22603    2301  3813  2631   892
22604    2720  3813  2631  2301
22605    1445  3115  2822  3946
22606    2815  2813  2584  2585
22607    2336  1366  1328  2335
22608    3102   175  1255  3937
22609     677  1381   678  3929
22610    2585  1314  2633  4093
22611    3937   175  1255  1290
22612    1314  3510  2633  4093
22613     176   175  1255  1254
22614    2585  1314  3366  2633
22615    2585  2813  3366  1314
22616    3135  1521  3420  2691
22617    2990  2989  4022  1216
22618     437  1381   678   439
22619    2284  2283   678  1381
22620    1446  3946  2822  2285
22621    3366  2633  2584  2585
22622    2948  1381   678  2283
22623    1579  1578   678   439
22624     439  1381   678  3514
22625     439  3514   678  1579
22626    3366  2813  2584  3360
22627    1381  2948   678  3114
22628    3114  1578   678  1579
22629    4094  1444  2821  2632
22630    3514  3114   678  1579
22631    3514  1381   678  3114
22632    3530  1327  1255  3102
22633    1894  3845  1214  1215
22634     439   437   676   678
22635     439  2285   676   437
22636    3106   177  1291  3329
22637    3106  1290  1291   177
22638    3114  2948   676  2285
22639     678  2948   676  3114
22640     439  1578   676  2285
22641     678  1578   676   439
22642    3114  1578   676   678
22643    1578  2285  3114   676
22644    2285  1578  3114  3752
22645    4094  3946  2822  3674
22646    2302  3115  2822  1430
22647    2302  1430  2822  3674
22648    2721  3946  2822  3115
22649    2721  3115  2822  2302
22650    2721  2302  2822  3674
22651    3674  3946  2822  2721
22652    1254  2970  1255   176
22653    3329   175  1255   176
22654    3102  1327  1255   175
22655    1010   175  1011   177
22656    1329  3225  3868  2316
22657    2571  2335  3742  2570
22658    1216  1215  1734  2730
22659    1444  3115  2821  1445
22660    2730  1734  4022  3868
22661    3671  2970  1255  1254
22662    1216  2707  1733  1215
22663    2730  1734  3868  2316
22664    3844  2765  1911  3662
22665    1214  1764   889  3742
22666     848  1032  3742  2168
22667    2168  2198  3742   848
22668     848  1164  3742  2886
22669    2886  1032  3742   848
22670    2886  1164  3742  2570
22671    2570  1032  3742  2886
22672    2168  1032  3742  2570
22673    2570  2198  3742  2168
22674    1215  2707  1733  3845
22675    3995   989   988  3195
22676    1290   177  3106  3937
22677    2571  2335  1735  3742
22678     175   177  1291  1290
22679    1161  1074  1291  3329
22680    2570  2571  1735  3742
22681    1255   175  1328  1011
22682    2465  2780  2466  3189
22683    1255  2970  1328  1327
22684    2336  1327  1328  1366
22685    1011  1366  1328  3225
22686    1255  1327  1328   175
22687    1011   175  1328   177
22688    1074  1290  1291  1066
22689    1033  3937  3106   177
22690    2169  3937  3106  1033
22691    1074  1066  1291  3329
22692    1327  2169  3106  1033
22693    1033   177  3106  1327
22694     848  2198   889  2197
22695    1421  1215  1214  3845
22696     848  1327  3105   890
22697    1216  1421  4022  2707
22698    2169  3937  3105  3106
22699    3106  1327  3105  2169
22700    3742   848  1628   890
22701    3742  2707  1628  1421
22702     848  3937  3105  2169
22703     848   890  3105  3937
22704    2169   848  1327  3105
22705     848  2169  1327   847
22706    3558  2969  1291  1290
22707    1255  1290  1291  2970
22708    1255  2970  1291  3329
22709    3329  2969  1291  1161
22710    3558  1161  1291  2969
22711    2969  2970  1291  1290
22712    3329  2970  1291  2969
22713    1215  3845  1421  2707
22714    4115  2814  2815  2823
22715    1011  3106  1328  3105
22716     917  2780  1493  1494
22717    1916  3366  3539  2813
22718    1421  2707  1216  1215
22719    1764  3845  1214  1894
22720    3225  2335  1011  1366
22721    1628  1421  1214  3742
22722    1764  2570  1214  3845
22723    1734   349  2316  2730
22724    3742  2570  1214  1764
22725    3845  2707  1214  1421
22726    3845  2570  1214  2707
22727    2707  3742  1214  1421
22728    2707  2570  1214  3742
22729    1216  2707  4022  1733
22730    1216  3845  1329   718
22731    1329  2569  1216   718
22732    2014   718  1216  2569
22733    3845  2014  1216  1215
22734    3845   718  1216  2014
22735    3845  1216  1329  1215
22736    3742  2570   889  2198
22737    1764  2570   889  3742
22738    1764  2198   889  2570
22739    2316  1600  3868  3319
22740    1215  1329  3225  1216
22741    3135  1521  1495  3844
22742    2336  2335  1328  1011
22743     848  1327  1328  2336
22744    3845  1366  3225  1329
22745    3845  1329  3225  1215
22746    3195   989   988   246
22747    3195  3755   988  3995
22748    1916  3426  3539  1315
22749    2335  1366  3225  3845
22750    2465  3425  2466  3427
22751    1494  1519  3662  3134
22752    3106  1010  1011   177
22753    2316  2989  3868  2990
22754    1010  3106  1011  3105
22755    2571  2335  1011  1735
22756    2335  1162  1011  2336
22757    3105   890  1011  1010
22758    2571  1162  1011  2335
22759    2336  1162  1011   848
22760    2316  2990  3868  2014
22761    1010   890  1011   848
22762    2571  1164  1011  1162
22763    2570  2571  1011  1735
22764    2570  1164  1011  2571
22765    1010   848  1011  1735
22766    3742  2570  1011  1735
22767    3742  1164  1011  2570
22768     848  1162  1011  1164
22769     848  3742  1011  1735
22770     848  1164  1011  3742
22771    3807  2691  3420  2690
22772    3845  2707  1733  2570
22773    1600   349  2316   350
22774    2335  2570  1734  3742
22775    2570  3845  1734  1733
22776    2570  2335  1734  3845
22777    2989   349  2316  3319
22778    3868  3319  4022  2989
22779    2730   349  2316  3225
22780    1734  1733  4022  3868
22781    2990   349  2316  2989
22782    3225   349  2316  1329
22783    2990  2014  2316   349
22784    3868  1733  4022  2707
22785    2989  3319  4022  1216
22786    1329  2178  2316  2179
22787    2014  2179  2316  2178
22788    1329   265  2316  2178
22789     349   265  2316  1329
22790    2014  2178  2316   265
22791    2014   265  2316   349
22792    2316  2179  3868  1329
22793    3426  2217  2823  1314
22794    2730  1216  4022  1734
22795    2466  1931   918  2910
22796    3868  2990  4022  2014
22797    1216  2014  4022  2990
22798    3225  2730  4022  3868
22799    3225  1216  4022  2730
22800    1216  2569  4022  2014
22801    1329  3225  4022  3868
22802    1329  1216  4022  3225
22803    2014  2179  4022  3868
22804    2014  2569  4022  2179
22805    1329  2569  4022  1216
22806    1329  2179  4022  2569
22807    3868  2179  4022  1329
22808    3426  1314  2823  2585
22809    1314  2217  2823  3990
22810    4112  2585  2584  4093
22811    3360  2633  2584  3366
22812    3425  1315  3427  3426
22813    1519  2465  3620  1520
22814    2910  3662  1912  1933
22815     988   244  1495  3844
22816    3807  2975  4048  3189
22817    3425  3189  4048  3620
22818    3360  4093  2584  2633
22819    3426  3427  2823  4115
22820    3425  3886  3427  1315
22821    1918  1932  3539  1916
22822    3360  2586  2584  3813
22823    3366  2585  2584  2813
22824    1314  3990  2815  1737
22825    2823  3990  2815  1314
22826    3419  3135  3134  1521
22827     988   246  1495   244
22828    1429  3813  3360  3215
22829     892  3813  3360  1429
22830    4112  1429  3360  3215
22831    2822  2285  2821  1446
22832    2690  3807  1520  1519
22833     892  1429  3360  4112
22834    3674  4094  2821  2822
22835    3674  1444  2821  4094
22836    2822  3115  2821  1430
22837    1430  3674  2821  2822
22838    1428  3115  2821  1444
22839    1430  3115  2821  1428
22840    3674  1430  2821  1428
22841    3674  1428  2821  1444
22842    3360  2633  2820  4093
22843    2631  4093  2820  2633
22844    3360  2586  2820  1444
22845    2631  1444  2820  2586
22846    4112  4093  2820  2631
22847    3360  4093  2820  4112
22848    3360  3813  2820  2586
22849    2631  2586  2820  3813
22850     892  4112  2820  2631
22851    3360  4112  2820   892
22852    3360   892  2820  3813
22853    2631  3813  2820   892
22854    2160  1496  3662  3419
22855    2466  1519  1520  2465
22856    2910  1933  1912  2690
22857    2815  2813  3538  2814
22858    2465  4115  2466  2814
22859    1916  2813  3539  2815
22860    3427  3425  3620  2465
22861    1519  1521  3134  3135
22862    3189  2780  3620  2465
22863    1916  2633  3539  3366
22864    2814  2823  3538  2815
22865    1315  1736  3538   919
22866    2814  1736  3538  1315
22867    2814  3426  3538  2823
22868    2814  1315  3538  3426
22869    3652  1069   165  2281
22870    3995  3133  3195  3131
22871    3189  2779  3620  2780
22872    2692  2691  3131  1390
22873    2466  2465  1520  1933
22874    2162  1390  3844  2071
22875    1931  3538  2466  2814
22876    1390  3131  3195  4070
22877    1520  1519  4048  3620
22878    1520  1933  3662  2765
22879    3486  2161  1911  3662
22880    1495  3486  1911  2692
22881    1494  2779  1493  2975
22882    1493  1933  1912  3662
22883     246   245  3195   989
22884    1493   917  1912  2780
22885    3995  3131  3195  1390
22886    2161  2160  3662  3420
22887    1918  3189  3013  3610
22888    1494  2780  1493  2779
22889    1493  2780  1912  2779
22890    3419  3134  3662  2765
22891    3620  3419  3134  4048
22892    2910  1932   918  3013
22893    3001   164   165  3002
22894    3844  3995   988  3755
22895    3844   989   988  3995
22896     939  3194   165   307
22897    3001  3002   165   937
22898    2281   814   165  3001
22899    3133  3135  3195  4070
22900    3133  3419  3131  3420
22901    2692  4121  3135   244
22902    1519  2690  1493  1520
22903    3420  3419  4048  3807
22904    3419  3135  3133  3134
22905    2690  2160  3419  1496
22906    1917  2217  3129  3990
22907    1918  1738  3013  1736
22908    3419  2690  3420  2160
22909    2161  2160  3420  2690
22910    3662  1494  1493  1519
22911    1519  1494  1493  2690
22912    1933  1520  4048  3620
22913    1933  3807  4048  1520
22914    2703  3366  1917   894
22915    3419  1496  3134  2690
22916    3420  1390  3131  2691
22917    4048  3807  3134  1519
22918    3419  3807  3134  4048
22919    2690  1494  3134  1519
22920    2690  1496  3134  1494
22921    3807  2690  3134  1519
22922    3419  2690  3134  3807
22923    3420  2691  3133  3135
22924    3995   989  3195  1068
22925     939   989   165  3194
22926    3135  2691  3133  2692
22927    4121  2692  3133  2162
22928    3135  2692  3133  4121
22929    2162  2692  3131  1390
22930    3133  2692  3131  2162
22931    3132  3885  4070  3194
22932    3132  1068  4070   989
22933    3133  3132  4070  3131
22934    3132   989  4070   245
22935    3131  3132  4070  1390
22936    3755  3132  4070   245
22937    3754  1390  4070  3132
22938    3995  1521  3195  3135
22939    3995  1068  3195  3193
22940    3754  3132  4070  3755
22941    3002   164   165   163
22942    3844  4121   988   244
22943    1931  2814  1932  3538
22944    4115  2814  1932  1931
22945    1918  3425  1932  3189
22946    3662  1496  1911  1494
22947     244  4121   988   246
22948    3538  3426  3539  2823
22949    1918  3427  1932  3425
22950    3013  1918  3836  3129
22951    3755  3754  3195  4070
22952    3995  3754  3195  3755
22953    3755   245  3195   246
22954    4070   245  3195  3755
22955    3995  1390  3195  3754
22956    4070  3754  3195  1390
22957     306   584   165   937
22958     307  3194   165   306
22959    1069  3193   165  1068
22960    3194  3193   165  1069
22961    3194  1068   165  3193
22962    1565  2281   165  3001
22963    1565  3001   165   937
22964    2281    89   165  3652
22965    3652    89   165  1069
22966     937   584   165   867
22967    3884   584   165   306
22968     306  3194   165  3884
22969    1565   560   165  2281
22970     937   560   165  1565
22971     560    89   165  2281
22972     867   584   165  3884
22973    3213   937   165   867
22974    3885  1069   165  3884
22975    3885  3194   165  1069
22976    3884  3194   165  3885
22977     560   937   165   559
22978     559    89   165   560
22979     656  1608   165    89
22980    1069   658   165   937
22981    1069  1608   165   658
22982    1069    89   165  1294
22983    1608  1294   165    89
22984    1069  1294   165  1608
22985    1069  1223   165  3884
22986    3571   937   165  3213
22987    3571  1069   165   937
22988    3213  3884   165  1223
22989     559   937   165   656
22990     656    89   165   559
22991     656   658   165  1608
22992     937   658   165   656
22993    3213  1223   165  3571
22994    3571  1223   165  3246
22995    1069  3246   165  1223
22996    3571  3246   165  1069
22997    1912  3662  1911  1493
22998    2070   305   938   989
22999    2691  1521  2765  2692
23000    3420  2160  3662  3419
23001    2691  3420  3662  2765
23002    2691  2161  3662  3420
23003    2691  3486  3662  2161
23004    3662  1494  1911  1493
23005    2691  2692  3662  3486
23006    2765  2692  3662  2691
23007     988   989   938   246
23008    3754  1390  3844  3995
23009    3754  2625  3844  1390
23010    3754  3755  3844  2625
23011    3995  3755  3844  3754
23012    3844  3755   988  2625
23013     246  2625   988  3755
23014    2071  2162   988  3844
23015    2071   246   988  2162
23016    2625  2071   988  3844
23017    2625   246   988  2071
23018     939   305   938  2070
23019    2070   989   938  1967
23020    1967   939   938  2070
23021    3627   939   938  1967
23022    1967   989   938  3627
23023    3570   939   938  3627
23024    3570   989   938   939
23025    3627   989   938  3570
23026    1495  2160  1911  2161
23027    3610  3886  3013  1918
23028    1912  1493   918   917
23029    1916  2823  3539  3426
23030    2815  2813  3539  3538
23031    3538  1736  1918   919
23032    1933  1931  2910  1932
23033    2466  2780  2910   917
23034    2910  2780  1912   917
23035    3538  2814  1918  1736
23036    4115  1738  1918  1736
23037    2910  2690  1912  3611
23038    4115  1736  1918  2814
23039    4115  3886  1918  1738
23040    4115  3427  1918  3886
23041    3610  3886  1918  3425
23042    3427  3425  1918  3886
23043    3425  3189  1918  3610
23044    2466  1931  2910  1933
23045    2466  2465  2910  2780
23046    1933  2465  2910  2466
23047    3620  2779  2910  2780
23048    3539  1315  3129  1916
23049    2465  1933  2910  3620
23050    3620  2780  2910  2465
23051    3620  2975  2910  2779
23052    3620  1933  2910  4048
23053    4048  2975  2910  3620
23054    3807  3611  2910  2975
23055    1737   893  3129  1917
23056    1916  1918  3129  3539
23057    4048  3807  2910  2975
23058    1933  3807  2910  4048
23059    2690  3807  2910  1933
23060    2690  3611  2910  3807
23061    1918  3886  3013  1738
23062    1493  3611  1912  2690
23063    2910  2975  1912  2779
23064    1493  2779  1912  2975
23065    2910  3611  1912  2975
23066    1493  2975  1912  3611
23067    3013  1738   918  1736
23068    1494  1496  1495   244
23069     917   919   918  1736
23070     893   894  3129  1917
23071    1917  3990  3129  1737
23072    4093  3510  1917  4112
23073    1917  1916  3129  1315
23074    1912   917   918  2910
23075    1917  3510  3129  4112
23076    2910  1931   918  1932
23077    2910   917   918  2466
23078    1917  2703  3129  3510
23079     917  1736   918  1738
23080    3013  3886   918  1738
23081    3844   244  1495  3135
23082    2765  1521  1495  2692
23083     893   894  3836  3129
23084    2692   244  1495  3486
23085    3486   244  1495  2161
23086    3135  2692  1495  1521
23087     244  2692  1495  3135
23088    1495  2161  1911  3486
23089    1917  1918  3129  1916
23090    2720  3510  2703  2301
23091    1912  2910   918  3013
23092    2301   892  2703   894
23093    3510   892  2703  2301
23094    1314  3510  2703  2633
23095    1917   894  3129  2703
23096    1429   894  2703   892
23097     892  3510  2703  1429
23098    1314   894  2703  1313
23099    1313  3510  2703  1314
23100    3366   894  2703  1314
23101    3366  1314  2703  2633
23102    3215   894  2703  1429
23103    1429  3510  2703  3215
23104    1313   894  2703  3215
23105    3215  3510  2703  1313
23106    2703  2633  1917  3366
23107    1916  3366  1917  2633
23108    3366  2813  1917   894
23109    1916  2813  1917  3366
23110     894  2813  1917   893
23111    1737   893  1917  2813
23112    2815  2813  1917  1916
23113    2815  1737  1917  2813
23114    2815  3990  1917  1737
23115    2815  2823  1917  3990
23116    1916  2823  1917  2815
23117    2823  2217  1917  3990
23118    2823  3426  1917  2217
23119    1916  3426  1917  2823
23120    3426  1315  1917  2217
23121    1916  1315  1917  3426
23122    3013   919  3836  1918
23123    1737   893  3836  3129
23124    1737   919  3836   893
23125    3129  1918  3836  3539
23126    3129  3990  3836  1737
23127     919  1737  3836  3990
23128    3539  1315  3836  3129
23129    1918  3538  3836  3539
23130    1918   919  3836  3538
23131    3129  2217  3836  3990
23132     919  3990  3836  2217
23133    3129  1315  3836  2217
23134     919  2217  3836  1315
23135    3538  1315  3836  3539
23136    3538   919  3836  1315
23137     917  1738   918  3886
23138    3610  3189   918   917
23139    3013  3189   918  3610
23140    3013  1932   918  3189
23141    1931  3189   918  1932
23142    3189  1931   918  2466
23143    2466   917   918  3189
23144    3610  3886   918  3013
23145    3610   917   918  3886
# Generated by F:\Spel\Programming\C++\TetGen\out\build\x64-Debug\tetgen.exe -n hose.smesh -nn -e 
